{
"type": "FeatureCollection",
"name": "perimetro",
"crs": { "type": "name", "properties": { "name": "urn:ogc:def:crs:OGC:1.3:CRS84" } },
"features": [
{ "type": "Feature", "properties": { "area": 204173556.20513001, "perimetro": 99016.913585869625 }, "geometry": { "type": "MultiPolygon", "coordinates": [ [ [ [ -58.424085023806811, -34.662072121228299 ], [ -58.42408502381425, -34.662072121232526 ], [ -58.4241301147351, -34.662095472409796 ], [ -58.424171532726987, -34.662123080663449 ], [ -58.424173071399345, -34.662124383695428 ], [ -58.424208693238469, -34.662154556394682 ], [ -58.424216126905755, -34.662168204355645 ], [ -58.424216126909201, -34.662168204361414 ], [ -58.424236659641338, -34.662199686486098 ], [ -58.424236659647029, -34.662199686493857 ], [ -58.424260918768873, -34.662229303882967 ], [ -58.424260918775474, -34.662229303890214 ], [ -58.424288658970205, -34.662256755388391 ], [ -58.424303015339923, -34.662273418093108 ], [ -58.424303015343362, -34.662273418096881 ], [ -58.424342619463275, -34.662314633450826 ], [ -58.424342619468632, -34.662314633455999 ], [ -58.424385866338611, -34.66235326741095 ], [ -58.424385866344423, -34.662353267415767 ], [ -58.424386784572668, -34.662353972613886 ], [ -58.424432512792087, -34.662389099945557 ], [ -58.424432512800081, -34.66238909995112 ], [ -58.424510451654335, -34.662438381590746 ], [ -58.424510451657248, -34.662438381592516 ], [ -58.424541272731034, -34.662456563882117 ], [ -58.424609414095521, -34.662498827545541 ], [ -58.424797590630142, -34.662615538983943 ], [ -58.424828074666422, -34.662636229726083 ], [ -58.424828074672398, -34.66263622972987 ], [ -58.424860211215268, -34.662655134385879 ], [ -58.42486021121799, -34.662655134387421 ], [ -58.424948199470336, -34.662703649106462 ], [ -58.424948199475779, -34.662703649109289 ], [ -58.424996317260295, -34.662726918890314 ], [ -58.424996317263769, -34.66272691889192 ], [ -58.425035474705169, -34.662744301416268 ], [ -58.425089576514736, -34.662771817791025 ], [ -58.425095081147028, -34.662774617500517 ], [ -58.425151898721211, -34.662808392305536 ], [ -58.425205632961358, -34.662845451771332 ], [ -58.425406066311339, -34.662998840082459 ], [ -58.425406066311965, -34.662998840082928 ], [ -58.425772721918783, -34.663275133805321 ], [ -58.425772826546257, -34.663275340242741 ], [ -58.425772826546321, -34.663275340242862 ], [ -58.425818863686807, -34.663365777845321 ], [ -58.42581886369431, -34.663365777857408 ], [ -58.425818863703931, -34.663365777868449 ], [ -58.426066989970884, -34.663609123620517 ], [ -58.426066989975617, -34.663609123624859 ], [ -58.426208371808862, -34.663730801578168 ], [ -58.426208371824778, -34.663730801589466 ], [ -58.426208581231379, -34.663730923343905 ], [ -58.426335342059318, -34.66380477493275 ], [ -58.426336178397918, -34.663805685602235 ], [ -58.426609424560404, -34.664102981097784 ], [ -58.426609424578011, -34.664102981112897 ], [ -58.426609424599377, -34.664102981124245 ], [ -58.426610085595463, -34.664103248141373 ], [ -58.426727749510448, -34.664150716729395 ], [ -58.426728549785054, -34.664151773403461 ], [ -58.426848911036934, -34.66431054735056 ], [ -58.426848911051117, -34.664310547365488 ], [ -58.426947014216729, -34.664394051988879 ], [ -58.427396831844398, -34.664876816110805 ], [ -58.427873122027222, -34.665455646177072 ], [ -58.428181795358597, -34.665892188664202 ], [ -58.428181795370989, -34.665892188678356 ], [ -58.42818179538645, -34.665892188690272 ], [ -58.428181795404399, -34.665892188699516 ], [ -58.428181795424159, -34.665892188705705 ], [ -58.428181795445006, -34.665892188708632 ], [ -58.428181795466138, -34.665892188708185 ], [ -58.42818246644169, -34.665892120394105 ], [ -58.42826705949502, -34.665883458726356 ], [ -58.428268299267032, -34.665884940058646 ], [ -58.428382070785894, -34.666020898506311 ], [ -58.428411759808057, -34.666056377591374 ], [ -58.428411759810018, -34.666056377593641 ], [ -58.428444431116908, -34.666092956345892 ], [ -58.428523416608762, -34.666181388546271 ], [ -58.428526101330021, -34.666184394620466 ], [ -58.428587906939953, -34.666258250541226 ], [ -58.428587906940166, -34.666258250541475 ], [ -58.428607226190877, -34.666281173553415 ], [ -58.428607226191069, -34.666281173553642 ], [ -58.42860735159141, -34.666281321420769 ], [ -58.428607390846807, -34.666281368305171 ], [ -58.428607390846999, -34.666281368305398 ], [ -58.428645697888228, -34.666326819406905 ], [ -58.42875812977536, -34.666460218891302 ], [ -58.428779044576466, -34.666526767973586 ], [ -58.428779044586285, -34.6665267679941 ], [ -58.428983861422161, -34.666836874758239 ], [ -58.428983861424754, -34.666836874761955 ], [ -58.429128109391719, -34.667032483923606 ], [ -58.429128109407714, -34.667032483940432 ], [ -58.429246419458359, -34.667130302261747 ], [ -58.430085117341946, -34.668041086327925 ], [ -58.430096818465991, -34.668054342979588 ], [ -58.430116249103094, -34.668076352644562 ], [ -58.430669950556847, -34.668741753348307 ], [ -58.430738469885014, -34.668840152693086 ], [ -58.430738469890784, -34.668840152700511 ], [ -58.431477842348599, -34.6696959629151 ], [ -58.431477842348869, -34.669695962915412 ], [ -58.432326410477543, -34.670669380998959 ], [ -58.432464256559598, -34.670838486561991 ], [ -58.432628681948557, -34.671040195511679 ], [ -58.432632979785446, -34.671045468049471 ], [ -58.43266701570726, -34.671087220989833 ], [ -58.43267925163444, -34.671102232571201 ], [ -58.432903025935779, -34.671376746842213 ], [ -58.43308716094414, -34.671602634130174 ], [ -58.433124540980216, -34.671648489191398 ], [ -58.433219113440259, -34.671764504426967 ], [ -58.433219113444871, -34.671764504432218 ], [ -58.433355556074581, -34.671908316802373 ], [ -58.4334422464241, -34.671999689834323 ], [ -58.433447691979865, -34.672005428653556 ], [ -58.433512299250069, -34.672073525379957 ], [ -58.433514721559327, -34.672076077866123 ], [ -58.43362218109025, -34.672205402566135 ], [ -58.433622181090698, -34.672205402566668 ], [ -58.433668040520985, -34.672259745410422 ], [ -58.433684967628281, -34.672279803229408 ], [ -58.433720040061814, -34.672321362315358 ], [ -58.433720081503537, -34.672321412803988 ], [ -58.43372008150434, -34.672321412804948 ], [ -58.433906438544206, -34.672542242441224 ], [ -58.434075479922789, -34.672742552408138 ], [ -58.43409439104002, -34.672764961525814 ], [ -58.434544955236845, -34.67329886293544 ], [ -58.434566938887798, -34.673324911700881 ], [ -58.434650447875235, -34.673423864874998 ], [ -58.434651723894319, -34.673425408391026 ], [ -58.435163878042857, -34.674045584284599 ], [ -58.43519500356475, -34.674083274067534 ], [ -58.435243462543049, -34.674141953591906 ], [ -58.43566696019019, -34.67465476409906 ], [ -58.435689704541709, -34.674682305565966 ], [ -58.435904396956587, -34.674942272348972 ], [ -58.435904396956929, -34.674942272349384 ], [ -58.436226693719426, -34.675327918514746 ], [ -58.436298620168081, -34.675413980479277 ], [ -58.436818901699127, -34.676036514522039 ], [ -58.436819698992061, -34.676037468388209 ], [ -58.43727911943752, -34.676587171184359 ], [ -58.437336383541641, -34.676655687929667 ], [ -58.438467515626485, -34.67800906131346 ], [ -58.438625496537334, -34.678198077779783 ], [ -58.439298344138891, -34.679003092600354 ], [ -58.43929834413921, -34.679003092600738 ], [ -58.439532312885078, -34.679279894958981 ], [ -58.439615325489562, -34.679378105384231 ], [ -58.4396907900773, -34.679467384916052 ], [ -58.439746922859889, -34.67953379278012 ], [ -58.439781495270466, -34.679574693750389 ], [ -58.439784560354553, -34.679578395533341 ], [ -58.439784560357531, -34.679578395536765 ], [ -58.440489851308655, -34.680350037833172 ], [ -58.440949143180077, -34.680984491417355 ], [ -58.440949143183666, -34.680984491421981 ], [ -58.440954266738778, -34.680990678740962 ], [ -58.441943131575592, -34.682184568452691 ], [ -58.441948447267698, -34.682190986523359 ], [ -58.442052250148755, -34.682316308795059 ], [ -58.442058323998154, -34.682323641924299 ], [ -58.442058323999298, -34.682323641925663 ], [ -58.444105425002959, -34.684700313765376 ], [ -58.44416986270906, -34.684775123785116 ], [ -58.444240504905935, -34.684865512003491 ], [ -58.444240504908691, -34.684865512006866 ], [ -58.444295869594235, -34.684929788467777 ], [ -58.444348768539648, -34.684992601531405 ], [ -58.444484895599366, -34.68515424359542 ], [ -58.451243966494154, -34.693179183772749 ], [ -58.451243966494445, -34.693179183773083 ], [ -58.457977791438154, -34.701091292333381 ], [ -58.458924628862427, -34.702203655861702 ], [ -58.458924628862931, -34.702203655862299 ], [ -58.460311794661791, -34.703805214334551 ], [ -58.460340420502249, -34.703838263319014 ], [ -58.460340420512694, -34.703838263329338 ], [ -58.460427273722772, -34.703912199711617 ], [ -58.460509086615183, -34.703988012645098 ], [ -58.460510263181938, -34.703989102471688 ], [ -58.460519526175275, -34.703998454779565 ], [ -58.46058924045434, -34.7040688346015 ], [ -58.460664064742453, -34.704151254586357 ], [ -58.46066406474268, -34.704151254586606 ], [ -58.460782568516748, -34.704280863188359 ], [ -58.460897140003475, -34.70441286122346 ], [ -58.461007709343249, -34.704547167576791 ], [ -58.461007709347697, -34.704547167581815 ], [ -58.461035142850221, -34.704575988778174 ], [ -58.461047490388374, -34.704588959351135 ], [ -58.461107238425782, -34.704651728108246 ], [ -58.461715152714461, -34.705290365359701 ], [ -58.46171515272993, -34.70529036537291 ], [ -58.461715152748319, -34.70529036538327 ], [ -58.461715152768875, -34.705290365390319 ], [ -58.461715152790731, -34.705290365393793 ], [ -58.461715152812999, -34.705290365393523 ], [ -58.461715152834728, -34.705290365389523 ], [ -58.461715152855021, -34.705290365381977 ], [ -58.461715152873033, -34.705290365371177 ], [ -58.461715370082054, -34.705290204923585 ], [ -58.461744127896161, -34.705268933896214 ], [ -58.46175185791359, -34.705263216371364 ], [ -58.461751897207499, -34.70526318752696 ], [ -58.461751897208615, -34.705263187526128 ], [ -58.461841353389097, -34.705195665146448 ], [ -58.461872710006986, -34.705171996377345 ], [ -58.462103967786923, -34.704997436925083 ], [ -58.462195325868521, -34.704928477458694 ], [ -58.462381797393306, -34.704787724323225 ], [ -58.462381833412351, -34.704787697281382 ], [ -58.462381833412564, -34.704787697281219 ], [ -58.464128552848138, -34.703469187395363 ], [ -58.466577765239997, -34.701620288714253 ], [ -58.471993804939444, -34.697531279011457 ], [ -58.472534092538261, -34.697123335929049 ], [ -58.474064439738328, -34.695967816100833 ], [ -58.482162597108953, -34.689852274097277 ], [ -58.482162597110047, -34.689852274096445 ], [ -58.482162633115557, -34.689852246147602 ], [ -58.48278985467757, -34.689378525473572 ], [ -58.483354163256138, -34.688952318873859 ], [ -58.483358367165074, -34.688949147024466 ], [ -58.483371054177617, -34.688939589096705 ], [ -58.484002160638795, -34.688464142487128 ], [ -58.484260418717291, -34.688269581429488 ], [ -58.484763535378676, -34.687890548588605 ], [ -58.485554297455309, -34.687294801395879 ], [ -58.485672405807037, -34.687205819672783 ], [ -58.486553919440432, -34.686541682730734 ], [ -58.487098598696214, -34.686131310028451 ], [ -58.487394580895895, -34.685908308030918 ], [ -58.488799056138298, -34.684850108894466 ], [ -58.490059984587703, -34.683900027489081 ], [ -58.491450862482942, -34.682851991788667 ], [ -58.491533216649032, -34.682789935893837 ], [ -58.493257650253121, -34.681490501107724 ], [ -58.49423547371201, -34.68075364054171 ], [ -58.495022732651236, -34.680160367808277 ], [ -58.498743879393707, -34.67735595801701 ], [ -58.499015684518852, -34.677151102459042 ], [ -58.502484473229906, -34.674536583623279 ], [ -58.502524082947701, -34.674506727860255 ], [ -58.502524082947787, -34.674506727860177 ], [ -58.502524082947907, -34.674506727860106 ], [ -58.50261419380719, -34.674438465600822 ], [ -58.508273114323792, -34.670151274090024 ], [ -58.508742294901857, -34.66979579145071 ], [ -58.50892140331807, -34.66966008548652 ], [ -58.511206108200888, -34.667928962030949 ], [ -58.511985641086291, -34.667338283149689 ], [ -58.511985670529711, -34.66733826150449 ], [ -58.511985670530933, -34.667338261503588 ], [ -58.512216995767801, -34.667162975808878 ], [ -58.513244614512544, -34.666384287783799 ], [ -58.51802979125528, -34.662757966679052 ], [ -58.518340200309765, -34.662522713190484 ], [ -58.518364293329832, -34.662504449599155 ], [ -58.518386504350829, -34.662487620100094 ], [ -58.518755594116492, -34.662207890338941 ], [ -58.519914206142339, -34.661329771768266 ], [ -58.523041824945203, -34.65895918478958 ], [ -58.523042062627482, -34.658959004390375 ], [ -58.524770972092718, -34.657648479351096 ], [ -58.524771018973624, -34.65764844417248 ], [ -58.524771018974015, -34.657648444172175 ], [ -58.525770512499697, -34.656890792784104 ], [ -58.525770512499953, -34.656890792783912 ], [ -58.52577094641051, -34.65689046174289 ], [ -58.525879771356429, -34.656808325899277 ], [ -58.528789729251365, -34.654611877163184 ], [ -58.529149454235984, -34.654340342441301 ], [ -58.529166784634782, -34.65432726257535 ], [ -58.529205828974362, -34.654297790473862 ], [ -58.529205828974554, -34.654297790473713 ], [ -58.529205855138493, -34.654297770628467 ], [ -58.529205855152654, -34.654297770615386 ], [ -58.529205855163497, -34.654297770600309 ], [ -58.529205855170595, -34.654297770583788 ], [ -58.529205855173686, -34.654297770566444 ], [ -58.529206856201363, -34.654280799100505 ], [ -58.52920792070713, -34.654262716156509 ], [ -58.529210480329382, -34.654219330609301 ], [ -58.529849054890256, -34.643395161165408 ], [ -58.530079419198891, -34.639489684282289 ], [ -58.530082768789612, -34.639432894117327 ], [ -58.530097165620091, -34.639188791684163 ], [ -58.530267950117988, -34.636293110707989 ], [ -58.53028868624218, -34.63594151518744 ], [ -58.530295397773294, -34.635827722939531 ], [ -58.530304126608343, -34.635679725314972 ], [ -58.530316247725494, -34.635474207306757 ], [ -58.530327865243372, -34.63527719984512 ], [ -58.530353279907395, -34.634846286897776 ], [ -58.530356331089934, -34.634794524049113 ], [ -58.530356331089934, -34.634794524049113 ], [ -58.530371318084882, -34.634540403624968 ], [ -58.53038190143851, -34.634360932865768 ], [ -58.530392491211401, -34.634181363842465 ], [ -58.530392904548869, -34.634174612901994 ], [ -58.530407709309827, -34.633932814019531 ], [ -58.53042606606347, -34.633633001562671 ], [ -58.530445171847944, -34.633320955541862 ], [ -58.530787650692488, -34.627727147832985 ], [ -58.530799348275167, -34.627536073166034 ], [ -58.530799876657412, -34.627527383202604 ], [ -58.530800196287025, -34.627522148490534 ], [ -58.53080019628711, -34.627522148488573 ], [ -58.530800197352725, -34.627522117840691 ], [ -58.531516114811424, -34.615493279388247 ], [ -58.531516114810302, -34.61549327937017 ], [ -58.53151611480483, -34.615493279352627 ], [ -58.531071534921544, -34.614496001324888 ], [ -58.529466490640061, -34.610895360075581 ], [ -58.529466490639614, -34.610895360074821 ], [ -58.529466490639372, -34.610895360074082 ], [ -58.527831634638325, -34.607419512119201 ], [ -58.52782844490465, -34.607412731513399 ], [ -58.527779291824018, -34.607308222390706 ], [ -58.527333679767537, -34.60636075505105 ], [ -58.526775707942143, -34.605174352360358 ], [ -58.526234464810642, -34.604023487616153 ], [ -58.526231715376611, -34.604017641511838 ], [ -58.525767942236691, -34.60303147473897 ], [ -58.524868875567911, -34.601119629899564 ], [ -58.523675159747071, -34.598581071173747 ], [ -58.523283872434916, -34.597748924806091 ], [ -58.522625668906052, -34.596349085580492 ], [ -58.521766840988285, -34.594522492392237 ], [ -58.520953682463563, -34.592792948911885 ], [ -58.520051087160262, -34.590873089296444 ], [ -58.519511967253294, -34.589726311340939 ], [ -58.519511967253216, -34.589726311340769 ], [ -58.51888985210676, -34.588411096969132 ], [ -58.518652166849414, -34.587897333785889 ], [ -58.518652166849201, -34.587897333785442 ], [ -58.518122838713381, -34.586771297259773 ], [ -58.516977730903186, -34.584335204546782 ], [ -58.515656698156214, -34.581524658803886 ], [ -58.515656698156022, -34.581524658803474 ], [ -58.515576860817568, -34.581357157763442 ], [ -58.51553457634158, -34.581268446790723 ], [ -58.51553457634158, -34.581268446790723 ], [ -58.515395044860902, -34.580975706413604 ], [ -58.513822701824907, -34.577676713190762 ], [ -58.512709806572609, -34.57534153205566 ], [ -58.511051098776889, -34.571860819929675 ], [ -58.510333098592263, -34.570354036822344 ], [ -58.510316991711356, -34.570319693259052 ], [ -58.51031687606249, -34.570319447214061 ], [ -58.510293655689004, -34.570269938080123 ], [ -58.509919841164297, -34.569375139436971 ], [ -58.509877978635664, -34.56927493206814 ], [ -58.509874101732393, -34.569265650652845 ], [ -58.509874101730915, -34.569265650649534 ], [ -58.50981081639523, -34.569131456814411 ], [ -58.509395712100172, -34.568251232868931 ], [ -58.506364436605566, -34.561822832887522 ], [ -58.504942502141034, -34.5588069794983 ], [ -58.504453025478114, -34.557768769152673 ], [ -58.503954662222739, -34.556711680998141 ], [ -58.503575315036855, -34.555907019134011 ], [ -58.502920555755104, -34.554518123995258 ], [ -58.502129256943448, -34.552839526579405 ], [ -58.501878628728683, -34.552307850995597 ], [ -58.501725852605809, -34.551983752332561 ], [ -58.501496770798276, -34.551497772487906 ], [ -58.501309928614539, -34.551101395563762 ], [ -58.500995632901031, -34.55043462611453 ], [ -58.500842416527789, -34.550109577173998 ], [ -58.500672885480007, -34.549749913604124 ], [ -58.500550875674172, -34.549491063830125 ], [ -58.500550478739648, -34.54949022201567 ], [ -58.500550478731071, -34.549490222001381 ], [ -58.500550478719596, -34.549490221988563 ], [ -58.500550478705563, -34.549490221977628 ], [ -58.500550478689433, -34.549490221968902 ], [ -58.500550366454107, -34.549490172424498 ], [ -58.500521090478294, -34.549477253044628 ], [ -58.498280791972114, -34.548488582479123 ], [ -58.497511711814681, -34.548149163162059 ], [ -58.497511317369316, -34.548148989296543 ], [ -58.49644873967798, -34.547680028497062 ], [ -58.496448344147339, -34.547679853727011 ], [ -58.495932252204142, -34.547452075127843 ], [ -58.495931856675654, -34.547451900356101 ], [ -58.495091195736009, -34.547080866269432 ], [ -58.495086766510504, -34.547078911318813 ], [ -58.495014624099397, -34.547047069925647 ], [ -58.495012366449259, -34.547046073530097 ], [ -58.495010194877487, -34.547045114972242 ], [ -58.495007937227449, -34.547044118576622 ], [ -58.495002628699069, -34.547041775334812 ], [ -58.494998199477713, -34.547039820380981 ], [ -58.494978483180148, -34.54703111858246 ], [ -58.494974053959929, -34.547029163627748 ], [ -58.494911925042835, -34.547001741992759 ], [ -58.494907495825714, -34.54699978703561 ], [ -58.49481010649199, -34.546956802262372 ], [ -58.494805677279622, -34.546954847301507 ], [ -58.494301249641147, -34.546732205936031 ], [ -58.494293350104563, -34.546728719405941 ], [ -58.493421514435234, -34.546343906025214 ], [ -58.493399023302985, -34.546333978709697 ], [ -58.492999828929698, -34.546157776499768 ], [ -58.492977336807833, -34.546147848205067 ], [ -58.492494251602714, -34.545934616806186 ], [ -58.492485904403452, -34.545930932852428 ], [ -58.492469714477799, -34.545923786574605 ], [ -58.492461381444826, -34.545920108024369 ], [ -58.491991922787179, -34.545712888423012 ], [ -58.491969430904895, -34.545702960843251 ], [ -58.491482545008651, -34.545488042444894 ], [ -58.491460054336684, -34.545478114770631 ], [ -58.490875878380642, -34.545220247851447 ], [ -58.490853386763007, -34.545210319163751 ], [ -58.490281512242241, -34.544957877731832 ], [ -58.490259020766011, -34.544947949835588 ], [ -58.489285842151617, -34.544518353271677 ], [ -58.489263350911756, -34.544508425191211 ], [ -58.488028736786667, -34.543963404207567 ], [ -58.488006246934631, -34.543953475894305 ], [ -58.487136105562605, -34.543569339149819 ], [ -58.487113614832872, -34.543559409770204 ], [ -58.486582174707181, -34.543324793181498 ], [ -58.486559684108961, -34.543314863699401 ], [ -58.485890628572761, -34.543019488542839 ], [ -58.48586813922833, -34.543009559834047 ], [ -58.485156633470893, -34.542695436009822 ], [ -58.485134143211368, -34.542685507165437 ], [ -58.484383700684624, -34.542354186471805 ], [ -58.484361211697966, -34.542344257484267 ], [ -58.483579089202237, -34.541998941667174 ], [ -58.483556599317254, -34.541989012530969 ], [ -58.482580351922309, -34.541557977312763 ], [ -58.482557863363802, -34.541548047991668 ], [ -58.481960362775091, -34.541284231461773 ], [ -58.48193787436378, -34.54127430202599 ], [ -58.481445928356663, -34.54105708793162 ], [ -58.481423438978162, -34.54104715840085 ], [ -58.480780893006745, -34.540763443658946 ], [ -58.480758404875488, -34.540753514005019 ], [ -58.479750905686089, -34.540308644300367 ], [ -58.479748591749612, -34.540307622388944 ], [ -58.479675928290746, -34.540275537593743 ], [ -58.479127103581092, -34.540033192532405 ], [ -58.479054440598873, -34.540001106464402 ], [ -58.478133969212259, -34.53959464463265 ], [ -58.478061306991989, -34.539562557971195 ], [ -58.47741475850772, -34.539277048305777 ], [ -58.477342095749947, -34.539244961214685 ], [ -58.476090188372545, -34.538692116480682 ], [ -58.476054313945639, -34.53867627396712 ], [ -58.476026028160895, -34.538663783076423 ], [ -58.476023920208462, -34.538662852117255 ], [ -58.475981652231667, -34.538644186063117 ], [ -58.475953367557878, -34.538631694254029 ], [ -58.475953367557814, -34.538631694253993 ], [ -58.475880705921028, -34.538599604486826 ], [ -58.475339572391682, -34.538360629121271 ], [ -58.475266912315405, -34.538328540790097 ], [ -58.474708692318643, -34.538082014800956 ], [ -58.474636032726458, -34.538049926092874 ], [ -58.474124921419872, -34.537824200789593 ], [ -58.474052262275592, -34.537792111732699 ], [ -58.473406318517355, -34.537506834007807 ], [ -58.47333365883506, -34.53747474362028 ], [ -58.47119738887352, -34.536531235645135 ], [ -58.471124731975465, -34.536499143937853 ], [ -58.468424854047456, -34.535306217502125 ], [ -58.468354201396927, -34.535274999346385 ], [ -58.468352203633842, -34.535274116927035 ], [ -58.468209981315525, -34.535211356011395 ], [ -58.468204677557011, -34.535209016106791 ], [ -58.468036944304217, -34.535134998025313 ], [ -58.468032437915006, -34.535133009640795 ], [ -58.467927334644337, -34.535086628676353 ], [ -58.467775380191263, -34.535019573198404 ], [ -58.467678415253921, -34.534976783025947 ], [ -58.467674159417314, -34.534974904593888 ], [ -58.46755330441232, -34.534921572926251 ], [ -58.467454687260705, -34.534878054275815 ], [ -58.467403703407797, -34.534855555351847 ], [ -58.467385381688032, -34.534847469218313 ], [ -58.466909546508269, -34.534637279242681 ], [ -58.466907912593946, -34.534636557243793 ], [ -58.466907225260655, -34.534636253481459 ], [ -58.46690672201504, -34.534636030842584 ], [ -58.466905591346311, -34.534635531482522 ], [ -58.466904401856738, -34.534635005982672 ], [ -58.466903936735818, -34.534634800469867 ], [ -58.466902236375695, -34.534634049627016 ], [ -58.466901614399056, -34.53463377470856 ], [ -58.46690119393844, -34.534633589025916 ], [ -58.466900378070612, -34.534633228477119 ], [ -58.466899915128295, -34.534633023865666 ], [ -58.466899441293101, -34.53463281474734 ], [ -58.466898871601721, -34.534632563264552 ], [ -58.466898567693718, -34.534632428960123 ], [ -58.466898055733957, -34.534632202715734 ], [ -58.466897394543338, -34.534631910671187 ], [ -58.466897394543189, -34.534631910671116 ], [ -58.466897120045736, -34.534631789887307 ], [ -58.466896246446368, -34.534631404100082 ], [ -58.466896169107862, -34.534631369848007 ], [ -58.466896169107756, -34.534631369847958 ], [ -58.466895073296037, -34.534630885811133 ], [ -58.466894685513765, -34.534630714550431 ], [ -58.46689384786049, -34.534630344987889 ], [ -58.466892672531635, -34.534629825797552 ], [ -58.466892363177337, -34.534629688789003 ], [ -58.466892363177195, -34.534629688788932 ], [ -58.466891513541938, -34.534629313818144 ], [ -58.466891113777649, -34.534629137149203 ], [ -58.466890350195172, -34.534628800036025 ], [ -58.466889196651877, -34.534628289859334 ], [ -58.466888792530426, -34.534628111387612 ], [ -58.466887220705175, -34.534627417330995 ], [ -58.466886876494044, -34.534627264999116 ], [ -58.466885771968137, -34.534626777356699 ], [ -58.466884899458137, -34.534626391569368 ], [ -58.466883790575174, -34.534625902124212 ], [ -58.466883790575075, -34.534625902124169 ], [ -58.466883450721014, -34.534625752496396 ], [ -58.466881640344546, -34.534624952979222 ], [ -58.46688164034439, -34.534624952979151 ], [ -58.466881468238917, -34.534624877263937 ], [ -58.466880448676733, -34.534624426577771 ], [ -58.466879318008388, -34.534623927217496 ], [ -58.466878868137464, -34.534623728014196 ], [ -58.466878127429773, -34.534623400815974 ], [ -58.46687749891759, -34.534623123193256 ], [ -58.466876546890525, -34.534622702252349 ], [ -58.466875605756144, -34.534622286719639 ], [ -58.466875605756037, -34.534622286719582 ], [ -58.466875435829017, -34.534622211905699 ], [ -58.466875177670723, -34.534622098332818 ], [ -58.466874141769495, -34.534621640435638 ], [ -58.466873283420121, -34.534621260957806 ], [ -58.466873283419957, -34.534621260957735 ], [ -58.466873113493037, -34.534621186143866 ], [ -58.466872267125794, -34.534620812074309 ], [ -58.466871819433344, -34.534620614673734 ], [ -58.46687096544116, -34.53462023790005 ], [ -58.466869945879104, -34.534619787213785 ], [ -58.466869429562358, -34.534619559166536 ], [ -58.466868644194541, -34.534619212138104 ], [ -58.466868033110821, -34.534618942627723 ], [ -58.466867108315768, -34.534618533404569 ], [ -58.466867108315412, -34.534618533404412 ], [ -58.466866908978169, -34.53461844597139 ], [ -58.466866770640358, -34.534618384678119 ], [ -58.466866770640245, -34.534618384678069 ], [ -58.466865711864216, -34.534617916865706 ], [ -58.466864794694175, -34.53461751214946 ], [ -58.466864587731884, -34.534617420209479 ], [ -58.46686458773177, -34.534617420209443 ], [ -58.466864449393761, -34.534617358916087 ], [ -58.466864449393618, -34.534617358916023 ], [ -58.46686355727681, -34.534616965016184 ], [ -58.466862473447506, -34.534616486387328 ], [ -58.466861669562057, -34.534616131246516 ], [ -58.466861236031285, -34.534615940155931 ], [ -58.466861208800353, -34.534615927537146 ], [ -58.466861208798527, -34.534615927536322 ], [ -58.466860883105092, -34.534615783316646 ], [ -58.466860883104978, -34.534615783316596 ], [ -58.466859617366651, -34.534615224465554 ], [ -58.46685934831563, -34.534615105484356 ], [ -58.466859348315531, -34.534615105484313 ], [ -58.466858886462795, -34.534614901774155 ], [ -58.466858560769381, -34.534614757554522 ], [ -58.466858560769268, -34.534614757554472 ], [ -58.466857295030991, -34.534614198703387 ], [ -58.466856459556553, -34.534613830041955 ], [ -58.466854138310303, -34.534612804279725 ], [ -58.466851563262793, -34.53461166674721 ], [ -58.466850511022621, -34.534611201638825 ], [ -58.466849242016572, -34.53461064098488 ], [ -58.466848189776414, -34.534610175876459 ], [ -58.466846348900766, -34.534609362838069 ], [ -58.466844026565411, -34.53460833707566 ], [ -58.466841992888121, -34.534607438406795 ], [ -58.46683967164212, -34.534606413545681 ], [ -58.466838551867014, -34.534605918691881 ], [ -58.466836230621126, -34.534604893830696 ], [ -58.466832950813014, -34.534603445324123 ], [ -58.466830629567262, -34.534602419561423 ], [ -58.466828280000392, -34.534601382080872 ], [ -58.46682661558777, -34.534600646560293 ], [ -58.466826615587586, -34.534600646560214 ], [ -58.466826529534963, -34.534600608702597 ], [ -58.466825958754789, -34.534600356318087 ], [ -58.466824294342153, -34.534599620797472 ], [ -58.466824294341976, -34.534599620797401 ], [ -58.466824208289296, -34.534599582939748 ], [ -58.466792446117793, -34.534585553060317 ], [ -58.466792342636744, -34.534585507090256 ], [ -58.466792342636182, -34.534585507090021 ], [ -58.466792250048059, -34.534585466528313 ], [ -58.466792156370687, -34.534585425065238 ], [ -58.466792026747108, -34.534585367377346 ], [ -58.466792026746432, -34.534585367377041 ], [ -58.466791931979536, -34.534585325913881 ], [ -58.466791853551804, -34.534585291661713 ], [ -58.466791732642484, -34.534585238480751 ], [ -58.466791569251555, -34.53458516637096 ], [ -58.466791441806564, -34.534585109584484 ], [ -58.466791441806393, -34.534585109584413 ], [ -58.46679132198615, -34.534585056403337 ], [ -58.46679132198593, -34.534585056403238 ], [ -58.466791256629435, -34.534585027559267 ], [ -58.466791256629236, -34.534585027559181 ], [ -58.466791203255063, -34.534585004123606 ], [ -58.466791104131367, -34.534584959956412 ], [ -58.466791049667691, -34.534584935619336 ], [ -58.466791049666661, -34.534584935618888 ], [ -58.466790987578484, -34.534584908577898 ], [ -58.466790902615458, -34.534584870720359 ], [ -58.466790902615074, -34.534584870720202 ], [ -58.466790820919464, -34.534584834665232 ], [ -58.466790737045244, -34.534584797708888 ], [ -58.466790737044725, -34.534584797708661 ], [ -58.466790672777869, -34.534584769766255 ], [ -58.466790562761439, -34.534584721092209 ], [ -58.466790562761133, -34.534584721092081 ], [ -58.466790456012362, -34.534584674220724 ], [ -58.466790345995996, -34.534584625546699 ], [ -58.46679027955043, -34.534584595801448 ], [ -58.466790279549528, -34.534584595801043 ], [ -58.466790166265852, -34.534584546225886 ], [ -58.466790124874258, -34.534584527297405 ], [ -58.466790124872603, -34.534584527296659 ], [ -58.466790052981253, -34.534584495748952 ], [ -58.466790021393081, -34.534584481327286 ], [ -58.466790021391247, -34.534584481326469 ], [ -58.466789940785048, -34.534584446172985 ], [ -58.466789871072173, -34.534584415526574 ], [ -58.466789835126626, -34.534584399302062 ], [ -58.466789835125851, -34.534584399301714 ], [ -58.466789788287016, -34.534584378570102 ], [ -58.466789788286661, -34.534584378569953 ], [ -58.466789697877147, -34.534584338909667 ], [ -58.466789610735418, -34.534584300150676 ], [ -58.466789610734985, -34.534584300150485 ], [ -58.466789524682277, -34.534584262292775 ], [ -58.466789524682063, -34.534584262292682 ], [ -58.466789411398196, -34.534584212717469 ], [ -58.46678936564934, -34.534584191986148 ], [ -58.466789365647863, -34.534584191985488 ], [ -58.466789248006435, -34.534584140607336 ], [ -58.466789170668221, -34.534584106355254 ], [ -58.466789170667219, -34.534584106354814 ], [ -58.466789120560861, -34.534584084721999 ], [ -58.466789083526216, -34.534584068497558 ], [ -58.46678900074167, -34.534584031541385 ], [ -58.466789000740093, -34.534584031540703 ], [ -58.466788971330715, -34.534584018921912 ], [ -58.466788935385622, -34.534584002697628 ], [ -58.466788935384805, -34.534584002697258 ], [ -58.46678887220687, -34.534583974754661 ], [ -58.466788872206436, -34.534583974754476 ], [ -58.466788777439568, -34.534583933291302 ], [ -58.466788777439035, -34.53458393329106 ], [ -58.466788727332727, -34.534583911658267 ], [ -58.466788673958604, -34.534583888222706 ], [ -58.466788581370459, -34.53458384766099 ], [ -58.466788492050163, -34.534583808000633 ], [ -58.466788492050064, -34.534583808000583 ], [ -58.46678841471153, -34.534583773748381 ], [ -58.46678841471018, -34.534583773747784 ], [ -58.466788383121845, -34.534583760227463 ], [ -58.466788350444247, -34.534583745805783 ], [ -58.466788273105806, -34.534583711553601 ], [ -58.466788273105664, -34.534583711553545 ], [ -58.466788240427455, -34.534583697131545 ], [ -58.466788240427249, -34.534583697131453 ], [ -58.466788133678598, -34.534583650260153 ], [ -58.466788034554867, -34.534583606092951 ], [ -58.466788034554625, -34.534583606092845 ], [ -58.466787957216091, -34.534583571840614 ], [ -58.466787957215622, -34.534583571840408 ], [ -58.466787843931428, -34.534583522265045 ], [ -58.466787730647191, -34.534583471788238 ], [ -58.466787629344552, -34.534583426719493 ], [ -58.466787629344239, -34.534583426719358 ], [ -58.466787547648636, -34.534583390664388 ], [ -58.466787465953203, -34.534583354609531 ], [ -58.466787366829358, -34.534583310442251 ], [ -58.466787366828569, -34.534583310441903 ], [ -58.466787288400809, -34.534583276189736 ], [ -58.466787193634147, -34.534583234726675 ], [ -58.466787042225086, -34.534583168025051 ], [ -58.466786848334237, -34.534583082394569 ], [ -58.466786848334024, -34.534583082394469 ], [ -58.466786760103084, -34.534583043635564 ], [ -58.466786648997335, -34.534582994060095 ], [ -58.466786540069904, -34.534582945385885 ], [ -58.466786540069229, -34.534582945385594 ], [ -58.466786451837969, -34.534582906626511 ], [ -58.466786451837855, -34.534582906626476 ], [ -58.46678635924966, -34.534582866064731 ], [ -58.466786289536593, -34.534582835418256 ], [ -58.466786253591032, -34.534582819193723 ], [ -58.466786253590193, -34.534582819193346 ], [ -58.466786157734013, -34.534582776828778 ], [ -58.466786094556099, -34.534582748886201 ], [ -58.466786061878011, -34.534582734464294 ], [ -58.466786007414512, -34.534582710127275 ], [ -58.466786007413724, -34.534582710126919 ], [ -58.466785951861326, -34.534582685790106 ], [ -58.466785915915828, -34.53458266956563 ], [ -58.466785915915068, -34.534582669565289 ], [ -58.466785838576548, -34.534582635313058 ], [ -58.466785761238349, -34.534582601061004 ], [ -58.466785723113965, -34.534582583934991 ], [ -58.466785723113034, -34.534582583934579 ], [ -58.466785651220924, -34.534582552386524 ], [ -58.466785483472798, -34.534582478473936 ], [ -58.466785124012155, -34.534582319832154 ], [ -58.46678473840889, -34.53458214947247 ], [ -58.466783968291978, -34.534581809654661 ], [ -58.466783918185712, -34.534581787120445 ], [ -58.466783918184767, -34.534581787120032 ], [ -58.466783829953791, -34.534581748361106 ], [ -58.466783773311789, -34.534581723122749 ], [ -58.466783686169713, -34.534581684363609 ], [ -58.466783686169578, -34.534581684363545 ], [ -58.466783594670488, -34.534581643801708 ], [ -58.466783517331955, -34.534581609549484 ], [ -58.466783439993421, -34.534581575297274 ], [ -58.466783329976607, -34.534581526623036 ], [ -58.466783329976444, -34.534581526622958 ], [ -58.466783162228282, -34.534581452710356 ], [ -58.466782885552576, -34.53458133012353 ], [ -58.466782885551893, -34.534581330123224 ], [ -58.466782802767291, -34.534581294068417 ], [ -58.466782417164325, -34.534581123708854 ], [ -58.466781592583295, -34.534580759553762 ], [ -58.466780563218698, -34.534580304359885 ], [ -58.466780563217895, -34.534580304359523 ], [ -58.466780517468756, -34.534580284529497 ], [ -58.466778196224674, -34.534579258765952 ], [ -58.466777358572344, -34.534578889202578 ], [ -58.46677503079237, -34.534577860734728 ], [ -58.466773753073163, -34.534577296474538 ], [ -58.466772703012452, -34.534576833168266 ], [ -58.466771430739641, -34.534576270710744 ], [ -58.466768857872943, -34.534575134077841 ], [ -58.466766536628747, -34.534574108313947 ], [ -58.466763294947597, -34.53457267603018 ], [ -58.466760973703565, -34.53457165116756 ], [ -58.466756490249729, -34.534569670848015 ], [ -58.466754167916577, -34.534568645083887 ], [ -58.466751249750402, -34.534567356118359 ], [ -58.466751070020067, -34.534567276797382 ], [ -58.466750867414973, -34.534567187561308 ], [ -58.466750601632086, -34.53456707038265 ], [ -58.466750290099753, -34.534566932472394 ], [ -58.46675029009954, -34.534566932472288 ], [ -58.466750017780981, -34.534566812589503 ], [ -58.466749522161237, -34.534566593555539 ], [ -58.466748927417349, -34.53456633125554 ], [ -58.466748927417221, -34.534566331255483 ], [ -58.466748892560553, -34.534566315932167 ], [ -58.466748747687156, -34.534566251934606 ], [ -58.466748546171473, -34.534566162698553 ], [ -58.466748365352039, -34.534566082476253 ], [ -58.466748280388749, -34.534566044618558 ], [ -58.466748280388366, -34.534566044618387 ], [ -58.466747969945175, -34.534565907609448 ], [ -58.466747837053738, -34.534565849020119 ], [ -58.466747696537404, -34.534565786825311 ], [ -58.466747200917496, -34.534565567791233 ], [ -58.466746571316854, -34.534565290167876 ], [ -58.466746186803249, -34.53456512070958 ], [ -58.466746045197752, -34.534565057613392 ], [ -58.466746045197333, -34.534565057613214 ], [ -58.466745515810011, -34.534564824157208 ], [ -58.466744251162602, -34.534564265304965 ], [ -58.466743865559472, -34.534564094945139 ], [ -58.466741929919003, -34.534563239540553 ], [ -58.466741929918747, -34.534563239540454 ], [ -58.46674176979554, -34.534563169233301 ], [ -58.4667394823202, -34.534562158792561 ], [ -58.466739448553213, -34.534562143469422 ], [ -58.466739448552133, -34.534562143468932 ], [ -58.466737161076175, -34.534561133027843 ], [ -58.466736205782674, -34.534560711184454 ], [ -58.466733884539302, -34.534559685419921 ], [ -58.466731871560569, -34.534558796664342 ], [ -58.466729549228035, -34.534557770899767 ], [ -58.466726441528898, -34.534556398105771 ], [ -58.466724120285768, -34.534555372341032 ], [ -58.46672250053517, -34.534554656649277 ], [ -58.466720179292125, -34.534553630884488 ], [ -58.466714150160371, -34.534550967321046 ], [ -58.466714150160165, -34.534550967320961 ], [ -58.466714080446685, -34.534550936674236 ], [ -58.466713984590761, -34.534550894309653 ], [ -58.466713984590555, -34.534550894309568 ], [ -58.466713880020379, -34.534550848339514 ], [ -58.466713727522219, -34.534550780736453 ], [ -58.466713605523537, -34.534550726653919 ], [ -58.466713605523424, -34.534550726653883 ], [ -58.46671280817484, -34.534550374216181 ], [ -58.466711828917546, -34.534549941556079 ], [ -58.46671182891734, -34.53454994155598 ], [ -58.466711759203896, -34.534549910909277 ], [ -58.466711663347908, -34.534549868544694 ], [ -58.466711663347695, -34.534549868544609 ], [ -58.466711558777533, -34.53454982257454 ], [ -58.466711406279373, -34.534549754971486 ], [ -58.46671128428067, -34.534549700888959 ], [ -58.466711284280557, -34.534549700888903 ], [ -58.466710486932037, -34.534549348451179 ], [ -58.466709810492837, -34.534549050095976 ], [ -58.466707489250183, -34.534548024330952 ], [ -58.466705956641768, -34.534547347398117 ], [ -58.466703635399149, -34.534546322534425 ], [ -58.466683170123993, -34.534537282639626 ], [ -58.466680848881929, -34.534536256874055 ], [ -58.466679015634433, -34.534535447438671 ], [ -58.466676693303228, -34.534534421673072 ], [ -58.466669163155416, -34.534531095596257 ], [ -58.4666668419137, -34.534530069830424 ], [ -58.466664154676153, -34.534528882718263 ], [ -58.466661833434529, -34.534527856952366 ], [ -58.466652951499746, -34.534523933262157 ], [ -58.466650630258385, -34.53452290839747 ], [ -58.466580635763407, -34.534491989370458 ], [ -58.466578314523836, -34.534490963602963 ], [ -58.46650365582132, -34.534457983982755 ], [ -58.466501334583647, -34.534456959115204 ], [ -58.466423766499894, -34.534422694079872 ], [ -58.466423084616473, -34.534422393018957 ], [ -58.466421445264182, -34.534421669210808 ], [ -58.466420763380775, -34.534421368149864 ], [ -58.466128034338432, -34.534292055812756 ], [ -58.466126181494872, -34.534291237355177 ], [ -58.46612432429427, -34.5342904161934 ], [ -58.466122464915337, -34.534289595031687 ], [ -58.466120616428888, -34.534288771165414 ], [ -58.466118767942305, -34.534287946397619 ], [ -58.466075212510532, -34.53426852423479 ], [ -58.466074634109873, -34.534268266438318 ], [ -58.466057825635758, -34.534260771409997 ], [ -58.466054446730872, -34.534259264291549 ], [ -58.466021757847578, -34.534244687062298 ], [ -58.466020756811972, -34.534244240875637 ], [ -58.466020275356335, -34.534244026345498 ], [ -58.466020050967536, -34.534243926291509 ], [ -58.466006656262699, -34.534237952797682 ], [ -58.465963503911176, -34.534218708168069 ], [ -58.465961655427677, -34.534217884299281 ], [ -58.465838961735116, -34.53416316997432 ], [ -58.46583772215277, -34.534162617422155 ], [ -58.465837320214447, -34.534162437144111 ], [ -58.465837320214142, -34.534162437143983 ], [ -58.465836645959754, -34.53416213698106 ], [ -58.46583540528809, -34.534161583527435 ], [ -58.465834849763468, -34.534161335645123 ], [ -58.465833610181008, -34.534160783092844 ], [ -58.465833610180816, -34.534160783092759 ], [ -58.465832933747954, -34.534160482929856 ], [ -58.465832933747635, -34.534160482929721 ], [ -58.465831690897666, -34.5341599357861 ], [ -58.465795726682103, -34.534144083938799 ], [ -58.465792006847749, -34.534142444309474 ], [ -58.46574672400348, -34.534122487514949 ], [ -58.46574300417106, -34.534120847884147 ], [ -58.46573344915852, -34.534116636583391 ], [ -58.465729729326618, -34.534114996952177 ], [ -58.465709011553983, -34.534105866755262 ], [ -58.465705291723033, -34.534104227123287 ], [ -58.465695839104953, -34.534100060889187 ], [ -58.465692119274529, -34.534098421256843 ], [ -58.465664152472122, -34.534086095616679 ], [ -58.465660432642927, -34.534084455983354 ], [ -58.465631532352788, -34.53407171930062 ], [ -58.465627812524879, -34.534070079666293 ], [ -58.465602211616591, -34.534058796923901 ], [ -58.465598491789834, -34.534057157288693 ], [ -58.465579247815811, -34.534048676073155 ], [ -58.465575527989948, -34.534047036437208 ], [ -58.465555606500466, -34.534038256856469 ], [ -58.465551886675534, -34.53403661721984 ], [ -58.465535224258012, -34.534029273557245 ], [ -58.465531504433891, -34.534027633919955 ], [ -58.46551703143286, -34.534021255648781 ], [ -58.465513311609449, -34.534019616010958 ], [ -58.465383418517142, -34.533962369233507 ], [ -58.46537969869896, -34.533960729591584 ], [ -58.465330018716642, -34.533938834637325 ], [ -58.465326298900557, -34.53393719499379 ], [ -58.465283174097557, -34.533918189001945 ], [ -58.465279454283319, -34.533916549356952 ], [ -58.465230875592169, -34.533895139314936 ], [ -58.465227155779978, -34.533893499668359 ], [ -58.465172591652525, -34.53386945210648 ], [ -58.465168871842621, -34.533867812458098 ], [ -58.46512878504528, -34.533850144991959 ], [ -58.465125065237082, -34.533848505342263 ], [ -58.465064112687713, -34.533821642653962 ], [ -58.465060392882059, -34.53382000300229 ], [ -58.464846906780544, -34.533725914388562 ], [ -58.464843186983401, -34.533724274730261 ], [ -58.464798839170008, -34.533704729525624 ], [ -58.464795119374749, -34.533703089865845 ], [ -58.464677656702598, -34.533651321087625 ], [ -58.464671613540787, -34.533648657423107 ], [ -58.464657796399599, -34.533642567500699 ], [ -58.464649564935392, -34.533638939326835 ], [ -58.464617462558707, -34.533624759245711 ], [ -58.464617430971117, -34.533624744823427 ], [ -58.464617430969781, -34.533624744822831 ], [ -58.464611422668405, -34.533622091071024 ], [ -58.464611391080815, -34.533622076648719 ], [ -58.464611391079494, -34.533622076648122 ], [ -58.46459833968936, -34.533616311226389 ], [ -58.464592299800287, -34.533613643050749 ], [ -58.464564794074029, -34.533601492030861 ], [ -58.464558754187081, -34.533598823853545 ], [ -58.464506002952824, -34.533575520557086 ], [ -58.464499963069663, -34.533572852376857 ], [ -58.464448900202434, -34.533550295425009 ], [ -58.464442860322876, -34.533547627241951 ], [ -58.464380008564028, -34.533519861894867 ], [ -58.464373968688875, -34.533517193708406 ], [ -58.464303778723455, -34.533486186835511 ], [ -58.464297738853155, -34.533483518645248 ], [ -58.464243566298876, -34.533459586948233 ], [ -58.464237526432449, -34.533456918754979 ], [ -58.46417027861812, -34.533427211647933 ], [ -58.464164238756332, -34.533424543451019 ], [ -58.464142525755975, -34.533414951460976 ], [ -58.464137396504228, -34.53341268529531 ], [ -58.46413648589597, -34.533412283262692 ], [ -58.464131356644579, -34.533410017096777 ], [ -58.464114228279968, -34.533402450588923 ], [ -58.464108188421768, -34.533399782389239 ], [ -58.46380551087092, -34.533266069144474 ], [ -58.463803239804463, -34.533265065859624 ], [ -58.463802454462076, -34.533264718811381 ], [ -58.463799472121636, -34.533263401830887 ], [ -58.463798218405934, -34.533262847455127 ], [ -58.463797201055485, -34.533262398545986 ], [ -58.463796416820898, -34.533262049703097 ], [ -58.463796393962802, -34.533262027183177 ], [ -58.463784839256199, -34.533248755443289 ], [ -58.463762689473178, -34.533223313501495 ], [ -58.463192604333763, -34.532568498482611 ], [ -58.463156852655978, -34.53252743278739 ], [ -58.463156852655914, -34.532527432787305 ], [ -58.463156611937016, -34.532527156948717 ], [ -58.463093825745702, -34.532455037751824 ], [ -58.462927433004729, -34.532263912029222 ], [ -58.462825792676441, -34.532147162641238 ], [ -58.462664030307238, -34.531961353217334 ], [ -58.462515743230007, -34.531791021258577 ], [ -58.462346850145288, -34.531597020039328 ], [ -58.462340700513444, -34.53158995546363 ], [ -58.462222998328464, -34.531454754008884 ], [ -58.462219299412546, -34.53145050462269 ], [ -58.461712295522055, -34.5308681167716 ], [ -58.461686929556315, -34.53083897942868 ], [ -58.461686752019638, -34.530838775702492 ], [ -58.46146703637897, -34.530586386753363 ], [ -58.461397794303053, -34.530506848673973 ], [ -58.461379101916791, -34.530485376252216 ], [ -58.461373466537815, -34.530478902974522 ], [ -58.461276216632847, -34.530367190439861 ], [ -58.46125923757193, -34.530347686756926 ], [ -58.461133714318095, -34.53020349590701 ], [ -58.461122389178684, -34.530190487128309 ], [ -58.461109971610675, -34.530176222632981 ], [ -58.461107908732906, -34.530173853630473 ], [ -58.461105110669294, -34.530170639070704 ], [ -58.461101235422255, -34.530166187725612 ], [ -58.461099304333892, -34.530163969264613 ], [ -58.461076866466904, -34.530138195090288 ], [ -58.461071708191071, -34.530132268979912 ], [ -58.461070983904385, -34.530131263872434 ], [ -58.46105962291464, -34.530115505716871 ], [ -58.461054033365912, -34.530107751488821 ], [ -58.461039338477725, -34.530087368919439 ], [ -58.461007486145, -34.530043185495529 ], [ -58.46100300536591, -34.530036969131899 ], [ -58.461002950909666, -34.530036886200946 ], [ -58.461001182131682, -34.530034141304895 ], [ -58.460993824930519, -34.530022728124685 ], [ -58.460992263091129, -34.530020305945094 ], [ -58.460952214032552, -34.529958178428345 ], [ -58.460945829452896, -34.529948273361008 ], [ -58.460941772381126, -34.529941980379824 ], [ -58.460939966576191, -34.529939177790467 ], [ -58.460939891426349, -34.529939058801766 ], [ -58.460937284024759, -34.529934503812633 ], [ -58.460928561100324, -34.529919258610732 ], [ -58.460924449596931, -34.529912072307894 ], [ -58.460915008934265, -34.529895572296418 ], [ -58.460906229382744, -34.529880227032649 ], [ -58.460888908810588, -34.529849954772658 ], [ -58.460887257677037, -34.529847069253371 ], [ -58.460884773352937, -34.52984272700202 ], [ -58.460883201726752, -34.529839980304921 ], [ -58.460882532996237, -34.529838811133587 ], [ -58.460882505768957, -34.529838762457707 ], [ -58.460882348935094, -34.529838448757673 ], [ -58.460882348934774, -34.52983844875704 ], [ -58.460882226952187, -34.52983820987513 ], [ -58.460878837578832, -34.52983146889305 ], [ -58.460874159765112, -34.529822166914187 ], [ -58.460832995049202, -34.529740307869289 ], [ -58.460831359179231, -34.529737055466306 ], [ -58.460831000856565, -34.529736343327819 ], [ -58.460830984520669, -34.529736309075055 ], [ -58.460830670855216, -34.529735590627922 ], [ -58.460829800650011, -34.529733595739323 ], [ -58.460826617158631, -34.529726299476927 ], [ -58.460821565831345, -34.529714722271642 ], [ -58.460785444198848, -34.52963193393429 ], [ -58.460724037838155, -34.529490132747007 ], [ -58.460724037836492, -34.529490132743383 ], [ -58.460655312276636, -34.529350649849135 ], [ -58.460655312274781, -34.529350649845568 ], [ -58.460579396062137, -34.529213744847858 ], [ -58.460579396060091, -34.52921374484437 ], [ -58.460496429719022, -34.529079671035795 ], [ -58.460496429716798, -34.529079671032363 ], [ -58.460406565749551, -34.528948678099361 ], [ -58.460406565747149, -34.528948678096036 ], [ -58.46030997299043, -34.528821007611747 ], [ -58.460309972988888, -34.528821007609757 ], [ -58.460055977674941, -34.528504011288049 ], [ -58.460055977674386, -34.528504011287367 ], [ -58.459798480339245, -34.528188956908984 ], [ -58.459798480337831, -34.528188956907314 ], [ -58.459736610844281, -34.528116828747862 ], [ -58.459736610841937, -34.528116828745247 ], [ -58.45967163723946, -34.528046594372505 ], [ -58.45967163723811, -34.528046594371084 ], [ -58.459664504589007, -34.528039195197081 ], [ -58.459598984519573, -34.527965093624481 ], [ -58.459540407095623, -34.527887110659968 ], [ -58.459505484369323, -34.527831684070698 ], [ -58.459485082736684, -34.527769956007809 ], [ -58.459471986224266, -34.527706884128229 ], [ -58.459466317866294, -34.527643060684753 ], [ -58.459468130987617, -34.527579081527371 ], [ -58.459477409206826, -34.527515547906773 ], [ -58.459477409207096, -34.527515547904748 ], [ -58.459479998057375, -34.527493654876658 ], [ -58.45947999805778, -34.527493654863846 ], [ -58.459478810785228, -34.527471679687139 ], [ -58.459478810783438, -34.527471679674413 ], [ -58.459473871332349, -34.52745006495342 ], [ -58.459473871328406, -34.527450064941029 ], [ -58.459465278795236, -34.527429248774986 ], [ -58.459465278789189, -34.527429248763191 ], [ -58.459453207422932, -34.527409651224694 ], [ -58.459453207418619, -34.527409651218335 ], [ -58.459297603484558, -34.52720071562117 ], [ -58.459297603481772, -34.52720071561761 ], [ -58.459279985187884, -34.527179374507384 ], [ -58.459252628222011, -34.527146237817611 ], [ -58.459252628217193, -34.527146237812218 ], [ -58.459202880186034, -34.527094680479074 ], [ -58.45920288018074, -34.527094680473986 ], [ -58.459149473537856, -34.527047074879476 ], [ -58.459148685023344, -34.52704637173472 ], [ -58.459148685021361, -34.527046371732993 ], [ -58.459148634922265, -34.527046329363934 ], [ -58.459148634918542, -34.527046329360921 ], [ -58.45914589143765, -34.527044220815128 ], [ -58.459139588729066, -34.527039380805149 ], [ -58.459132500769435, -34.527033937709213 ], [ -58.459098367922024, -34.527007726464838 ], [ -58.459092224229664, -34.527003007249959 ], [ -58.459092030367316, -34.527002858506748 ], [ -58.459090238774827, -34.527001482857791 ], [ -58.459090238772475, -34.527001482856036 ], [ -58.459090195207835, -34.527001451304379 ], [ -58.459090195204055, -34.527001451301764 ], [ -58.45907224106594, -34.526989591424922 ], [ -58.459029916805576, -34.526961636505376 ], [ -58.459027884509915, -34.526960294200094 ], [ -58.459027884508245, -34.526960294199007 ], [ -58.459027851834627, -34.526960273464915 ], [ -58.459025928448213, -34.526959054659741 ], [ -58.459018153219198, -34.526954128955751 ], [ -58.459013545152281, -34.526951209051632 ], [ -58.459013502676726, -34.526951182007217 ], [ -58.459013502676505, -34.526951182007089 ], [ -58.45900343049518, -34.526944800406717 ], [ -58.458944561414107, -34.526907502419277 ], [ -58.458943754376982, -34.526906991277784 ], [ -58.458907296132331, -34.526883891644381 ], [ -58.458905514335115, -34.526882762985963 ], [ -58.458905221363857, -34.52688257457676 ], [ -58.458903812049265, -34.526881619908927 ], [ -58.458900007768662, -34.526879034461174 ], [ -58.458898992712967, -34.526878344828106 ], [ -58.458885042234023, -34.52686886395027 ], [ -58.458808878272485, -34.526817105378385 ], [ -58.458808442626861, -34.526816809692207 ], [ -58.458787733129448, -34.526802735751588 ], [ -58.458785827180641, -34.52680144212426 ], [ -58.458785827179227, -34.526801442123329 ], [ -58.45878550153386, -34.526801228471591 ], [ -58.458785501533505, -34.526801228471349 ], [ -58.458777325546123, -34.526795910613593 ], [ -58.458754251558275, -34.526780901793238 ], [ -58.458738297119375, -34.526770523897788 ], [ -58.458738141376138, -34.526770422030083 ], [ -58.45873814137591, -34.526770422029934 ], [ -58.45870896182921, -34.526751442158854 ], [ -58.458706964394302, -34.526750143118313 ], [ -58.458706964388718, -34.526750143114917 ], [ -58.458706929536916, -34.526750123282078 ], [ -58.458706929535744, -34.526750123281424 ], [ -58.458651301678742, -34.526719345340744 ], [ -58.458625480852426, -34.526705060242286 ], [ -58.458623577073332, -34.526704006393835 ], [ -58.458623577066177, -34.526704006390204 ], [ -58.458573501344674, -34.526680690691691 ], [ -58.458552403941198, -34.526670867855529 ], [ -58.458538225739495, -34.526664267008528 ], [ -58.458536222842753, -34.526663333946892 ], [ -58.458536222840515, -34.526663333945883 ], [ -58.458536155314796, -34.526663304195935 ], [ -58.458536155309581, -34.526663304193782 ], [ -58.45852264468067, -34.526658098789838 ], [ -58.458510671901415, -34.52665348658784 ], [ -58.458457505066356, -34.526633006629716 ], [ -58.458445217536479, -34.526628275419604 ], [ -58.458445217530588, -34.526628275417515 ], [ -58.458445024754511, -34.526628212309511 ], [ -58.45844502475353, -34.526628212309205 ], [ -58.458439377609004, -34.5266264155279 ], [ -58.458321626260201, -34.526588950819914 ], [ -58.458321626254005, -34.526588950818123 ], [ -58.458195393530744, -34.526555869312809 ], [ -58.45819539352442, -34.526555869311316 ], [ -58.45806698002518, -34.526529148997312 ], [ -58.458066980018756, -34.526529148996147 ], [ -58.457936852955186, -34.526508889044862 ], [ -58.457936852948698, -34.526508889044024 ], [ -58.457805486067201, -34.526495160684618 ], [ -58.457805486059748, -34.526495160684043 ], [ -58.457711499291968, -34.526490740297646 ], [ -58.457711499283562, -34.526490740297511 ], [ -58.457617381418927, -34.526492339604907 ], [ -58.457617381410536, -34.526492339605312 ], [ -58.45752369443057, -34.526499948716925 ], [ -58.457523694422228, -34.526499948717877 ], [ -58.457430995954596, -34.526513523491268 ], [ -58.457430995946382, -34.526513523492746 ], [ -58.457339841444053, -34.526532981926799 ], [ -58.457339841435996, -34.526532981928796 ], [ -58.457250774375225, -34.526558207768915 ], [ -58.457250774367374, -34.526558207771423 ], [ -58.457164327342063, -34.526589050507788 ], [ -58.457041566719774, -34.526621862762646 ], [ -58.457041566713812, -34.526621862764408 ], [ -58.4569213160392, -34.526660517217742 ], [ -58.456921316033373, -34.526660517219796 ], [ -58.456803978285954, -34.526704884994039 ], [ -58.456803978280092, -34.526704884996441 ], [ -58.456718273196039, -34.526742590069603 ], [ -58.456718273190184, -34.526742590072374 ], [ -58.456714238807301, -34.526744639714344 ], [ -58.45663555414265, -34.52678461581813 ], [ -58.456635554137002, -34.5267846158212 ], [ -58.456556140252751, -34.526830801808032 ], [ -58.456556140250029, -34.52683080180968 ], [ -58.456124318959517, -34.527098856260345 ], [ -58.455992540243095, -34.527179222042093 ], [ -58.455637854535134, -34.527395527160429 ], [ -58.455608414355964, -34.527409099990557 ], [ -58.45560841434321, -34.527409099997442 ], [ -58.455581545357788, -34.527425936174097 ], [ -58.455581545346327, -34.527425936182375 ], [ -58.45555777365464, -34.527445706714666 ], [ -58.455557773644678, -34.527445706724194 ], [ -58.455537563265331, -34.527468025829968 ], [ -58.45553756326143, -34.52746802583458 ], [ -58.455443031306885, -34.527587272195042 ], [ -58.455065918953508, -34.528055358002874 ], [ -58.455046907345732, -34.528078956239561 ], [ -58.455046452017172, -34.528079519604397 ], [ -58.454923464099281, -34.528231033127803 ], [ -58.454837957795384, -34.528336370510878 ], [ -58.45476521583057, -34.528425983224487 ], [ -58.454712853676163, -34.528490488810782 ], [ -58.454685731945965, -34.528523901222584 ], [ -58.454672359524182, -34.528540374869714 ], [ -58.454653238781916, -34.528563929766804 ], [ -58.454641735612626, -34.528578101282747 ], [ -58.454638626706185, -34.528581931251416 ], [ -58.454638121263748, -34.528582554105839 ], [ -58.454637482924738, -34.528583341011668 ], [ -58.454636526505752, -34.528584519116748 ], [ -58.454636034138318, -34.528585123038354 ], [ -58.454635790140742, -34.52858536820743 ], [ -58.454511548865192, -34.528709621878797 ], [ -58.454479289448848, -34.528741883645154 ], [ -58.454418483948601, -34.528802695320614 ], [ -58.45436568795806, -34.528855496515959 ], [ -58.454309236217078, -34.528911952729864 ], [ -58.454263845145071, -34.528957348251417 ], [ -58.454225198971081, -34.528995997932427 ], [ -58.454214929068556, -34.529006268075904 ], [ -58.454107022989007, -34.52903369781167 ], [ -58.453969545743867, -34.529068644057091 ], [ -58.453853741577376, -34.529098081365809 ], [ -58.453754560933525, -34.529123293045608 ], [ -58.453658413696225, -34.529147733257602 ], [ -58.453558315814426, -34.529173177275112 ], [ -58.45346160206951, -34.529197761516087 ], [ -58.453427642452318, -34.52920639360233 ], [ -58.453426463919129, -34.529206692782793 ], [ -58.453425790782696, -34.529206864000678 ], [ -58.453425790760939, -34.529206864008437 ], [ -58.453425710156779, -34.529206901862096 ], [ -58.453425710155898, -34.529206901862516 ], [ -58.453317560986832, -34.529258803891999 ], [ -58.453170671439473, -34.529329297377643 ], [ -58.453042328327435, -34.529390890594428 ], [ -58.452900003375845, -34.529459192752725 ], [ -58.452762782439628, -34.529525045991605 ], [ -58.452664678656483, -34.52957212564025 ], [ -58.452562734041891, -34.529621049203875 ], [ -58.452561191653523, -34.529621790046143 ], [ -58.452561191648932, -34.529621790048473 ], [ -58.45256115134611, -34.52962181167932 ], [ -58.452561151344547, -34.529621811680173 ], [ -58.452553190972978, -34.529626247832837 ], [ -58.452444331609769, -34.529686909147912 ], [ -58.452388092590596, -34.529718247859883 ], [ -58.452361506758741, -34.529733062334351 ], [ -58.452309195591376, -34.529762212682421 ], [ -58.452259353768277, -34.529789986743147 ], [ -58.452195672695034, -34.529825473087165 ], [ -58.452175893666443, -34.52983649491005 ], [ -58.452153724765495, -34.529848848829438 ], [ -58.452128583228472, -34.52986285840511 ], [ -58.45210130561523, -34.529878058572599 ], [ -58.452070754720161, -34.52989508293318 ], [ -58.452023110897507, -34.529921632051668 ], [ -58.451984682323911, -34.529943045641033 ], [ -58.451976956085737, -34.529947351069815 ], [ -58.451971462863916, -34.529950411826441 ], [ -58.451960536329196, -34.529956500892929 ], [ -58.451898146885839, -34.529991266955868 ], [ -58.451861788966177, -34.530011526865565 ], [ -58.451846482426994, -34.530020056591709 ], [ -58.451814060047091, -34.530038123669968 ], [ -58.451791765772228, -34.530050546921771 ], [ -58.451765432442052, -34.530065220665911 ], [ -58.451751366573077, -34.530073058196777 ], [ -58.451742667583929, -34.530077905279796 ], [ -58.451728093016776, -34.530086026711174 ], [ -58.451715802667685, -34.530092875534287 ], [ -58.45171387137362, -34.530093951661925 ], [ -58.451713871357761, -34.530093951672704 ], [ -58.451713871344602, -34.530093951685743 ], [ -58.451713871334654, -34.530093951700614 ], [ -58.451713822307944, -34.530094044543517 ], [ -58.451713822307639, -34.530094044544107 ], [ -58.451713805965476, -34.530094076092446 ], [ -58.451713620753544, -34.530094427633436 ], [ -58.45171362075348, -34.53009442763355 ], [ -58.451713372351186, -34.530094900862231 ], [ -58.45171289515735, -34.530095809461251 ], [ -58.45171264675502, -34.530096282689968 ], [ -58.45171264675497, -34.530096282690067 ], [ -58.45171258356487, -34.530096403476037 ], [ -58.451712379831513, -34.530096791072715 ], [ -58.451712193529886, -34.53009714531813 ], [ -58.451712007228231, -34.530097499563553 ], [ -58.45171170979922, -34.530098065635194 ], [ -58.451711607387807, -34.530098260334931 ], [ -58.451711435249472, -34.530098587538731 ], [ -58.451711097509545, -34.530099230228345 ], [ -58.451710551678296, -34.53010026862718 ], [ -58.451702874086031, -34.530114878321982 ], [ -58.451694259534506, -34.530131270961377 ], [ -58.451685164516697, -34.530148578508793 ], [ -58.451680986342033, -34.530156527847595 ], [ -58.451677331119285, -34.530163483857017 ], [ -58.451672782517832, -34.530172139883611 ], [ -58.451668126056575, -34.530180999623575 ], [ -58.45165738045629, -34.530201448504968 ], [ -58.451649463158397, -34.530216514298324 ], [ -58.451633710265526, -34.530246490844739 ], [ -58.451616384140507, -34.530279459995462 ], [ -58.451599139713437, -34.530312274104922 ], [ -58.451589821311089, -34.530330005296705 ], [ -58.451579150847373, -34.53035031085011 ], [ -58.451565316497714, -34.530376634965421 ], [ -58.451553491161263, -34.530399138098616 ], [ -58.451540933680015, -34.530423032972344 ], [ -58.451540933676569, -34.530423032979776 ], [ -58.451540917332871, -34.5304230735427 ], [ -58.451540917328096, -34.530423073560144 ], [ -58.451540917327605, -34.530423073578049 ], [ -58.451540917331371, -34.530423073595678 ], [ -58.45154091733928, -34.530423073612333 ], [ -58.451542179436409, -34.530425110971962 ], [ -58.451546475359692, -34.530432037093675 ], [ -58.451555312223434, -34.530446282384865 ], [ -58.45160023707691, -34.53051870600423 ], [ -58.451661583502762, -34.530617603548443 ], [ -58.451682985909308, -34.530652107023847 ], [ -58.451729677279559, -34.530727379288692 ], [ -58.451803291197265, -34.530846052649878 ], [ -58.451824632738735, -34.530880456935833 ], [ -58.451833882415215, -34.530895368403364 ], [ -58.451841192645809, -34.530907152618113 ], [ -58.451852635507414, -34.53092559970905 ], [ -58.451863761484589, -34.530943535656817 ], [ -58.451868671638977, -34.530951450695831 ], [ -58.451869370756064, -34.530952578453565 ], [ -58.45186937076268, -34.530952578462809 ], [ -58.451870018732478, -34.530953373587117 ], [ -58.451870552354841, -34.53095402717576 ], [ -58.451870641654722, -34.530954137158808 ], [ -58.451870641654878, -34.530954137158986 ], [ -58.45187154663482, -34.530955246005924 ], [ -58.451873462230182, -34.530957593515943 ], [ -58.451876461405973, -34.530961268036279 ], [ -58.451879066354834, -34.530964459351743 ], [ -58.451880999375106, -34.530966827596231 ], [ -58.451883638084084, -34.530970060380646 ], [ -58.451884815320803, -34.530971502783046 ], [ -58.451887238402961, -34.530974471427434 ], [ -58.451890052445627, -34.530977918769082 ], [ -58.451892192381308, -34.53098054123673 ], [ -58.451894333406401, -34.530983163704498 ], [ -58.451895828638932, -34.530984996456809 ], [ -58.451898073121669, -34.530987746036182 ], [ -58.451900561546466, -34.530990794012475 ], [ -58.451902651387741, -34.530993354276426 ], [ -58.451904641038567, -34.530995792837565 ], [ -58.451904641038645, -34.530995792837651 ], [ -58.451905038533404, -34.530996278746962 ], [ -58.45190523891425, -34.530996523955316 ], [ -58.451907107683375, -34.530998813768711 ], [ -58.451908497281117, -34.531000515803314 ], [ -58.451911789408001, -34.531004550021706 ], [ -58.451912018103521, -34.531004830388603 ], [ -58.451913102773858, -34.531006160102983 ], [ -58.45191501946065, -34.531008508513892 ], [ -58.45191651469424, -34.53101034036456 ], [ -58.451918337725004, -34.531012573383286 ], [ -58.451918617604932, -34.531012915953823 ], [ -58.451920281637875, -34.531014954248221 ], [ -58.451921532929596, -34.531016487701827 ], [ -58.451923317844738, -34.531018673842475 ], [ -58.451924611608554, -34.531020259583059 ], [ -58.451924643190317, -34.531020298347592 ], [ -58.45192528789434, -34.531021088062737 ], [ -58.451926474933757, -34.531022542184253 ], [ -58.451928388354141, -34.531024886988881 ], [ -58.451930192872055, -34.531027097469916 ], [ -58.45193173057821, -34.531028981607264 ], [ -58.451931801364751, -34.5310290690527 ], [ -58.451931801364992, -34.531029069052998 ], [ -58.451932884947126, -34.53103039606281 ], [ -58.451933944570591, -34.531031694224502 ], [ -58.451935207842155, -34.531033242102033 ], [ -58.451936632289858, -34.53103498740829 ], [ -58.451937094037341, -34.531035553550964 ], [ -58.451938053470421, -34.531036729108514 ], [ -58.451939182791932, -34.531038112011352 ], [ -58.451940676937468, -34.531039942960135 ], [ -58.451941800813728, -34.531041320453831 ], [ -58.451942247315095, -34.531041866763601 ], [ -58.451943288425383, -34.531043142387688 ], [ -58.451944515759436, -34.531044646091573 ], [ -58.451945736559352, -34.531046141681934 ], [ -58.451946929044681, -34.531047602113766 ], [ -58.451947641268731, -34.531048474766806 ], [ -58.451948599612884, -34.531049650324121 ], [ -58.451949637456387, -34.531050921440745 ], [ -58.451950652430277, -34.53105216461077 ], [ -58.451951499693941, -34.531053202238546 ], [ -58.451952434079899, -34.531054346243472 ], [ -58.45195351330657, -34.531055667844093 ], [ -58.451954105737727, -34.531056393552454 ], [ -58.451955577014488, -34.531058195653095 ], [ -58.451957064626711, -34.531060017586768 ], [ -58.451958457493475, -34.531061724128229 ], [ -58.451959198032469, -34.531062631939712 ], [ -58.451960847910009, -34.53106465310502 ], [ -58.45196222117449, -34.531066335305951 ], [ -58.451963807888411, -34.531068279843566 ], [ -58.451964631193718, -34.531069288623179 ], [ -58.451966961714184, -34.531072143676852 ], [ -58.451970953003091, -34.531077033418121 ], [ -58.451974191773601, -34.531081001825214 ], [ -58.451974229889537, -34.531081048703179 ], [ -58.45197422988965, -34.531081048703328 ], [ -58.451975233974018, -34.531082278350624 ], [ -58.451979308030097, -34.531087269059753 ], [ -58.451983102206256, -34.531091917198403 ], [ -58.451986857177751, -34.531096517557351 ], [ -58.451988764067359, -34.531098854247531 ], [ -58.451988870792199, -34.531098984965148 ], [ -58.451995623861492, -34.531107258939713 ], [ -58.452004997137088, -34.531118742256623 ], [ -58.452021638600804, -34.531139130596372 ], [ -58.452032312185793, -34.531152206862771 ], [ -58.452084645580044, -34.531216322473867 ], [ -58.452170557247157, -34.531321576203382 ], [ -58.452182770774229, -34.53133654019657 ], [ -58.452214720902788, -34.531375683306869 ], [ -58.452261161793317, -34.531432579632373 ], [ -58.45226895385872, -34.531442125606695 ], [ -58.452269023557051, -34.531442211249043 ], [ -58.452269023557129, -34.531442211249143 ], [ -58.452283421730328, -34.53145985178277 ], [ -58.452288701388774, -34.531466320038149 ], [ -58.452298533230064, -34.531478365867166 ], [ -58.45230087793086, -34.531481238042751 ], [ -58.452301557490692, -34.531482071027241 ], [ -58.45230158253699, -34.531482102577769 ], [ -58.452303326054817, -34.531484486121258 ], [ -58.452343471663099, -34.531539392385632 ], [ -58.452384232621277, -34.531595139727962 ], [ -58.452489091413092, -34.531738551659771 ], [ -58.452532149322629, -34.531797440646841 ], [ -58.452571388070766, -34.531851106382312 ], [ -58.45259946867462, -34.531889510775429 ], [ -58.452637211181283, -34.531941129204455 ], [ -58.452667534161492, -34.531982600450696 ], [ -58.452683266315603, -34.532004117211805 ], [ -58.452689616462756, -34.532012801263548 ], [ -58.452689807043448, -34.532013061794132 ], [ -58.452693064339485, -34.532017516055369 ], [ -58.452697401956129, -34.532023448759716 ], [ -58.452698807897299, -34.532025371637424 ], [ -58.452699195592572, -34.532025901712871 ], [ -58.452699214104562, -34.532025927853965 ], [ -58.452699462397412, -34.532026311884245 ], [ -58.452710952525628, -34.532044065693903 ], [ -58.452727026298298, -34.532068904257763 ], [ -58.453217860316656, -34.532827347067744 ], [ -58.453217860317793, -34.532827347069443 ], [ -58.454134167570167, -34.534172584397382 ], [ -58.454134167574416, -34.534172584403116 ], [ -58.454410801505567, -34.534516050519287 ], [ -58.454518644000615, -34.534745927122984 ], [ -58.454518644009617, -34.534745927137926 ], [ -58.454666325841245, -34.534942704079249 ], [ -58.454666325855634, -34.534942704094497 ], [ -58.454911274972559, -34.53515141258017 ], [ -58.454896860345727, -34.53519911262277 ], [ -58.454896860342686, -34.535199112639049 ], [ -58.454896860343261, -34.535199112655505 ], [ -58.454896860347453, -34.535199112671613 ], [ -58.454896860355113, -34.535199112686804 ], [ -58.454896860365992, -34.535199112700596 ], [ -58.454965301419378, -34.535270668562667 ], [ -58.454965301433496, -34.535270668574881 ], [ -58.45496530145013, -34.535270668584694 ], [ -58.454965301468675, -34.535270668591764 ], [ -58.455098590854504, -34.535309434683946 ], [ -58.455194207716843, -34.535363859613788 ], [ -58.455194207732134, -34.535363859621057 ], [ -58.455194207748633, -34.53536385962618 ], [ -58.45525876372978, -34.535379127839455 ], [ -58.455387872158262, -34.535447825381816 ], [ -58.455436285896965, -34.535491713818232 ], [ -58.455436285908668, -34.53549171382739 ], [ -58.45550761205763, -34.535539734078696 ], [ -58.455507612081348, -34.535539734090861 ], [ -58.455545963838162, -34.535554139610696 ], [ -58.455603166178989, -34.535583583095075 ], [ -58.455603166179294, -34.535583583095239 ], [ -58.456752741043211, -34.536171052069101 ], [ -58.456879546241858, -34.536235931252889 ], [ -58.456879546246284, -34.536235931255035 ], [ -58.458726707651856, -34.537084411432822 ], [ -58.45874476104747, -34.537092723308866 ], [ -58.458766973242845, -34.537102949977879 ], [ -58.458770250827421, -34.537104459096348 ], [ -58.458775465117327, -34.53710685980257 ], [ -58.45877546511759, -34.537106859802691 ], [ -58.458775506509483, -34.537106878734278 ], [ -58.458775506510555, -34.537106878734768 ], [ -58.458820846889672, -34.537127070614794 ], [ -58.45855852362309, -34.537320051716641 ], [ -58.458485396710032, -34.537276144663061 ], [ -58.458482310858614, -34.537274292099021 ], [ -58.458481229231239, -34.537273643025451 ], [ -58.458477349315281, -34.537271313572546 ], [ -58.458476847170004, -34.537271012474477 ], [ -58.458476847156035, -34.537271012467379 ], [ -58.45847667614175, -34.537270939444646 ], [ -58.458476676141494, -34.537270939444539 ], [ -58.458475118495244, -34.537270278633493 ], [ -58.45847072222935, -34.537268415200209 ], [ -58.458412837717631, -34.537243872318406 ], [ -58.458402795807842, -34.53723961445376 ], [ -58.458383382976713, -34.537231383601487 ], [ -58.458366971065914, -34.537224425689047 ], [ -58.458346323019079, -34.537215671049097 ], [ -58.458332980653488, -34.537210014022619 ], [ -58.458322093484895, -34.537205398248524 ], [ -58.458314015522468, -34.537201973379581 ], [ -58.458308308882508, -34.537199553703495 ], [ -58.458300077335366, -34.53719606392427 ], [ -58.458295287854085, -34.537194032802262 ], [ -58.458286935400096, -34.537190491635563 ], [ -58.458283620778822, -34.537189086167281 ], [ -58.458275562426238, -34.537185669409467 ], [ -58.458269710916781, -34.537183188428266 ], [ -58.458264027153852, -34.537180778666816 ], [ -58.458258452317317, -34.537178414882625 ], [ -58.458254866471052, -34.537176894920506 ], [ -58.458156519351441, -34.537135195991269 ], [ -58.457880599388666, -34.53701820705453 ], [ -58.457840524559025, -34.537001215983913 ], [ -58.457792689888656, -34.536980934324241 ], [ -58.457750774253583, -34.536963162501095 ], [ -58.45767941935523, -34.536932908086911 ], [ -58.457659457682411, -34.536924444524473 ], [ -58.457606236741114, -34.536901878314332 ], [ -58.457519793619639, -34.536865226541799 ], [ -58.457455028861879, -34.536837765845078 ], [ -58.457369866832003, -34.536801657590779 ], [ -58.45730837972657, -34.536775586983048 ], [ -58.45689672460334, -34.536601042571718 ], [ -58.456545007799498, -34.536451910562086 ], [ -58.456467009403681, -34.536418838094626 ], [ -58.45643442367713, -34.536405021822958 ], [ -58.456433088268199, -34.536404455648636 ], [ -58.456274340297938, -34.536337144810553 ], [ -58.456269006295685, -34.53633488281087 ], [ -58.456264399905542, -34.536332930044232 ], [ -58.456264136310494, -34.536332815547404 ], [ -58.456264136309542, -34.536332815546984 ], [ -58.456264091656294, -34.536332796616705 ], [ -58.456264016506061, -34.53633275515007 ], [ -58.456262275927401, -34.536331737333825 ], [ -58.456248585473006, -34.53632373182861 ], [ -58.456229185311813, -34.536312387087506 ], [ -58.456228222438348, -34.536311823636815 ], [ -58.456126443295943, -34.536252306967292 ], [ -58.45599839884455, -34.536177430047317 ], [ -58.455899290792829, -34.536119474627043 ], [ -58.455887588231207, -34.536112631147304 ], [ -58.455746799288967, -34.536030301049543 ], [ -58.455746248145516, -34.536029979204223 ], [ -58.455746248137132, -34.536029979199775 ], [ -58.455744789662653, -34.536029283204073 ], [ -58.455734716495336, -34.536024475243778 ], [ -58.455692461052507, -34.536004307585692 ], [ -58.455692227958217, -34.536004195793609 ], [ -58.455692227958032, -34.53600419579351 ], [ -58.455650949570789, -34.535984494222106 ], [ -58.455540337705237, -34.53593170028865 ], [ -58.455447250485363, -34.535887270868677 ], [ -58.455447250485257, -34.535887270868614 ], [ -58.455446996696296, -34.535887150060411 ], [ -58.455177217286973, -34.535758386290631 ], [ -58.455175470178595, -34.535757554152646 ], [ -58.455117836323247, -34.535730045811306 ], [ -58.455073282927273, -34.535708779839766 ], [ -58.455034303081277, -34.535690174355146 ], [ -58.454990623279883, -34.535669326676903 ], [ -58.454977059258432, -34.535662852569885 ], [ -58.45497511392017, -34.53566192396395 ], [ -58.454868625402632, -34.5356021769569 ], [ -58.45455982512825, -34.53542891983944 ], [ -58.454136451368271, -34.535191377679482 ], [ -58.454136451353897, -34.535191377672668 ], [ -58.454061827035375, -34.535162031339162 ], [ -58.453991123698358, -34.535126655582239 ], [ -58.453925051506843, -34.535085603822544 ], [ -58.453865331357726, -34.535040095834972 ], [ -58.453864272691355, -34.535039288974509 ], [ -58.453809397187349, -34.534988175330774 ], [ -58.453760973921717, -34.534932774955436 ], [ -58.45371949081315, -34.534873644077933 ], [ -58.453685362791454, -34.534811374978673 ], [ -58.453658932892793, -34.53474659419858 ], [ -58.453664719208803, -34.534669347344924 ], [ -58.453664719208057, -34.534669347327373 ], [ -58.453664719203196, -34.534669347310285 ], [ -58.453664719194428, -34.534669347294283 ], [ -58.453617564422743, -34.534601747876067 ], [ -58.4535613791519, -34.534483683746792 ], [ -58.453539772611755, -34.534419285512996 ], [ -58.45351209914169, -34.534334811888534 ], [ -58.453512099134187, -34.534334811872156 ], [ -58.453470622052521, -34.534265444232574 ], [ -58.453470622047959, -34.534265444225717 ], [ -58.45342202640532, -34.53419931844747 ], [ -58.453422026400048, -34.534199318440962 ], [ -58.453366678136767, -34.534136932136704 ], [ -58.453330747750876, -34.534094814301326 ], [ -58.453209526085608, -34.533880638468183 ], [ -58.453209526070943, -34.533880638449006 ], [ -58.453052238699712, -34.533723099156518 ], [ -58.453033355720244, -34.533704185524535 ], [ -58.452891436566688, -34.533524839864434 ], [ -58.452744480046526, -34.533338794150197 ], [ -58.452593203924025, -34.533138437637113 ], [ -58.452467863033156, -34.532955970356326 ], [ -58.45232523489944, -34.532744880909178 ], [ -58.451875756412605, -34.531993550695752 ], [ -58.451866314930292, -34.531938650801152 ], [ -58.451877280554207, -34.531911418667832 ], [ -58.451877280557845, -34.531911418656293 ], [ -58.451883809922059, -34.531883227864277 ], [ -58.451883809922059, -34.531883227864277 ], [ -58.451883809923828, -34.531883227852447 ], [ -58.451885787500011, -34.531854571495408 ], [ -58.451885787499869, -34.531854571483485 ], [ -58.451884279011459, -34.531838021040173 ], [ -58.451883179458811, -34.531825948050695 ], [ -58.451883179452039, -34.531825948025521 ], [ -58.451879820214067, -34.531818614559413 ], [ -58.451873189191573, -34.531801639064149 ], [ -58.451873189187744, -34.531801639055779 ], [ -58.451864557187314, -34.531785290767708 ], [ -58.451864557180912, -34.531785290757426 ], [ -58.451853011467833, -34.531769363164663 ], [ -58.45184701318756, -34.531761087451052 ], [ -58.451847013177641, -34.53176108743952 ], [ -58.451825803529822, -34.531740143366498 ], [ -58.451825106524787, -34.53173945550791 ], [ -58.451825106512828, -34.531739455497821 ], [ -58.451799376290957, -34.53172093044045 ], [ -58.451799376277208, -34.531720930432016 ], [ -58.451770457436631, -34.531705969332705 ], [ -58.451770457421453, -34.531705969326161 ], [ -58.451739064435706, -34.531694940936291 ], [ -58.451739064419471, -34.531694940931793 ], [ -58.451705971680617, -34.531688117555618 ], [ -58.451705971663735, -34.531688117553294 ], [ -58.451671996056696, -34.531685666933669 ], [ -58.451671996039586, -34.531685666933555 ], [ -58.451637976247696, -34.531687650447303 ], [ -58.451637976230778, -34.53168765044942 ], [ -58.451604752041767, -34.531694019499533 ], [ -58.45160475202546, -34.531694019503803 ], [ -58.451573142547943, -34.531704615517413 ], [ -58.451573142533277, -34.531704615523438 ], [ -58.451573142519855, -34.531704615531211 ], [ -58.451526639400768, -34.531736117028231 ], [ -58.451526639393201, -34.531736117033866 ], [ -58.451483894642593, -34.531771074067862 ], [ -58.4514838946357, -34.531771074074051 ], [ -58.451445280808947, -34.531809182000806 ], [ -58.45144528080278, -34.5318091820075 ], [ -58.451411135606506, -34.53185010733376 ], [ -58.451411135601127, -34.531850107340915 ], [ -58.451381757541107, -34.531893493123846 ], [ -58.451297097390217, -34.531973267918637 ], [ -58.451297097385755, -34.531973267923142 ], [ -58.451218827990722, -34.532057395414022 ], [ -58.451218827986622, -34.532057395418747 ], [ -58.451147277269122, -34.53214552498612 ], [ -58.451147277265399, -34.532145524991044 ], [ -58.451082741559141, -34.532237288891672 ], [ -58.451082741555808, -34.532237288896788 ], [ -58.451025489970071, -34.532332305862695 ], [ -58.451025489968401, -34.532332305865594 ], [ -58.450967711760441, -34.532437394455322 ], [ -58.450967711758189, -34.532437394459706 ], [ -58.450916728747224, -34.532544863491204 ], [ -58.450916728745248, -34.532544863495687 ], [ -58.450872683686555, -34.532654414617738 ], [ -58.450872683684878, -34.5326544146223 ], [ -58.450835699731414, -34.532765739564944 ], [ -58.450835699730042, -34.53276573956957 ], [ -58.450805880431396, -34.532878526454105 ], [ -58.450805880430302, -34.532878526458781 ], [ -58.450783310821024, -34.532992461600635 ], [ -58.450783310820569, -34.532992461603229 ], [ -58.450769686072427, -34.533076510662703 ], [ -58.450749693754332, -34.533159682870235 ], [ -58.450723414500608, -34.533241648309698 ], [ -58.450690951820611, -34.533322081570631 ], [ -58.450652434276613, -34.533400664455904 ], [ -58.450608015483134, -34.533477084181165 ], [ -58.450603818649007, -34.533484202355929 ], [ -58.450469645969292, -34.53371175851683 ], [ -58.450335728235721, -34.533821791219083 ], [ -58.45033572822058, -34.533821791234644 ], [ -58.450335728209957, -34.533821791252599 ], [ -58.450295365941145, -34.53391480395608 ], [ -58.450295365935091, -34.533914803979201 ], [ -58.450283820258896, -34.534031669826867 ], [ -58.450243456345788, -34.534134222357238 ], [ -58.450243456345348, -34.534134222358404 ], [ -58.450125246125445, -34.534449034867365 ], [ -58.450125246123029, -34.534449034874967 ], [ -58.450007815679463, -34.534896155942207 ], [ -58.450007815678383, -34.534896155946996 ], [ -58.449995475204886, -34.534959420715765 ], [ -58.449995475203629, -34.534959420725706 ], [ -58.449991672217045, -34.535023427400382 ], [ -58.449991672217124, -34.535023427410302 ], [ -58.449996317693063, -34.535086443429201 ], [ -58.450000201272459, -34.535145812170015 ], [ -58.450000201274818, -34.535145812184382 ], [ -58.450000201279906, -34.53514581219823 ], [ -58.450026130158008, -34.535200193910164 ], [ -58.450026130158527, -34.535200193911237 ], [ -58.450055041922894, -34.535258617962171 ], [ -58.450055041927996, -34.535258617971067 ], [ -58.450091479926968, -34.535314084328775 ], [ -58.450091479933199, -34.535314084337145 ], [ -58.45013500857592, -34.535365932198324 ], [ -58.450135008588795, -34.535365932211015 ], [ -58.450135008604256, -34.535365932221517 ], [ -58.450246535206588, -34.535428503574664 ], [ -58.450319819177992, -34.5354823683411 ], [ -58.450319819184969, -34.535482368345818 ], [ -58.45039823232775, -34.535531035055115 ], [ -58.450398232335182, -34.535531035059343 ], [ -58.450481238769633, -34.535574171013181 ], [ -58.450481238777456, -34.53557417101689 ], [ -58.450568269941307, -34.53561148047703 ], [ -58.450568269949471, -34.535611480480185 ], [ -58.450658730038441, -34.535642709172663 ], [ -58.450658730046882, -34.535642709175249 ], [ -58.450752000372695, -34.535667641586677 ], [ -58.450752000381385, -34.53566764158866 ], [ -58.450847441549747, -34.53568610817829 ], [ -58.450847441558601, -34.535686108179689 ], [ -58.450944401095164, -34.535697982675956 ], [ -58.450944401104138, -34.535697982676744 ], [ -58.451042214544238, -34.535703183880543 ], [ -58.451042214553247, -34.535703183880699 ], [ -58.451140213067568, -34.535701675666083 ], [ -58.451140213076563, -34.535701675665635 ], [ -58.451237725650152, -34.53569346788165 ], [ -58.451237725659084, -34.535693467880591 ], [ -58.451334084538722, -34.535678617253133 ], [ -58.451334084547511, -34.535678617251463 ], [ -58.451428630688739, -34.535657225581026 ], [ -58.451428630697329, -34.535657225578767 ], [ -58.451520714832405, -34.535629439746963 ], [ -58.45167656911795, -34.535639831060266 ], [ -58.45178607581861, -34.535716162058414 ], [ -58.451786075836324, -34.535716162068454 ], [ -58.451786075856056, -34.535716162075445 ], [ -58.451786075877074, -34.535716162079083 ], [ -58.451892709702726, -34.535725712842407 ], [ -58.451892709727026, -34.535725712842336 ], [ -58.451892709750688, -34.535725712837788 ], [ -58.451892709772558, -34.53572571282902 ], [ -58.452025063137974, -34.535656625864668 ], [ -58.452791103669377, -34.535705877215364 ], [ -58.452862949873037, -34.535713150720746 ], [ -58.452933563392548, -34.535726313133388 ], [ -58.453002240593406, -34.535745231885883 ], [ -58.45306829744964, -34.535769720327735 ], [ -58.45313107717184, -34.535799534120414 ], [ -58.453189955652213, -34.535834375744678 ], [ -58.453244344731537, -34.535873899007875 ], [ -58.453245430615716, -34.535874862724782 ], [ -58.453293704184418, -34.535917710850633 ], [ -58.453293704188667, -34.5359177108542 ], [ -58.453294802070715, -34.535918582628859 ], [ -58.454070633592089, -34.53653406753272 ], [ -58.454280443445711, -34.536753129345101 ], [ -58.454451905263539, -34.53695944808544 ], [ -58.454451905267675, -34.536959448090101 ], [ -58.454779165687299, -34.537303710136307 ], [ -58.454802038671829, -34.537335116701406 ], [ -58.454819186117469, -34.537368928784325 ], [ -58.454830247535874, -34.537404436936669 ], [ -58.45483498988699, -34.537440895660133 ], [ -58.454833315204027, -34.537477538731892 ], [ -58.454825257323868, -34.537513597235844 ], [ -58.454681607431141, -34.537951619893384 ], [ -58.454628341319058, -34.538114040576879 ], [ -58.454231990071229, -34.538670918926066 ], [ -58.454084988434509, -34.538785389715635 ], [ -58.452900145803106, -34.53936919411592 ], [ -58.452787946823932, -34.539424476509922 ], [ -58.452413248320852, -34.539561583851778 ], [ -58.452356373156078, -34.539575329200886 ], [ -58.452322832204686, -34.539581481162124 ], [ -58.452288529332471, -34.539583057380931 ], [ -58.452254369769634, -34.539580016473579 ], [ -58.452221256550445, -34.539572439649518 ], [ -58.452169233626087, -34.539558496095495 ], [ -58.452129844623421, -34.539503788259282 ], [ -58.451972449142886, -34.53928518294002 ], [ -58.451956592778643, -34.539263159496997 ], [ -58.451928495918352, -34.539224135717568 ], [ -58.451909616228825, -34.53919791314356 ], [ -58.451910489946584, -34.539189253201464 ], [ -58.45191048994694, -34.539189253195225 ], [ -58.451911179622449, -34.539148236331478 ], [ -58.451921561309383, -34.539104352917114 ], [ -58.451931942987194, -34.539060468593085 ], [ -58.451943477146557, -34.539016585276457 ], [ -58.451943477148987, -34.539016585260235 ], [ -58.451943477147836, -34.539016585243886 ], [ -58.451943477143125, -34.539016585228005 ], [ -58.451930799517605, -34.538986055266903 ], [ -58.451930799510194, -34.53898605525297 ], [ -58.45193079950004, -34.538986055240279 ], [ -58.451930799487442, -34.538986055229174 ], [ -58.451873134998586, -34.538943129091365 ], [ -58.451832407187339, -34.538900112572541 ], [ -58.451827055088593, -34.538894460094063 ], [ -58.451827055083292, -34.538894460088876 ], [ -58.451782643976792, -34.53885422141655 ], [ -58.451625978074155, -34.538676157585606 ], [ -58.451625978070147, -34.538676157581321 ], [ -58.451414351350401, -34.538463720224129 ], [ -58.451378699797097, -34.538423292052258 ], [ -58.451355646572331, -34.538394669347532 ], [ -58.451355646557573, -34.538394669332853 ], [ -58.451355646539433, -34.538394669321086 ], [ -58.451332592029466, -34.538382741123705 ], [ -58.451332592011241, -34.538382741116123 ], [ -58.451294052073067, -34.538370326436372 ], [ -58.451279689194507, -34.538342972022775 ], [ -58.451270217484932, -34.538314195602332 ], [ -58.451265832944806, -34.538284593079268 ], [ -58.451279284047473, -34.538236382249941 ], [ -58.451279284050258, -34.538236382230352 ], [ -58.451279284047843, -34.538236382210741 ], [ -58.451279284040325, -34.538236382192039 ], [ -58.451279284028068, -34.538236382175121 ], [ -58.45119488838391, -34.538144465670918 ], [ -58.451193733906592, -34.53814320896074 ], [ -58.451193733892588, -34.538143208948171 ], [ -58.451193733875961, -34.538143208938017 ], [ -58.451193733857323, -34.538143208930641 ], [ -58.451102218087129, -34.538115494322142 ], [ -58.451102185409631, -34.538115484403164 ], [ -58.451102185400543, -34.538115484400784 ], [ -58.451075539801032, -34.538109523274152 ], [ -58.451062812974385, -34.538105708043446 ], [ -58.451010893746684, -34.53809014411938 ], [ -58.451010893720031, -34.538090144114413 ], [ -58.450980919803577, -34.538087755907199 ], [ -58.450936579410808, -34.538075936364486 ], [ -58.450936539124172, -34.538075925547481 ], [ -58.450834518734418, -34.538016189928037 ], [ -58.450677746707811, -34.537922680035827 ], [ -58.450677746701047, -34.537922680032111 ], [ -58.450642010660147, -34.53790455034558 ], [ -58.450462182502221, -34.537807222024384 ], [ -58.450240858275492, -34.537673636132496 ], [ -58.450203972657889, -34.537638333025484 ], [ -58.450203972652773, -34.537638333020894 ], [ -58.449950937032177, -34.53742756530815 ], [ -58.44987918363119, -34.537357033932658 ], [ -58.449878896130393, -34.537356751779136 ], [ -58.449883420780004, -34.537222593120617 ], [ -58.449883420780019, -34.537222593116418 ], [ -58.449878949354698, -34.537025081706602 ], [ -58.449878972677951, -34.536879742962178 ], [ -58.449908855709033, -34.53672578980261 ], [ -58.449937564508417, -34.536577893217313 ], [ -58.44995606533093, -34.53648614029126 ], [ -58.450031057925877, -34.536115035248983 ], [ -58.45003105792734, -34.536115035232008 ], [ -58.450031057924924, -34.536115035215097 ], [ -58.4500310579187, -34.536115035198868 ], [ -58.450031057908902, -34.536115035183897 ], [ -58.450031057895877, -34.536115035170724 ], [ -58.450031057880103, -34.53611503515981 ], [ -58.449673403677153, -34.535911812109703 ], [ -58.449661760440307, -34.535905196103577 ], [ -58.449496376381504, -34.535798978018271 ], [ -58.449496376376402, -34.53579897801518 ], [ -58.449456092405519, -34.535776074378155 ], [ -58.449158171858151, -34.535606684606286 ], [ -58.449124312434662, -34.53558461903507 ], [ -58.449124312424082, -34.535584619028981 ], [ -58.449098375919029, -34.535571498377294 ], [ -58.44906595681266, -34.535554203334392 ], [ -58.449065956793142, -34.53555420332615 ], [ -58.44906595677201, -34.535554203321297 ], [ -58.449045020473697, -34.535551238774353 ], [ -58.449026457894199, -34.535547079202821 ], [ -58.449026457877821, -34.535547079200242 ], [ -58.449004140232638, -34.535545015916135 ], [ -58.449004140214683, -34.535545015915716 ], [ -58.44898171747672, -34.535546014779875 ], [ -58.448981717458935, -34.535546014781893 ], [ -58.448964449849043, -34.535549193008393 ], [ -58.448959797446264, -34.53555004882174 ], [ -58.448946577857484, -34.535551476939432 ], [ -58.448946577841717, -34.535551476942139 ], [ -58.448933756645147, -34.535554502443347 ], [ -58.448933756630026, -34.535554502447944 ], [ -58.448921614871956, -34.535559060462255 ], [ -58.448921614857817, -34.53555906046865 ], [ -58.448910418336496, -34.535565049165783 ], [ -58.448910418323642, -34.535565049173826 ], [ -58.448900412146124, -34.535572339678119 ], [ -58.448900412134854, -34.535572339687633 ], [ -58.448891813092899, -34.535580771570018 ], [ -58.448863484088243, -34.535608438581967 ], [ -58.448863484082899, -34.53560843858763 ], [ -58.448857117134509, -34.535615767378602 ], [ -58.448778694847682, -34.535706034692687 ], [ -58.448778694836363, -34.535706034709136 ], [ -58.448778694829429, -34.535706034727163 ], [ -58.448778694827197, -34.535706034746006 ], [ -58.448778694829784, -34.535706034764814 ], [ -58.448778694837031, -34.535706034782756 ], [ -58.448778694848677, -34.535706034799048 ], [ -58.44877869486416, -34.535706034812975 ], [ -58.448800307548652, -34.53572177905351 ], [ -58.448789636205788, -34.535764469554536 ], [ -58.44878963620355, -34.535764469571042 ], [ -58.448789636205014, -34.535764469587619 ], [ -58.448799152588649, -34.535811732797654 ], [ -58.448799152595853, -34.535811732818097 ], [ -58.448803718367181, -34.535820623282497 ], [ -58.448803718367181, -34.535820623282497 ], [ -58.448803718374457, -34.535820623294192 ], [ -58.448809799434507, -34.535828868512873 ], [ -58.448809799443765, -34.535828868523588 ], [ -58.448817267289265, -34.535836292701894 ], [ -58.448817267300299, -34.535836292711359 ], [ -58.448825960746589, -34.535842738079296 ], [ -58.448825960759187, -34.535842738087354 ], [ -58.448835696832496, -34.535848066703942 ], [ -58.44883569684638, -34.535848066710372 ], [ -58.448846267505864, -34.535852164966613 ], [ -58.449298255170952, -34.536125386657702 ], [ -58.44932663232526, -34.536148682901675 ], [ -58.449349233223991, -34.536171043693052 ], [ -58.44936697004772, -34.536196230811754 ], [ -58.449379337492338, -34.536223526665957 ], [ -58.449388152513592, -34.536259197318657 ], [ -58.449390643089657, -34.536295547838279 ], [ -58.449390643090453, -34.536295547845249 ], [ -58.449393994647608, -34.536316077420935 ], [ -58.449383813820965, -34.5363514980058 ], [ -58.449367551809438, -34.536385328682059 ], [ -58.449345551847998, -34.536416858250945 ], [ -58.449201735692093, -34.536603000036571 ], [ -58.448893726625087, -34.53698641156457 ], [ -58.44887472866705, -34.537010060186311 ], [ -58.448826089376198, -34.537063176707306 ], [ -58.44881389032161, -34.537076498422998 ], [ -58.448813890318043, -34.537076498427119 ], [ -58.448799703684337, -34.537093943956087 ], [ -58.448760064754616, -34.537142690476323 ], [ -58.448725473043453, -34.537181800378491 ], [ -58.448725473039396, -34.537181800383408 ], [ -58.448698087541402, -34.537217477585138 ], [ -58.448698087531916, -34.537217477600606 ], [ -58.448692897331973, -34.537228448306188 ], [ -58.448692897325756, -34.537228448325287 ], [ -58.448692897324726, -34.537228448345068 ], [ -58.448692897328932, -34.537228448364552 ], [ -58.448703267729513, -34.537257546919953 ], [ -58.448709439585073, -34.537276615642817 ], [ -58.448712485773228, -34.537286026042608 ], [ -58.448713058404429, -34.537306680593332 ], [ -58.448706345922659, -34.537327030491532 ], [ -58.448693179581333, -34.537346302414122 ], [ -58.448676525664048, -34.537363629534191 ], [ -58.448656793832662, -34.537378581002798 ], [ -58.448612597174225, -34.53738979490695 ], [ -58.448566800287388, -34.537395012284087 ], [ -58.448543710667686, -34.537394554273419 ], [ -58.448520585101626, -34.537394096254047 ], [ -58.448519830251875, -34.537393979879333 ], [ -58.448475143306965, -34.537387072201135 ], [ -58.448431644779177, -34.537374120554865 ], [ -58.448391211436444, -34.537355574082497 ], [ -58.448355434581259, -34.5373322713086 ], [ -58.448354885649898, -34.53733191337767 ], [ -58.447991410722999, -34.53700118531885 ], [ -58.447990119044718, -34.537000009689827 ], [ -58.447990119026997, -34.537000009676852 ], [ -58.447979152185447, -34.536993595519334 ], [ -58.447970885701778, -34.536987089754483 ], [ -58.447969420828962, -34.536985937545232 ], [ -58.447961128618012, -34.536977196231376 ], [ -58.447954450894237, -34.536967553689635 ], [ -58.447948764937983, -34.536955089792691 ], [ -58.447945770719933, -34.536941999740186 ], [ -58.447945559665932, -34.536928678369833 ], [ -58.447948138236733, -34.536915526819136 ], [ -58.447953427932283, -34.536902944404943 ], [ -58.447963542932911, -34.536879725693467 ], [ -58.447963542937316, -34.536879725680315 ], [ -58.447969306424355, -34.536855509437672 ], [ -58.447969306426316, -34.536855509424136 ], [ -58.447970588676583, -34.536830850917077 ], [ -58.447970588676043, -34.536830850903442 ], [ -58.447967359090057, -34.536806314424602 ], [ -58.447967359087031, -34.536806314411194 ], [ -58.44795969054762, -34.536782462462888 ], [ -58.447959690542184, -34.536782462450006 ], [ -58.447947760505741, -34.53675984132137 ], [ -58.447947760498018, -34.536759841309312 ], [ -58.447931842282301, -34.536738969356875 ], [ -58.447931842275139, -34.536738969348583 ], [ -58.447865765884686, -34.536670816372521 ], [ -58.447865765879357, -34.536670816367433 ], [ -58.447834123070002, -34.536642760705909 ], [ -58.447794625676813, -34.536607741379257 ], [ -58.447793721722071, -34.536606939891549 ], [ -58.447793721716295, -34.536606939886795 ], [ -58.447716110583492, -34.536547696918781 ], [ -58.447716110577296, -34.536547696914404 ], [ -58.447633368117906, -34.536493417423813 ], [ -58.447633368111326, -34.536493417419813 ], [ -58.447545956117501, -34.53644440613985 ], [ -58.447545956110588, -34.536444406136276 ], [ -58.447454364697592, -34.536400936254523 ], [ -58.447454364690373, -34.53640093625139 ], [ -58.44735910358196, -34.536363252113119 ], [ -58.447359103578258, -34.536363252111713 ], [ -58.447140896007916, -34.536285082808213 ], [ -58.447131052894093, -34.536281556906573 ], [ -58.446779436329102, -34.536155596032621 ], [ -58.446716983314758, -34.536130701737314 ], [ -58.446716628239209, -34.536130560164295 ], [ -58.446716628237745, -34.536130560163713 ], [ -58.446716583580887, -34.536130543030453 ], [ -58.446716583554235, -34.536130543023496 ], [ -58.446704520201308, -34.536128758354252 ], [ -58.446609823253368, -34.536094834487415 ], [ -58.446538086604917, -34.536058328390311 ], [ -58.446538086595361, -34.53605832838597 ], [ -58.446462304300503, -34.536027931591242 ], [ -58.446462304290478, -34.536027931587725 ], [ -58.446383234416409, -34.536003947978884 ], [ -58.446383234406014, -34.536003947976205 ], [ -58.446301665522434, -34.535986616536199 ], [ -58.446301665511761, -34.535986616534402 ], [ -58.446218413430813, -34.535976110447315 ], [ -58.446218413419984, -34.535976110446398 ], [ -58.446134310304693, -34.535972535293304 ], [ -58.446134310297253, -34.535972535293205 ], [ -58.445942364613231, -34.535975230487168 ], [ -58.445942364609245, -34.535975230487274 ], [ -58.445900450091258, -34.535977090486909 ], [ -58.445750666048163, -34.535983735144072 ], [ -58.445750666044184, -34.535983735144313 ], [ -58.445559472726544, -34.53599803668255 ], [ -58.445559472722572, -34.535998036682919 ], [ -58.445369038413503, -34.536018117113478 ], [ -58.445369038409559, -34.536018117113969 ], [ -58.445179619055452, -34.536043948534008 ], [ -58.445179619053491, -34.536043948534292 ], [ -58.444689655857609, -34.536118407048676 ], [ -58.444689655839376, -34.536118407052825 ], [ -58.444480352479637, -34.536182705668224 ], [ -58.444185262269222, -34.536273357407147 ], [ -58.443663585711484, -34.536329652895283 ], [ -58.443663156589544, -34.536329698792464 ], [ -58.443645005465314, -34.536309057704969 ], [ -58.443884883595388, -34.536164598394613 ], [ -58.443884883611339, -34.536164598382875 ], [ -58.443884883624214, -34.536164598368778 ], [ -58.443884883633515, -34.536164598352862 ], [ -58.443884883638894, -34.536164598335766 ], [ -58.443884883640138, -34.53616459831813 ], [ -58.443884883637189, -34.536164598300616 ], [ -58.443884883630183, -34.536164598283939 ], [ -58.443884883619369, -34.536164598268691 ], [ -58.443863924965072, -34.536140763778796 ], [ -58.44386250383684, -34.536139147285155 ], [ -58.443862503822643, -34.53613914727196 ], [ -58.443862503805605, -34.536139147261302 ], [ -58.443862503786384, -34.536139147253593 ], [ -58.443862503765722, -34.536139147249145 ], [ -58.443862503744398, -34.536139147248122 ], [ -58.443862503723253, -34.536139147250552 ], [ -58.44386250370308, -34.53613914725635 ], [ -58.44386250368467, -34.536139147265303 ], [ -58.44362211673652, -34.536283912990214 ], [ -58.443621932705327, -34.536284023786898 ], [ -58.443616889513692, -34.536278991246341 ], [ -58.443615335480629, -34.536277440532949 ], [ -58.443615335465466, -34.536277440520522 ], [ -58.443615335447639, -34.53627744051078 ], [ -58.443615335427872, -34.536277440504094 ], [ -58.443615335406918, -34.536277440500733 ], [ -58.443615335385559, -34.536277440500832 ], [ -58.44361533536464, -34.536277440504371 ], [ -58.443615335344951, -34.536277440511221 ], [ -58.443615335327266, -34.536277440521104 ], [ -58.44345463538717, -34.536387722732897 ], [ -58.443298262420498, -34.53647653964174 ], [ -58.443177921064333, -34.536539723766232 ], [ -58.443112502892227, -34.536568303682976 ], [ -58.443112502884986, -34.536568303686444 ], [ -58.443049927791577, -34.53660095310461 ], [ -58.443049927784685, -34.536600953108518 ], [ -58.442990563991792, -34.536637480086952 ], [ -58.442990563988481, -34.536637480089077 ], [ -58.442815882272434, -34.536753840189341 ], [ -58.442815882252503, -34.536753840206707 ], [ -58.44272684753642, -34.536855649177667 ], [ -58.442722369317984, -34.536860769457398 ], [ -58.442659053135117, -34.536933169886382 ], [ -58.442287439597692, -34.537295528909922 ], [ -58.442194310478563, -34.537258033151055 ], [ -58.442192232423224, -34.537257196302626 ], [ -58.442319450324455, -34.537040806168562 ], [ -58.44231980013474, -34.537040211283689 ], [ -58.442319800142151, -34.537040211267097 ], [ -58.442319800145512, -34.537040211249668 ], [ -58.442319800144709, -34.537040211231997 ], [ -58.442319800139749, -34.537040211214801 ], [ -58.442319800130832, -34.537040211198743 ], [ -58.442319800118298, -34.537040211184447 ], [ -58.442319800102638, -34.537040211172425 ], [ -58.442319800084448, -34.537040211163188 ], [ -58.442288404569751, -34.537027571297358 ], [ -58.442288404549728, -34.537027571291212 ], [ -58.442288404528647, -34.537027571288434 ], [ -58.442288404507302, -34.537027571289109 ], [ -58.44228840448654, -34.537027571293216 ], [ -58.442288404467135, -34.537027571300591 ], [ -58.442288404449847, -34.537027571310958 ], [ -58.442288404435331, -34.537027571323925 ], [ -58.442288404424147, -34.537027571338982 ], [ -58.442160182795483, -34.537245669480612 ], [ -58.442150577427981, -34.537241802517492 ], [ -58.442150577407951, -34.537241802511367 ], [ -58.442150577386876, -34.537241802508582 ], [ -58.442150577365524, -34.537241802509257 ], [ -58.442150577344762, -34.53724180251335 ], [ -58.442150577325364, -34.537241802520739 ], [ -58.44215057730807, -34.537241802531106 ], [ -58.442150577293553, -34.537241802544081 ], [ -58.442150577282369, -34.537241802559137 ], [ -58.441763827839104, -34.537899631326255 ], [ -58.441563117343172, -34.537865372024982 ], [ -58.441561116499038, -34.537865030945824 ], [ -58.44162013608792, -34.537628238123887 ], [ -58.441620407604709, -34.537627148341151 ], [ -58.441620407606948, -34.53762714832358 ], [ -58.441620407605015, -34.537627148305987 ], [ -58.441620407598954, -34.53762714828904 ], [ -58.441620407589021, -34.537627148273401 ], [ -58.441620407575584, -34.537627148259659 ], [ -58.441620407559178, -34.537627148248355 ], [ -58.44162040754042, -34.537627148239913 ], [ -58.441620407520027, -34.537627148234662 ], [ -58.441583077966825, -34.537620776592718 ], [ -58.441583077945587, -34.537620776590856 ], [ -58.441583077924321, -34.537620776592476 ], [ -58.44158307790385, -34.537620776597471 ], [ -58.441583077884943, -34.537620776605699 ], [ -58.441583077868337, -34.537620776616805 ], [ -58.441583077854673, -34.537620776630398 ], [ -58.44158307784447, -34.537620776645916 ], [ -58.441583077838139, -34.537620776662791 ], [ -58.441523912031656, -34.53785815356877 ], [ -58.441511747406025, -34.537856077222912 ], [ -58.441511747406025, -34.537856077222912 ], [ -58.441511747384787, -34.537856077221058 ], [ -58.441511747363535, -34.537856077222656 ], [ -58.44151174734305, -34.53785607722768 ], [ -58.441511747324142, -34.537856077235901 ], [ -58.441511747307544, -34.537856077247007 ], [ -58.44151174729388, -34.537856077260578 ], [ -58.441511747283684, -34.537856077276111 ], [ -58.441511747277339, -34.537856077292986 ], [ -58.441370754979843, -34.53842173917004 ], [ -58.441369243612868, -34.538427804631837 ], [ -58.441338306353671, -34.538551926188397 ], [ -58.441326060899179, -34.53857078458141 ], [ -58.441121970013988, -34.538577259627004 ], [ -58.44112031000531, -34.538577312506504 ], [ -58.441109093388285, -34.538335220288474 ], [ -58.441109025155875, -34.538333736519697 ], [ -58.441109025152969, -34.538333736502196 ], [ -58.441109025145998, -34.538333736485484 ], [ -58.441109025135226, -34.538333736470229 ], [ -58.441109025121051, -34.538333736456998 ], [ -58.441109025104041, -34.538333736446319 ], [ -58.441109025084828, -34.538333736438588 ], [ -58.441109025064172, -34.538333736434112 ], [ -58.441109025042849, -34.53833373643306 ], [ -58.441076786831502, -34.538334759104117 ], [ -58.441076786810349, -34.538334759106519 ], [ -58.44107678679017, -34.538334759112296 ], [ -58.441076786771731, -34.53833475912122 ], [ -58.441076786755758, -34.538334759132944 ], [ -58.441076786742855, -34.538334759147027 ], [ -58.441076786733518, -34.538334759162922 ], [ -58.441076786728097, -34.538334759179996 ], [ -58.441076786726825, -34.538334759197653 ], [ -58.441087775797122, -34.538571952096646 ], [ -58.44107143507842, -34.538572471048781 ], [ -58.441071435057275, -34.538572471051182 ], [ -58.441071435037088, -34.538572471056952 ], [ -58.44107143501865, -34.538572471065876 ], [ -58.441071435002684, -34.538572471077607 ], [ -58.441071434989773, -34.538572471091676 ], [ -58.441071434980437, -34.538572471107571 ], [ -58.441071434975029, -34.538572471124667 ], [ -58.441071434973757, -34.538572471142302 ], [ -58.441086595076904, -34.538899712482625 ], [ -58.44109448007022, -34.539069901481504 ], [ -58.441097425031863, -34.539133483585914 ], [ -58.4410975950778, -34.539137145141311 ], [ -58.441093278200547, -34.539137275962034 ], [ -58.440845069434445, -34.539144812514564 ], [ -58.440835611931988, -34.539145099233259 ], [ -58.440835611910806, -34.53914509923564 ], [ -58.440835611890606, -34.539145099241381 ], [ -58.440835611872146, -34.539145099250298 ], [ -58.440835611856137, -34.539145099262022 ], [ -58.440835611843198, -34.539145099276098 ], [ -58.440835611833847, -34.539145099291993 ], [ -58.440835611828419, -34.539145099309081 ], [ -58.440835611827119, -34.539145099326745 ], [ -58.440876643222865, -34.540046223687462 ], [ -58.440876643222957, -34.540046223689025 ], [ -58.440887120777901, -34.540203161165884 ], [ -58.440783336571101, -34.540299020929595 ], [ -58.440737460370627, -34.540275792531972 ], [ -58.440737460358122, -34.540275792526529 ], [ -58.440688336524708, -34.540257674586698 ], [ -58.44068833651145, -34.540257674582641 ], [ -58.440636791832993, -34.540244972874575 ], [ -58.440636791812025, -34.540244972871207 ], [ -58.440600810956532, -34.540242196991358 ], [ -58.440600810939088, -34.540242196991173 ], [ -58.440564755799862, -34.540244206785793 ], [ -58.44056475578261, -34.540244206787911 ], [ -58.440529550118008, -34.540250951047561 ], [ -58.440529550104436, -34.540250951050943 ], [ -58.440508381576947, -34.540257497803339 ], [ -58.440508381566936, -34.540257497806913 ], [ -58.44048811126379, -34.540265761950124 ], [ -58.44048811125738, -34.540265761952952 ], [ -58.44048156680465, -34.540268895006946 ], [ -58.440449340242111, -34.540284326893683 ], [ -58.440449340241543, -34.540284326893961 ], [ -58.440423639627113, -34.540296807772897 ], [ -58.440334522447458, -34.540226540747256 ], [ -58.440332870308019, -34.540225238780678 ], [ -58.440320034133713, -34.540203780529602 ], [ -58.440313121105099, -34.539966571195649 ], [ -58.440312923621327, -34.539959795098923 ], [ -58.440294161725653, -34.539316036149984 ], [ -58.440308578342943, -34.539293977252569 ], [ -58.440308578346759, -34.539293977246139 ], [ -58.440313421759384, -34.539284911560252 ], [ -58.440313421765097, -34.539284911546737 ], [ -58.440316469038109, -34.539275324495229 ], [ -58.440316469041164, -34.539275324481125 ], [ -58.440317641677538, -34.539265459435839 ], [ -58.440317641677872, -34.539265459421536 ], [ -58.440316912377206, -34.539255564271045 ], [ -58.440316912374776, -34.539255564256848 ], [ -58.440314297408371, -34.539245890503594 ], [ -58.440314297403269, -34.539245890489902 ], [ -58.440309864242394, -34.539236681532927 ], [ -58.440309864234735, -34.53923668152008 ], [ -58.440303725015411, -34.539228169949631 ], [ -58.440303725005386, -34.539228169937964 ], [ -58.440296737857835, -34.53922126636121 ], [ -58.440296033262406, -34.539220570323401 ], [ -58.440296033250284, -34.539220570313184 ], [ -58.440286983918348, -34.539214074695856 ], [ -58.440286983904301, -34.539214074687315 ], [ -58.440277388391735, -34.539209160077142 ], [ -58.440277388376074, -34.539209160070499 ], [ -58.440266961347447, -34.539205588435642 ], [ -58.440266961330721, -34.539205588431187 ], [ -58.440255976178584, -34.539203450867618 ], [ -58.440255976161197, -34.539203450865436 ], [ -58.440244719359171, -34.539202804217219 ], [ -58.440244719341585, -34.539202804217389 ], [ -58.440233481731411, -34.539203665666648 ], [ -58.440233481714095, -34.539203665669156 ], [ -58.440222559595341, -34.539206011834622 ], [ -58.440222559578743, -34.53920601183939 ], [ -58.440212235100269, -34.539209781477197 ], [ -58.4402122350848, -34.539209781484132 ], [ -58.440202778423199, -34.53921487729086 ], [ -58.440202778409287, -34.539214877299756 ], [ -58.440194436875679, -34.539221165910611 ], [ -58.440194436863671, -34.539221165921255 ], [ -58.440187426187414, -34.539228484218143 ], [ -58.440187426177644, -34.539228484230229 ], [ -58.440181929417143, -34.539236639341738 ], [ -58.440181929417143, -34.539236639341738 ], [ -58.440181929409839, -34.539236639354982 ], [ -58.440178090413092, -34.539245421274984 ], [ -58.440178090408459, -34.539245421289024 ], [ -58.440176009456692, -34.539254599270222 ], [ -58.440176009454859, -34.539254599284433 ], [ -58.44017568205156, -34.539264679029095 ], [ -58.440175682052427, -34.539264679043086 ], [ -58.440177244634107, -34.53927467891824 ], [ -58.440177244637582, -34.539274678931932 ], [ -58.440180660234965, -34.53928435734683 ], [ -58.440180660240941, -34.539284357359918 ], [ -58.440185846130653, -34.539293482630846 ], [ -58.44018584613903, -34.539293482643025 ], [ -58.440192677111732, -34.539301832092548 ], [ -58.440192677122283, -34.53930183210349 ], [ -58.440200987657448, -34.539309205582214 ], [ -58.440200987669861, -34.539309205591636 ], [ -58.440201416783523, -34.539309484215146 ], [ -58.440210578430616, -34.539315424551333 ], [ -58.440210580523093, -34.53931573550198 ], [ -58.440212361276004, -34.539652123006952 ], [ -58.440213071505596, -34.53978630390931 ], [ -58.440213317878076, -34.539832979107679 ], [ -58.440147734274113, -34.53985225279434 ], [ -58.439527714783445, -34.540034458080463 ], [ -58.439527714778116, -34.540034458082168 ], [ -58.439277832554623, -34.540120352546616 ], [ -58.439235820797279, -34.540130674674842 ], [ -58.439192367295192, -34.540135375179716 ], [ -58.439148561414662, -34.54013433618838 ], [ -58.439105503376659, -34.540127584961382 ], [ -58.439064275930107, -34.540115288478589 ], [ -58.439041748148256, -34.540105796445197 ], [ -58.439020361372926, -34.540094641491429 ], [ -58.439020361358523, -34.540094641485112 ], [ -58.438991599631244, -34.540084222428412 ], [ -58.438991599625432, -34.540084222426465 ], [ -58.438880939423797, -34.540050278585674 ], [ -58.438880939417857, -34.540050278584005 ], [ -58.438768101269453, -34.540021667073141 ], [ -58.438768101263392, -34.540021667071763 ], [ -58.438653457670476, -34.539998481708878 ], [ -58.438653457664344, -34.539998481707805 ], [ -58.438537389846573, -34.539980800989753 ], [ -58.438537389840363, -34.539980800988971 ], [ -58.438420285558777, -34.539968682682328 ], [ -58.438281773829516, -34.539953165089081 ], [ -58.43819790191845, -34.53994376848415 ], [ -58.43819790190387, -34.539943768483333 ], [ -58.437932740717578, -34.539943713689865 ], [ -58.437932740708142, -34.539943713690207 ], [ -58.43756150813401, -34.539970348126054 ], [ -58.437561508123686, -34.539970348127206 ], [ -58.437404799164966, -34.53999422636555 ], [ -58.437400970310534, -34.539994809634663 ], [ -58.437437073432569, -34.539960174571711 ], [ -58.437481620370349, -34.539917438153367 ], [ -58.437486877428192, -34.539917348220989 ], [ -58.437541610809895, -34.539916415979555 ], [ -58.437571336444307, -34.53991590933154 ], [ -58.437571336468082, -34.539915909328947 ], [ -58.437571336490606, -34.539915909322104 ], [ -58.437571336510757, -34.539915909311375 ], [ -58.437571336527597, -34.539915909297235 ], [ -58.43762448543756, -34.539860140811818 ], [ -58.437637435127755, -34.539846551751609 ], [ -58.437637635627617, -34.539846341760295 ], [ -58.437637635639256, -34.53984634174526 ], [ -58.437637635647071, -34.539846341728634 ], [ -58.437637635650788, -34.539846341711055 ], [ -58.43763763565024, -34.539846341693213 ], [ -58.437637635645451, -34.539846341675812 ], [ -58.437637635636626, -34.539846341659526 ], [ -58.437637635624093, -34.539846341645017 ], [ -58.43763763560834, -34.539846341632817 ], [ -58.437559256644626, -34.539796716663759 ], [ -58.437559256627068, -34.539796716654699 ], [ -58.437559256607756, -34.539796716648546 ], [ -58.437559256587399, -34.539796716645519 ], [ -58.437559256566701, -34.539796716645739 ], [ -58.437559256546436, -34.539796716649185 ], [ -58.437559256527329, -34.539796716655751 ], [ -58.437559256510063, -34.539796716665187 ], [ -58.437559256495256, -34.539796716677145 ], [ -58.437435065542807, -34.539918230428214 ], [ -58.437348651561358, -34.540002781655865 ], [ -58.437236383669102, -34.540019887640199 ], [ -58.437236383662679, -34.54001988764135 ], [ -58.437003488307546, -34.540067538754734 ], [ -58.437003488293698, -34.5400675387584 ], [ -58.436966715397745, -34.540079545111169 ], [ -58.436793093674375, -34.540136232818639 ], [ -58.436655769786761, -34.540177425387888 ], [ -58.436655769780984, -34.540177425389786 ], [ -58.436521511248642, -34.540225038470808 ], [ -58.436521511243008, -34.540225038472968 ], [ -58.436461601161987, -34.540249724538874 ], [ -58.43645293113866, -34.540253296808245 ], [ -58.436390757091097, -34.540278917125804 ], [ -58.436390757085611, -34.540278917128234 ], [ -58.43626393328428, -34.540338885675368 ], [ -58.436263897341661, -34.540338896481948 ], [ -58.436263897320714, -34.540338896490447 ], [ -58.436225410240525, -34.540358999797199 ], [ -58.436171619815688, -34.540387098994316 ], [ -58.436171619800824, -34.540387099003659 ], [ -58.436022674216446, -34.540498407912061 ], [ -58.436022674213753, -34.54049840791415 ], [ -58.435887365511597, -34.540606649425868 ], [ -58.43588736550906, -34.540606649427964 ], [ -58.435756430031581, -34.540718511922051 ], [ -58.435756430029137, -34.540718511924204 ], [ -58.43563000834056, -34.540833876457476 ], [ -58.435630008338208, -34.540833876459708 ], [ -58.435508235561414, -34.540952615974923 ], [ -58.435508235558494, -34.540952615977886 ], [ -58.43541820254994, -34.541048375223554 ], [ -58.435418202546565, -34.541048375227334 ], [ -58.435334321759541, -34.541147886669251 ], [ -58.435334321756415, -34.54114788667318 ], [ -58.435256822053667, -34.541250880848466 ], [ -58.435256822050789, -34.541250880852523 ], [ -58.435185914873259, -34.541357076575345 ], [ -58.435185914870637, -34.541357076579501 ], [ -58.435121790967457, -34.541466186348664 ], [ -58.435121790965106, -34.541466186352942 ], [ -58.435078645166122, -34.541550510679315 ], [ -58.435078645164694, -34.541550510682256 ], [ -58.435039117683964, -34.541636030225867 ], [ -58.435039117683317, -34.541636030227302 ], [ -58.435014574307118, -34.541691952034348 ], [ -58.435014574305313, -34.541691952038803 ], [ -58.434971772663118, -34.541807995960738 ], [ -58.434971772661605, -34.541807995965264 ], [ -58.434942971617858, -34.541903686036477 ], [ -58.43450387657181, -34.541906571525352 ], [ -58.434503876571085, -34.541906571525359 ], [ -58.434392980266573, -34.541907912795182 ], [ -58.434391310392684, -34.54190793313149 ], [ -58.434389248432318, -34.541857013595283 ], [ -58.434389189027648, -34.541855539741434 ], [ -58.434389189024863, -34.541855539723947 ], [ -58.434389189018006, -34.541855539707242 ], [ -58.434389189007355, -34.541855539691973 ], [ -58.434389188993308, -34.5418555396787 ], [ -58.434389188976404, -34.541855539667942 ], [ -58.434389188957304, -34.541855539660119 ], [ -58.43438918893672, -34.541855539655529 ], [ -58.434389188915446, -34.541855539654343 ], [ -58.434201842043393, -34.541860265529216 ], [ -58.434201842022425, -34.54186026553144 ], [ -58.434201842002359, -34.54186026553699 ], [ -58.434201841983977, -34.541860265545623 ], [ -58.434201841967962, -34.541860265557027 ], [ -58.434201841954909, -34.541860265570783 ], [ -58.434201841945303, -34.541860265586372 ], [ -58.434201841939526, -34.541860265603198 ], [ -58.434201841937785, -34.541860265620628 ], [ -58.434204668649805, -34.542020362252217 ], [ -58.434204668652171, -34.542020362269682 ], [ -58.43420466865858, -34.542020362286408 ], [ -58.434204668668798, -34.542020362301805 ], [ -58.434204668682426, -34.542020362315249 ], [ -58.434204668698939, -34.542020362326262 ], [ -58.434204668717712, -34.542020362334434 ], [ -58.434204668738055, -34.542020362339414 ], [ -58.434204668759179, -34.542020362341056 ], [ -58.43420637250712, -34.542020356436979 ], [ -58.434389708430977, -34.542019690552699 ], [ -58.434389708452748, -34.542019690550802 ], [ -58.43438970847361, -34.542019690545338 ], [ -58.434389708492731, -34.542019690536534 ], [ -58.43438970850935, -34.542019690524747 ], [ -58.434389708522779, -34.54201969051045 ], [ -58.434389708532493, -34.542019690494222 ], [ -58.43439490104533, -34.542008243605956 ], [ -58.434919745670143, -34.541996373176083 ], [ -58.434919398780593, -34.54199785133202 ], [ -58.434908365131477, -34.54204482684559 ], [ -58.434888014230815, -34.542127091212031 ], [ -58.434860559009451, -34.54220792875455 ], [ -58.434826140116684, -34.542286921240013 ], [ -58.434784938508052, -34.542363658553725 ], [ -58.434737166729214, -34.54243774140479 ], [ -58.434683072182892, -34.542508785833981 ], [ -58.434622937129561, -34.542576422312614 ], [ -58.434572158268473, -34.542625671773635 ], [ -58.43457215825638, -34.542625671788009 ], [ -58.434572158247853, -34.542625671804018 ], [ -58.434572158243235, -34.542625671821092 ], [ -58.434572158242688, -34.542625671838579 ], [ -58.434572158246226, -34.542625671855824 ], [ -58.434572158253744, -34.54262567187218 ], [ -58.434572158264928, -34.542625671887031 ], [ -58.434572158279366, -34.542625671899813 ], [ -58.434572158296518, -34.542625671910045 ], [ -58.434572158315724, -34.542625671917357 ], [ -58.434572158336294, -34.542625671921435 ], [ -58.43460550613581, -34.54262952159975 ], [ -58.434557073290662, -34.542640302025433 ], [ -58.434557073271669, -34.542640302031266 ], [ -58.434557073254304, -34.542640302039921 ], [ -58.434557073239176, -34.542640302051097 ], [ -58.43447139931223, -34.542716564545515 ], [ -58.43438030718827, -34.54278840056957 ], [ -58.434284131391742, -34.542855545172138 ], [ -58.434183222786942, -34.542917753235777 ], [ -58.434077951847584, -34.542974796774011 ], [ -58.433698755279011, -34.543128235345598 ], [ -58.433536005609, -34.54319408948033 ], [ -58.433536005606697, -34.54319408948129 ], [ -58.433392529216199, -34.543255662717939 ], [ -58.433392529211702, -34.543255662719986 ], [ -58.43325272723829, -34.543322774181242 ], [ -58.433252727233906, -34.543322774183473 ], [ -58.433116912361392, -34.54339527522297 ], [ -58.433116912357136, -34.543395275225372 ], [ -58.432985387473401, -34.54347300367386 ], [ -58.43298538747181, -34.543473003674826 ], [ -58.432745464074877, -34.543620269222217 ], [ -58.432703473498414, -34.543646042333329 ], [ -58.432613578905972, -34.543701219791799 ], [ -58.432238703001715, -34.543925974296116 ], [ -58.432238702999854, -34.543925974297252 ], [ -58.432141564584228, -34.543986854718156 ], [ -58.432141564579673, -34.543986854721176 ], [ -58.432048509612514, -34.544051955706585 ], [ -58.432048509608151, -34.544051955709804 ], [ -58.431959806141741, -34.544121091642936 ], [ -58.431959806137606, -34.544121091646353 ], [ -58.431875708070528, -34.544194062484294 ], [ -58.431875708066613, -34.544194062487882 ], [ -58.431796458410084, -34.544270659170785 ], [ -58.431796458406403, -34.544270659174529 ], [ -58.431722284927609, -34.544350660920074 ], [ -58.431722284924184, -34.544350660923982 ], [ -58.431653401235053, -34.544433837030383 ], [ -58.431653401234897, -34.544433837030567 ], [ -58.431586892105159, -34.544514569031875 ], [ -58.431515708263639, -34.544592523371051 ], [ -58.431440019715403, -34.54466751619605 ], [ -58.431440019714479, -34.544667516196981 ], [ -58.431386590708073, -34.544721918006836 ], [ -58.431386590703127, -34.544721918012279 ], [ -58.431338275085174, -34.544779501383985 ], [ -58.431338275080741, -34.544779501389733 ], [ -58.43129534968682, -34.544839937379692 ], [ -58.431295349682912, -34.544839937385696 ], [ -58.431258056497697, -34.544902881714712 ], [ -58.431169317613694, -34.545037452800415 ], [ -58.431169317610902, -34.545037452804955 ], [ -58.431052504200679, -34.545241342733981 ], [ -58.431052504196593, -34.545241342742116 ], [ -58.430992002058666, -34.545380747404295 ], [ -58.430961157218597, -34.545444751622604 ], [ -58.430949939414781, -34.545468028094433 ], [ -58.430945545618471, -34.545477145801456 ], [ -58.430945545616524, -34.545477145805819 ], [ -58.430905148671449, -34.545575395528282 ], [ -58.430905148670341, -34.54557539553111 ], [ -58.430830353200207, -34.545779109772973 ], [ -58.430830353199084, -34.54577910977622 ], [ -58.430779850086864, -34.54593770212486 ], [ -58.430779850084846, -34.545937702132548 ], [ -58.430755474844347, -34.54605487708708 ], [ -58.430732437557673, -34.546146286805708 ], [ -58.430732437556514, -34.546146286811137 ], [ -58.430716199907351, -34.5462386899137 ], [ -58.430716199906584, -34.546238689919178 ], [ -58.430706820879188, -34.546331742977507 ], [ -58.430706820879038, -34.546331742979227 ], [ -58.430684082571766, -34.546625433739223 ], [ -58.430684082571553, -34.54662543374495 ], [ -58.430683994175929, -34.546852012742114 ], [ -58.430683994176249, -34.546852012748964 ], [ -58.430720023961712, -34.547244461844954 ], [ -58.430721511242375, -34.547260663647727 ], [ -58.430727576448085, -34.547326722041078 ], [ -58.430721277980417, -34.547333800134368 ], [ -58.430597329860412, -34.547343307731673 ], [ -58.430115085998217, -34.54701056340182 ], [ -58.430113213888554, -34.547009271201709 ], [ -58.43016223467712, -34.5469615835976 ], [ -58.430162234689448, -34.546961583582871 ], [ -58.430162234697995, -34.546961583566414 ], [ -58.430162234702451, -34.546961583548878 ], [ -58.430162234702628, -34.546961583530965 ], [ -58.430162234698521, -34.546961583513379 ], [ -58.430162234690286, -34.546961583496802 ], [ -58.430162234678257, -34.546961583481902 ], [ -58.430121896627654, -34.546921027094719 ], [ -58.430121896612356, -34.546921027082128 ], [ -58.430121896594358, -34.546921027072266 ], [ -58.43012189657437, -34.546921027065551 ], [ -58.43012189655316, -34.546921027062226 ], [ -58.430121896531588, -34.54692102706241 ], [ -58.430121896510478, -34.546921027066119 ], [ -58.430121896490661, -34.546921027073189 ], [ -58.430121896472926, -34.546921027083364 ], [ -58.430121896457962, -34.546921027096225 ], [ -58.430015202427143, -34.547033095423402 ], [ -58.430015202423846, -34.547033095427061 ], [ -58.429971371123457, -34.547084267584061 ], [ -58.429971371123457, -34.547084267584061 ], [ -58.429971371117546, -34.547084267591764 ], [ -58.429934022620458, -34.547138848009197 ], [ -58.429934022615519, -34.547138848017362 ], [ -58.429903539540568, -34.547196274313244 ], [ -58.429903539536653, -34.547196274321784 ], [ -58.42988023588309, -34.547255957953162 ], [ -58.429880235880226, -34.547255957961987 ], [ -58.429864350489339, -34.547317286927182 ], [ -58.42986435048757, -34.547317286936192 ], [ -58.429856044861225, -34.547379631182565 ], [ -58.429856044860571, -34.547379631191681 ], [ -58.429855776081858, -34.547406092602479 ], [ -58.429855675170963, -34.547415972250135 ], [ -58.429855406425162, -34.547442350729234 ], [ -58.429855406425631, -34.547442350738343 ], [ -58.429862440903023, -34.547504801947589 ], [ -58.429862440904031, -34.547504801953984 ], [ -58.429874111515645, -34.547562964525035 ], [ -58.429874111517819, -34.547562964533384 ], [ -58.429892376901442, -34.547619953442272 ], [ -58.42989237690454, -34.547619953450415 ], [ -58.429917073862839, -34.547675258440115 ], [ -58.429917073866875, -34.547675258447967 ], [ -58.429947979276669, -34.547728383667099 ], [ -58.429947979279873, -34.54772838367218 ], [ -58.429982112766375, -34.547778608961593 ], [ -58.429982112771846, -34.547778608968819 ], [ -58.430016220698704, -34.547819254742933 ], [ -58.430021830765959, -34.547825940376711 ], [ -58.430021830772226, -34.547825940383468 ], [ -58.430028665353632, -34.547832633562081 ], [ -58.430066776115503, -34.547869954135066 ], [ -58.430066776122523, -34.547869954141312 ], [ -58.43011654697488, -34.547910257098174 ], [ -58.430116546982575, -34.547910257103844 ], [ -58.430170697911251, -34.54794648766579 ], [ -58.430170697919557, -34.547946487670828 ], [ -58.430228745343896, -34.547978322087715 ], [ -58.430228745361859, -34.547978322095666 ], [ -58.430228745381314, -34.547978322100725 ], [ -58.43022874540155, -34.547978322102686 ], [ -58.430228745421886, -34.547978322101507 ], [ -58.430228745441603, -34.547978322097201 ], [ -58.430228745459999, -34.547978322089946 ], [ -58.430228745476434, -34.54797832207997 ], [ -58.430228745490339, -34.547978322067628 ], [ -58.430228745501232, -34.547978322053368 ], [ -58.430233152905139, -34.547971137947307 ], [ -58.430245508456508, -34.547951001540305 ], [ -58.430256910137757, -34.547932418939418 ], [ -58.430256910137857, -34.54793241893924 ], [ -58.430256970095243, -34.547932320699587 ], [ -58.430256970102661, -34.547932320683962 ], [ -58.430256970106456, -34.547932320667485 ], [ -58.430256970106491, -34.547932320650688 ], [ -58.430256970102754, -34.547932320634196 ], [ -58.4302569700954, -34.547932320618564 ], [ -58.430256970084649, -34.547932320604325 ], [ -58.430256970070907, -34.547932320591975 ], [ -58.430201150055296, -34.547890725204908 ], [ -58.430199337860834, -34.547889374430135 ], [ -58.430594382888771, -34.547507874029577 ], [ -58.430626144251498, -34.547506927018063 ], [ -58.430752918510748, -34.547503146927319 ], [ -58.430771193071664, -34.547742401066635 ], [ -58.430769313077434, -34.54774188228572 ], [ -58.430766307673849, -34.547741052169258 ], [ -58.430753900444195, -34.547737626132438 ], [ -58.430753900425451, -34.547737626128743 ], [ -58.430753900406202, -34.547737626127848 ], [ -58.430723527981364, -34.547738435625732 ], [ -58.430723527956019, -34.547738435628915 ], [ -58.430677405191389, -34.547748917765276 ], [ -58.430677405178798, -34.547748917768835 ], [ -58.43063819914105, -34.547762263778893 ], [ -58.430638199128936, -34.547762263783753 ], [ -58.430522879654923, -34.547816134801316 ], [ -58.43052287965002, -34.547816134803746 ], [ -58.430459453167913, -34.547849507636293 ], [ -58.430459453149361, -34.547849507648593 ], [ -58.430364300965643, -34.547928188591499 ], [ -58.430364300960413, -34.547928188596131 ], [ -58.430296861769769, -34.547992406299286 ], [ -58.430288680350706, -34.548000196947712 ], [ -58.430225213687478, -34.548049189624798 ], [ -58.430225213686334, -34.548049189625701 ], [ -58.430163895406444, -34.548097918736637 ], [ -58.430163895400987, -34.548097918741298 ], [ -58.430106978041245, -34.548150175412083 ], [ -58.430106978036193, -34.548150175417064 ], [ -58.430054758031076, -34.548205688403996 ], [ -58.430054758026486, -34.548205688409254 ], [ -58.430007505673075, -34.548264170235797 ], [ -58.43000750566982, -34.548264170240088 ], [ -58.429924332109266, -34.548380790785167 ], [ -58.42992433210712, -34.548380790788336 ], [ -58.42984689639291, -34.548500085586724 ], [ -58.42984689639092, -34.54850008558995 ], [ -58.429801382500457, -34.548577524876755 ], [ -58.429729030859178, -34.548658807677164 ], [ -58.429649994948406, -34.548735712153231 ], [ -58.429564660579516, -34.548807861596941 ], [ -58.429473445149206, -34.548874903651729 ], [ -58.429376794374441, -34.548936511209398 ], [ -58.429275180112711, -34.548992384212497 ], [ -58.429169097093954, -34.549042248752414 ], [ -58.429059065101931, -34.549085861575442 ], [ -58.428799212561522, -34.54914820072505 ], [ -58.428797121182164, -34.549147431227709 ], [ -58.428778461835563, -34.549140562465908 ], [ -58.428778461814602, -34.549140562460195 ], [ -58.428760014545794, -34.549137218346722 ], [ -58.428760014522524, -34.54913721834464 ], [ -58.428744449655653, -34.549137213940718 ], [ -58.428743976925368, -34.549137048852316 ], [ -58.428743976925368, -34.549137048852316 ], [ -58.428636702941127, -34.549099476591941 ], [ -58.428636702940743, -34.549099476591799 ], [ -58.428636596211369, -34.54909943961006 ], [ -58.428599655464495, -34.549067708711505 ], [ -58.428445497782505, -34.548935294317815 ], [ -58.428445497782128, -34.548935294317481 ], [ -58.428360206293611, -34.548862765221969 ], [ -58.428184081228238, -34.548711251918299 ], [ -58.428182709031276, -34.548710071551767 ], [ -58.428182709023361, -34.548710071545599 ], [ -58.427889936696879, -34.548503920086482 ], [ -58.4276017879778, -34.548272963717558 ], [ -58.427601787963653, -34.548272963707987 ], [ -58.427601371901176, -34.548272727411664 ], [ -58.427566427035515, -34.548252833445176 ], [ -58.427528015367166, -34.548230966123917 ], [ -58.427528015348301, -34.548230966115312 ], [ -58.427528015327752, -34.548230966109969 ], [ -58.427528015306343, -34.548230966108051 ], [ -58.427528015284878, -34.548230966109656 ], [ -58.42746805537606, -34.54824048836366 ], [ -58.427468055356314, -34.548240488368435 ], [ -58.427468055338004, -34.548240488376187 ], [ -58.427359650718465, -34.548297697327236 ], [ -58.427359650705107, -34.548297697335535 ], [ -58.427332718017205, -34.548317295509534 ], [ -58.427332718016942, -34.548317295509733 ], [ -58.427332555640298, -34.548317414450558 ], [ -58.427056411585752, -34.548518359745501 ], [ -58.426800491382131, -34.548190842731451 ], [ -58.426779128670731, -34.548163503180241 ], [ -58.426779128657216, -34.548163503166229 ], [ -58.426779128640618, -34.548163503154704 ], [ -58.426779128621597, -34.548163503146128 ], [ -58.426779128600913, -34.548163503140849 ], [ -58.426779128579348, -34.548163503139037 ], [ -58.426779128557797, -34.548163503140806 ], [ -58.426779128537085, -34.548163503146064 ], [ -58.426779128518049, -34.548163503154605 ], [ -58.425585738316954, -34.54883393594816 ], [ -58.425495790154834, -34.548866821141438 ], [ -58.425495790150954, -34.548866821142923 ], [ -58.425407569554288, -34.548902569750815 ], [ -58.425407569543225, -34.548902569755995 ], [ -58.425338409246734, -34.548939422166249 ], [ -58.425273541515494, -34.54896623393865 ], [ -58.425188790473328, -34.548978728352232 ], [ -58.425195721444723, -34.548950110243105 ], [ -58.425195721446805, -34.548950110227892 ], [ -58.425195721445739, -34.548950110212608 ], [ -58.425195721441568, -34.548950110197673 ], [ -58.425188632004115, -34.548931956790916 ], [ -58.425188631996036, -34.548931956775398 ], [ -58.425188631984611, -34.548931956761407 ], [ -58.425188631970222, -34.548931956749414 ], [ -58.425171342526227, -34.548920026334443 ], [ -58.425171342508492, -34.548920026324481 ], [ -58.425171342488724, -34.548920026317575 ], [ -58.425171342467706, -34.548920026314022 ], [ -58.425150444531418, -34.548918231349418 ], [ -58.425150444508098, -34.548918231349496 ], [ -58.425150444485325, -34.548918231353667 ], [ -58.425150444464158, -34.54891823136176 ], [ -58.42513602897921, -34.548925381506798 ], [ -58.425136028961973, -34.548925381517378 ], [ -58.425136028947584, -34.548925381530566 ], [ -58.425136028936592, -34.548925381545835 ], [ -58.425125210786007, -34.548944458732592 ], [ -58.425125210778951, -34.548944458748998 ], [ -58.425125210775832, -34.548944458766208 ], [ -58.425125210776784, -34.548944458783602 ], [ -58.425128805120472, -34.5489653289128 ], [ -58.425128805127748, -34.548965328934727 ], [ -58.425440821576572, -34.549585412459152 ], [ -58.425676318315531, -34.550062018931655 ], [ -58.425676318316015, -34.550062018932614 ], [ -58.426573660226097, -34.551819305630204 ], [ -58.426321582735135, -34.5519187473326 ], [ -58.426271041616637, -34.551938685158142 ], [ -58.425738212469064, -34.552142651081098 ], [ -58.425581531418757, -34.551848766584193 ], [ -58.424521276818297, -34.549759260232058 ], [ -58.424521276818055, -34.549759260231596 ], [ -58.424268564330866, -34.549268935258688 ], [ -58.424268564322226, -34.549268935245237 ], [ -58.424268564310978, -34.549268935233158 ], [ -58.4242495484297, -34.549251756912831 ], [ -58.424249548415396, -34.549251756902031 ], [ -58.424249548399025, -34.54925175689349 ], [ -58.42424954838107, -34.549251756887472 ], [ -58.424249548362127, -34.549251756884189 ], [ -58.424220147741956, -34.549248885437798 ], [ -58.424220147718572, -34.549248885437606 ], [ -58.424220147695671, -34.549248885441543 ], [ -58.424220147674326, -34.549248885449444 ], [ -58.424199389050528, -34.549258896394591 ], [ -58.424199389030989, -34.54925889640662 ], [ -58.424199389015172, -34.549258896421932 ], [ -58.424199389003867, -34.549258896439767 ], [ -58.424187271031229, -34.549284650918977 ], [ -58.424187271025517, -34.549284650935775 ], [ -58.424187271023825, -34.549284650953183 ], [ -58.42418727102622, -34.549284650970513 ], [ -58.424187271032594, -34.549284650987154 ], [ -58.42419763863483, -34.549304688587874 ], [ -58.424197638646511, -34.549304688604998 ], [ -58.424197638662413, -34.549304688619614 ], [ -58.424197638681747, -34.549304688631047 ], [ -58.424197638703632, -34.549304688638728 ], [ -58.424232224562026, -34.549313285817554 ], [ -58.425201327070823, -34.551198010246722 ], [ -58.425201327071079, -34.551198010247226 ], [ -58.425703360445212, -34.552157935881482 ], [ -58.424235884014749, -34.552644713110709 ], [ -58.423691993693289, -34.552795373167797 ], [ -58.423691262548168, -34.552795575752235 ], [ -58.423427503092348, -34.552868637292846 ], [ -58.423324774270469, -34.55289709247657 ], [ -58.423133727983114, -34.552950011289539 ], [ -58.422885796873636, -34.553018685971708 ], [ -58.422832102153059, -34.552870350691457 ], [ -58.422832102145165, -34.552870350675413 ], [ -58.422832102133697, -34.552870350660939 ], [ -58.422832102119095, -34.552870350648526 ], [ -58.422832102101907, -34.552870350638671 ], [ -58.422832102082744, -34.552870350631693 ], [ -58.42283210206233, -34.552870350627892 ], [ -58.422832102041397, -34.552870350627387 ], [ -58.422832102020749, -34.552870350630194 ], [ -58.422316777411801, -34.552983468584863 ], [ -58.422316777391671, -34.552983468591101 ], [ -58.422316777373418, -34.552983468600495 ], [ -58.422316777357729, -34.552983468612645 ], [ -58.422316777345252, -34.552983468627126 ], [ -58.422316777336434, -34.552983468643355 ], [ -58.422316777331652, -34.552983468660692 ], [ -58.422316777331076, -34.552983468678462 ], [ -58.422316777334714, -34.552983468695984 ], [ -58.422328375401506, -34.553018216380686 ], [ -58.422328375404135, -34.553018216387507 ], [ -58.422378101179937, -34.553131338020961 ], [ -58.422299134416789, -34.553151690114063 ], [ -58.422256954665592, -34.553162560701885 ], [ -58.421275446952222, -34.553415523051498 ], [ -58.421244807436779, -34.553423203496472 ], [ -58.420954510304682, -34.553495969296122 ], [ -58.420678967500855, -34.553565035582906 ], [ -58.420392594280436, -34.553636814349105 ], [ -58.420181470531112, -34.553689370821431 ], [ -58.420181470530594, -34.553689370821566 ], [ -58.420011145692747, -34.553732529577267 ], [ -58.419874181427062, -34.553764985576919 ], [ -58.419874138931476, -34.553764995477451 ], [ -58.419874138930766, -34.553764995477614 ], [ -58.419873145179125, -34.553765233101487 ], [ -58.419775220292486, -34.553788659731296 ], [ -58.419775220291314, -34.55378865973158 ], [ -58.419719572043661, -34.553802531807349 ], [ -58.419719572042325, -34.553802531807683 ], [ -58.419719530637003, -34.553802542609695 ], [ -58.41971608084306, -34.553803352664239 ], [ -58.41967168133867, -34.553813776259055 ], [ -58.419671681337292, -34.553813776259382 ], [ -58.419601944013188, -34.553830972224382 ], [ -58.419534102669047, -34.553847655014472 ], [ -58.419482746553719, -34.55386029085826 ], [ -58.419433627483457, -34.553872346062327 ], [ -58.419430925160448, -34.553873009444736 ], [ -58.419429735266888, -34.553873301080266 ], [ -58.419382166749401, -34.553884974614647 ], [ -58.419284650194584, -34.553908317164307 ], [ -58.419284650188352, -34.553908317165956 ], [ -58.419230855085019, -34.553924152098112 ], [ -58.419223117296575, -34.553926430822337 ], [ -58.419175417818778, -34.553940471381964 ], [ -58.419175384042525, -34.553940481284414 ], [ -58.419169067406919, -34.55394193571022 ], [ -58.419075103426394, -34.553963563956529 ], [ -58.419075103422607, -34.55396356395746 ], [ -58.419010630480692, -34.55398051449933 ], [ -58.419008952405584, -34.553980955590923 ], [ -58.419008543783633, -34.553981062712744 ], [ -58.418938092943442, -34.5539995840412 ], [ -58.418852060949142, -34.554020287426376 ], [ -58.41878251092384, -34.554037025064794 ], [ -58.418782510922632, -34.554037025065092 ], [ -58.418715410025619, -34.554053872631066 ], [ -58.418714709378165, -34.554054048153908 ], [ -58.418635798776542, -34.55407385886793 ], [ -58.418635798775369, -34.554073858868229 ], [ -58.418498789139235, -34.554109649495345 ], [ -58.418494370633638, -34.554110671897128 ], [ -58.418393232012853, -34.554134061983142 ], [ -58.418393185158216, -34.55413407278305 ], [ -58.418393185155836, -34.554134072783619 ], [ -58.418248182352599, -34.554170455132564 ], [ -58.41811954092806, -34.55420219920147 ], [ -58.418119540927641, -34.554202199201569 ], [ -58.418062271772293, -34.554216544072752 ], [ -58.418010338656146, -34.554229550471312 ], [ -58.418010338654391, -34.554229550471774 ], [ -58.417981978964143, -34.554237087615192 ], [ -58.417901391476398, -34.554258508084651 ], [ -58.417836533687442, -34.554273063666038 ], [ -58.417833005419361, -34.55427385560985 ], [ -58.41783121840264, -34.554274256981763 ], [ -58.417774178788008, -34.554287055852072 ], [ -58.417774178784455, -34.554287055852932 ], [ -58.417633845437344, -34.554322810915998 ], [ -58.417511310984189, -34.554353236033329 ], [ -58.417511310983947, -34.554353236033393 ], [ -58.417386314746558, -34.554384545305332 ], [ -58.417386314745251, -34.554384545305666 ], [ -58.417386270068782, -34.554384557007452 ], [ -58.417386270067105, -34.554384557007893 ], [ -58.417235891120583, -34.554426169828254 ], [ -58.417193057402081, -34.554437129461157 ], [ -58.417096115137959, -34.554461931693773 ], [ -58.417096115135529, -34.554461931694412 ], [ -58.416951565658998, -34.554502004926327 ], [ -58.416896150952709, -34.554517409132863 ], [ -58.416874099046645, -34.554523536777722 ], [ -58.416827309155309, -34.554536540120694 ], [ -58.416827309155046, -34.554536540120765 ], [ -58.416788467347757, -34.554547427213976 ], [ -58.416771396345389, -34.554552212706817 ], [ -58.416726957902355, -34.554564665232725 ], [ -58.416726957898909, -34.554564665233741 ], [ -58.416581503011045, -34.554609994815841 ], [ -58.416427993144573, -34.554657316896197 ], [ -58.416427993144097, -34.554657316896339 ], [ -58.416427952825558, -34.554657329500671 ], [ -58.416299804007927, -34.554695942530664 ], [ -58.416299804006144, -34.554695942531218 ], [ -58.416299761507425, -34.554695956036277 ], [ -58.416161054294349, -34.554739948190047 ], [ -58.416161054293902, -34.554739948190182 ], [ -58.416161015064176, -34.554739960795047 ], [ -58.416161015062485, -34.554739960795601 ], [ -58.416012450640238, -34.554790075086039 ], [ -58.415941979171961, -34.554813783300695 ], [ -58.415910779225356, -34.554824277350633 ], [ -58.415852200980105, -34.554843980572414 ], [ -58.415681948908365, -34.554900531247249 ], [ -58.415681948905103, -34.554900531248371 ], [ -58.415553083194041, -34.554947404810584 ], [ -58.415553083193579, -34.55494740481074 ], [ -58.41542031678491, -34.5549963013165 ], [ -58.415420316784044, -34.55499630131682 ], [ -58.415343257940336, -34.555025340357147 ], [ -58.415296438711962, -34.555042991770179 ], [ -58.415296438711529, -34.555042991770343 ], [ -58.415296410377763, -34.555043002576348 ], [ -58.415296410377422, -34.555043002576475 ], [ -58.415168657491613, -34.555092168503045 ], [ -58.415102949372113, -34.555116983261591 ], [ -58.415036148183489, -34.555142211308642 ], [ -58.415036148180896, -34.555142211309658 ], [ -58.414988589214204, -34.555161439812565 ], [ -58.414988439914715, -34.555161500149232 ], [ -58.414959187014119, -34.555173327939229 ], [ -58.414898851455682, -34.555197714732898 ], [ -58.414829632376396, -34.555225014994555 ], [ -58.414774665309714, -34.555246693260962 ], [ -58.414774665307924, -34.55524669326168 ], [ -58.414774628255223, -34.555246708571261 ], [ -58.414774628254968, -34.55524670857136 ], [ -58.414629828143248, -34.555306940309549 ], [ -58.414629828143113, -34.555306940309606 ], [ -58.41455782136061, -34.555336999481028 ], [ -58.414506439909502, -34.555358451897504 ], [ -58.414506439906077, -34.555358451899004 ], [ -58.414389134335948, -34.555411838968006 ], [ -58.414389134335273, -34.555411838968318 ], [ -58.414389107089754, -34.555411851577425 ], [ -58.414389107089413, -34.555411851577588 ], [ -58.414307518490091, -34.555449933085434 ], [ -58.414266780835959, -34.555468943192992 ], [ -58.414253923078064, -34.555474943348344 ], [ -58.414253923071641, -34.555474943351577 ], [ -58.414195236523831, -34.555506934012051 ], [ -58.414176523344871, -34.555517135167314 ], [ -58.414127512669232, -34.555543850919669 ], [ -58.41411703895551, -34.555549547337634 ], [ -58.414116838418266, -34.555549656329752 ], [ -58.414116838418153, -34.555549656329816 ], [ -58.414116489657459, -34.55554984639079 ], [ -58.414024016845261, -34.555600129571886 ], [ -58.414023985240597, -34.555600145784219 ], [ -58.414023985236973, -34.555600145786158 ], [ -58.413948249965372, -34.555642529230887 ], [ -58.413887503877589, -34.55567652278647 ], [ -58.413887503874356, -34.555676522788367 ], [ -58.413791983303398, -34.555734271996435 ], [ -58.413791953878906, -34.555734289109921 ], [ -58.413780686816132, -34.555740198814682 ], [ -58.413780686816018, -34.555740198814746 ], [ -58.413780602896104, -34.555740242950691 ], [ -58.413673186424674, -34.555796586418722 ], [ -58.413673147192085, -34.555796605331928 ], [ -58.413673147187282, -34.555796605334372 ], [ -58.413566272250478, -34.555854470540822 ], [ -58.413566272249597, -34.555854470541298 ], [ -58.413465242614201, -34.555910331457902 ], [ -58.413363445015243, -34.555962056220551 ], [ -58.41336344501206, -34.555962056222228 ], [ -58.413307033361377, -34.55599298730295 ], [ -58.413307033361271, -34.555992987302993 ], [ -58.413306610483325, -34.555993219698443 ], [ -58.413253769281134, -34.556022187100652 ], [ -58.413133274229324, -34.556084271338349 ], [ -58.413133274225721, -34.556084271340296 ], [ -58.41307977744578, -34.556114317408429 ], [ -58.413034187878935, -34.556139922664279 ], [ -58.412949057799459, -34.556187461395268 ], [ -58.412840498382209, -34.556247371510835 ], [ -58.412840498380888, -34.556247371511589 ], [ -58.412807499118017, -34.556266164378734 ], [ -58.412763731502615, -34.556291089707656 ], [ -58.412763731501521, -34.556291089708296 ], [ -58.412731371689517, -34.556310003610847 ], [ -58.412675806297528, -34.5563424752903 ], [ -58.412675806297109, -34.556342475290556 ], [ -58.412675775779128, -34.556342493306488 ], [ -58.412675775778787, -34.556342493306694 ], [ -58.412628781204866, -34.556370462275382 ], [ -58.412585624257069, -34.556396138683624 ], [ -58.41258562425687, -34.556396138683745 ], [ -58.412585573030597, -34.556396169310659 ], [ -58.412559003996861, -34.556411562788206 ], [ -58.41252331447842, -34.556432239347536 ], [ -58.412523314474029, -34.556432239350201 ], [ -58.412450657347676, -34.556478978842016 ], [ -58.412394912347089, -34.55651081931623 ], [ -58.412357142267048, -34.556532390979349 ], [ -58.412357142262877, -34.55653239098185 ], [ -58.412280632489185, -34.556580664800244 ], [ -58.412280582351151, -34.556580696329242 ], [ -58.412187548800937, -34.556639161948077 ], [ -58.412187548798606, -34.556639161949576 ], [ -58.412148873939906, -34.556664860811352 ], [ -58.412107320402285, -34.556692474891129 ], [ -58.412027664613611, -34.556744648613474 ], [ -58.411973934722546, -34.556778599084396 ], [ -58.411955854351959, -34.5567900215989 ], [ -58.411955854350573, -34.556790021599802 ], [ -58.411924861809702, -34.556810269976431 ], [ -58.41192417948087, -34.556810715896532 ], [ -58.411910658253703, -34.556819547813561 ], [ -58.411875638208855, -34.556842420344239 ], [ -58.411875638206887, -34.556842420345554 ], [ -58.411813280131895, -34.556885134406862 ], [ -58.411798216395226, -34.556895231266459 ], [ -58.411755971423226, -34.556923545344155 ], [ -58.411746147287595, -34.556930127034583 ], [ -58.411745584849065, -34.556930504495753 ], [ -58.411709154984962, -34.556954907008844 ], [ -58.411682445695874, -34.556972798995666 ], [ -58.411682445694041, -34.556972798996917 ], [ -58.411542356429223, -34.557070917897349 ], [ -58.411424861920189, -34.557153208135432 ], [ -58.411424861919876, -34.557153208135659 ], [ -58.411142153095341, -34.557352789297376 ], [ -58.41114215309355, -34.557352789298676 ], [ -58.411142122652002, -34.557352811762357 ], [ -58.411088774399488, -34.557304981755117 ], [ -58.411025850001025, -34.557248568662523 ], [ -58.411025849983915, -34.557248568650081 ], [ -58.411025849964041, -34.557248568640851 ], [ -58.411025849942284, -34.557248568635259 ], [ -58.411025849919604, -34.557248568633526 ], [ -58.41102584989698, -34.557248568635728 ], [ -58.410880890098923, -34.557275622359747 ], [ -58.410743646222052, -34.557301234243049 ], [ -58.410743602696883, -34.557301242325671 ], [ -58.410691850422133, -34.557254117722621 ], [ -58.410646479330104, -34.557212805582047 ], [ -58.410668426636462, -34.557194577400757 ], [ -58.41067636706196, -34.557187988675516 ], [ -58.410676367075432, -34.557187988661887 ], [ -58.410676367085458, -34.557187988646369 ], [ -58.410676367091639, -34.557187988629515 ], [ -58.41067636709375, -34.557187988612007 ], [ -58.410676367091703, -34.557187988594478 ], [ -58.410676367085586, -34.557187988577617 ], [ -58.41067636707561, -34.557187988562063 ], [ -58.410676367062173, -34.557187988548414 ], [ -58.410659215680056, -34.5571736736783 ], [ -58.41065749400876, -34.557172236058655 ], [ -58.410636888406579, -34.557155029715538 ], [ -58.410635166737677, -34.55715359209691 ], [ -58.410083330466477, -34.556651433686042 ], [ -58.4100833304513, -34.55665143367461 ], [ -58.410083330433793, -34.556651433665742 ], [ -58.410083330414587, -34.556651433659731 ], [ -58.410083330394357, -34.556651433656818 ], [ -58.410083330373823, -34.556651433657095 ], [ -58.410083330353721, -34.556651433660569 ], [ -58.41008333033475, -34.556651433667078 ], [ -58.410083330317605, -34.556651433676436 ], [ -58.410066031955971, -34.556662937380629 ], [ -58.410057682523778, -34.556668491048185 ], [ -58.410042238325673, -34.556678768661435 ], [ -58.410031903179942, -34.55666993111123 ], [ -58.410023451846222, -34.556662707880612 ], [ -58.410008319819404, -34.556649765773713 ], [ -58.410008286061988, -34.556649736913236 ], [ -58.410008286054186, -34.556649736907204 ], [ -58.409967787399161, -34.556621298976765 ], [ -58.409967787386734, -34.556621298969219 ], [ -58.4099228434957, -34.556597876434495 ], [ -58.4099228434821, -34.556597876428476 ], [ -58.409874352922884, -34.556579937519302 ], [ -58.409874352908396, -34.55657993751494 ], [ -58.409823287314538, -34.556567841421433 ], [ -58.409823287299446, -34.55656784141879 ], [ -58.409770669585271, -34.55656183016913 ], [ -58.409770669569888, -34.556561830168285 ], [ -58.409717552144301, -34.556562023210923 ], [ -58.409717552128932, -34.556562023211882 ], [ -58.409665000552671, -34.556568418310015 ], [ -58.409665000537608, -34.556568418312764 ], [ -58.409614066288896, -34.556580887025149 ], [ -58.409614066274457, -34.556580887029625 ], [ -58.409565768225001, -34.556599179209442 ], [ -58.409565768211472, -34.556599179215567 ], [ -58.409521076280889, -34.556622928411628 ], [ -58.409521076258372, -34.556622928427565 ], [ -58.409479757876419, -34.556661357960394 ], [ -58.409479757867182, -34.556661357970299 ], [ -58.409445262623272, -34.556704147103964 ], [ -58.40944526261579, -34.556704147114822 ], [ -58.409418252398929, -34.556750472241305 ], [ -58.40941825239333, -34.556750472252915 ], [ -58.409399247499273, -34.556799442995171 ], [ -58.409399247495656, -34.556799443007307 ], [ -58.409388612451671, -34.556850118438383 ], [ -58.409388612450115, -34.556850118450804 ], [ -58.409386551644879, -34.556901523317215 ], [ -58.409386551645426, -34.556901523329707 ], [ -58.409393104955655, -34.556952669683604 ], [ -58.409393104960692, -34.556952669702738 ], [ -58.409409075156887, -34.55699210434382 ], [ -58.409413191447022, -34.55700226886804 ], [ -58.409413191452494, -34.557002268879067 ], [ -58.409441015443115, -34.557049239282442 ], [ -58.409441015450291, -34.557049239292773 ], [ -58.409476090456138, -34.557092760414392 ], [ -58.409476090457105, -34.557092760415571 ], [ -58.409477944525023, -34.557094984156116 ], [ -58.409480964545494, -34.557098604659132 ], [ -58.409471561573426, -34.557105747888897 ], [ -58.409448879152258, -34.557122981315892 ], [ -58.409435708776179, -34.557132993984588 ], [ -58.409434612153348, -34.557133827322303 ], [ -58.409434612139002, -34.557133827335605 ], [ -58.409434612128088, -34.557133827350981 ], [ -58.409434612121046, -34.557133827367842 ], [ -58.409434612118162, -34.557133827385513 ], [ -58.409434612119533, -34.557133827403291 ], [ -58.409434612125118, -34.557133827420522 ], [ -58.409434612134689, -34.557133827436495 ], [ -58.409434612147869, -34.557133827450613 ], [ -58.410029512507869, -34.557654559854782 ], [ -58.410029512523927, -34.557654559866329 ], [ -58.410029512542373, -34.55765455987509 ], [ -58.410029512562524, -34.557654559880696 ], [ -58.41002951258362, -34.557654559882963 ], [ -58.410029512604837, -34.55765455988179 ], [ -58.410029512625371, -34.55765455987725 ], [ -58.410029512644456, -34.557654559869484 ], [ -58.410029512661353, -34.557654559858804 ], [ -58.410029561715341, -34.5576545220203 ], [ -58.410069890534416, -34.557623571992714 ], [ -58.41007154672598, -34.557625059104105 ], [ -58.410072754351859, -34.557626143147822 ], [ -58.410189458559614, -34.557730950752884 ], [ -58.410078320593989, -34.55796702070603 ], [ -58.410078320593989, -34.55796702070603 ], [ -58.410078320588305, -34.557967020722678 ], [ -58.410078320586578, -34.557967020739923 ], [ -58.410078320588852, -34.557967020757125 ], [ -58.410078320595062, -34.557967020773631 ], [ -58.41007832060496, -34.557967020788873 ], [ -58.410078320618204, -34.557967020802266 ], [ -58.410199333751052, -34.55806784052146 ], [ -58.410104935949306, -34.558137147164892 ], [ -58.410104935943792, -34.558137147169234 ], [ -58.409933361694961, -34.558282024704624 ], [ -58.409681484360135, -34.558483624298262 ], [ -58.40968148435762, -34.558483624300344 ], [ -58.409558640199144, -34.558588583101034 ], [ -58.409451308836488, -34.558680287705165 ], [ -58.409451308834655, -34.558680287706764 ], [ -58.409315847057393, -34.558801834188507 ], [ -58.409285317029045, -34.558829226813032 ], [ -58.40918730232935, -34.558911988624594 ], [ -58.409187302328448, -34.558911988625361 ], [ -58.409144507214116, -34.558948997621904 ], [ -58.409112849447801, -34.558971231726893 ], [ -58.409104956263214, -34.558976774709656 ], [ -58.409096653884582, -34.558981568423512 ], [ -58.409062413224994, -34.55900133956812 ], [ -58.409017257411222, -34.559022473317647 ], [ -58.409017257407037, -34.559022473319708 ], [ -58.408933934724715, -34.559065650722012 ], [ -58.408933934718455, -34.559065650725508 ], [ -58.408854434395707, -34.559113508188659 ], [ -58.408854434389745, -34.559113508192517 ], [ -58.408792312491812, -34.559156666104535 ], [ -58.408779141189591, -34.559165816031431 ], [ -58.40877914118397, -34.559165816035623 ], [ -58.408708419185288, -34.559222322020844 ], [ -58.40870841918003, -34.559222322025349 ], [ -58.408642607420326, -34.559282752280936 ], [ -58.40862966261291, -34.559293724078358 ], [ -58.408372622303546, -34.559511593912397 ], [ -58.408372622297719, -34.559511593917748 ], [ -58.408321851693458, -34.559562133979988 ], [ -58.407919184090183, -34.559894544771922 ], [ -58.407530504936396, -34.560215155505624 ], [ -58.407530504935607, -34.560215155506285 ], [ -58.407344877086295, -34.560371490899854 ], [ -58.407130856206152, -34.560551738653601 ], [ -58.407130856205825, -34.560551738653878 ], [ -58.406883795292757, -34.560761626847544 ], [ -58.406883795289843, -34.560761626850109 ], [ -58.406833601311597, -34.560807754060306 ], [ -58.406663987028232, -34.560955786442342 ], [ -58.406663987025979, -34.560955786444367 ], [ -58.406418640846177, -34.561183442525767 ], [ -58.406334769366978, -34.561260913613495 ], [ -58.406139399003514, -34.561441372925678 ], [ -58.40613939900296, -34.56144137292619 ], [ -58.405977274822327, -34.561593461566488 ], [ -58.405832175633712, -34.56172747085003 ], [ -58.405771303004649, -34.561783690385447 ], [ -58.405771303004514, -34.561783690385582 ], [ -58.405596485323841, -34.561945790097667 ], [ -58.405403783038871, -34.562122191242899 ], [ -58.405403783038466, -34.562122191243276 ], [ -58.405231272308576, -34.56228190724002 ], [ -58.405231272308001, -34.562281907240575 ], [ -58.405180662502843, -34.56232952272061 ], [ -58.405077221712666, -34.562426843869481 ], [ -58.40485491174811, -34.562630448623018 ], [ -58.404854911746916, -34.562630448624134 ], [ -58.404822510037157, -34.562661124923331 ], [ -58.404822510028545, -34.562661124932625 ], [ -58.404795189123185, -34.562695019051155 ], [ -58.404795189114544, -34.562695019064051 ], [ -58.404752466935975, -34.562773227194953 ], [ -58.404752466928024, -34.562773227216113 ], [ -58.404744420273481, -34.562810251307795 ], [ -58.404744420271889, -34.562810251319362 ], [ -58.404742207067038, -34.562847823572341 ], [ -58.404742207067258, -34.562847823583972 ], [ -58.404745866984157, -34.562885319328132 ], [ -58.404745866986197, -34.562885319339642 ], [ -58.404753867016886, -34.562916397196069 ], [ -58.404754884134725, -34.562920350444763 ], [ -58.404755337261911, -34.562922111103084 ], [ -58.404746064610102, -34.562929885036802 ], [ -58.404735414473691, -34.562936339551314 ], [ -58.404723659409775, -34.562941308885094 ], [ -58.404711096974893, -34.562944666079467 ], [ -58.404698049756647, -34.562946327456416 ], [ -58.404684849032016, -34.562946249004874 ], [ -58.404671831493886, -34.562944432689363 ], [ -58.404659328354647, -34.562940926444647 ], [ -58.404647660988417, -34.562935817861984 ], [ -58.404474513073303, -34.562844675922094 ], [ -58.404430871339699, -34.562821703631457 ], [ -58.404430871320834, -34.562821703623548 ], [ -58.404430871300477, -34.562821703618795 ], [ -58.404430871279388, -34.562821703617388 ], [ -58.40443087125837, -34.562821703619377 ], [ -58.404430871238205, -34.562821703624692 ], [ -58.404430871219667, -34.562821703633126 ], [ -58.404430871203445, -34.562821703644367 ], [ -58.404430871190165, -34.562821703657988 ], [ -58.404430631260489, -34.562822005520601 ], [ -58.404430631260432, -34.562822005520673 ], [ -58.40441559309081, -34.562840967915186 ], [ -58.404179035201317, -34.563139263144045 ], [ -58.403910083470244, -34.56347840206007 ], [ -58.403909757378472, -34.563478812952447 ], [ -58.403909580759901, -34.563479035443706 ], [ -58.403883460523218, -34.563464809972388 ], [ -58.403841188328663, -34.563441789462665 ], [ -58.403670106539515, -34.563348617378459 ], [ -58.403668114470356, -34.563347532937712 ], [ -58.403735954238392, -34.563258061567076 ], [ -58.403735954247956, -34.563258061551167 ], [ -58.403735954253555, -34.563258061534007 ], [ -58.403735954254991, -34.563258061516279 ], [ -58.403735954252184, -34.563258061498644 ], [ -58.403735954245249, -34.563258061481825 ], [ -58.403735954234456, -34.563258061466456 ], [ -58.403735954220238, -34.563258061453126 ], [ -58.403735954203121, -34.563258061442376 ], [ -58.403735906278541, -34.563258037081276 ], [ -58.403543727871892, -34.563152332790118 ], [ -58.403514547162864, -34.56313628300456 ], [ -58.403416659912111, -34.563082445029593 ], [ -58.403400891614346, -34.563073772770039 ], [ -58.403399347134233, -34.563072922867278 ], [ -58.403399347115332, -34.563072922858957 ], [ -58.403399347094812, -34.56307292285387 ], [ -58.403399347073488, -34.563072922852179 ], [ -58.403399347052186, -34.563072922853991 ], [ -58.403399347031716, -34.563072922859213 ], [ -58.403399347012879, -34.563072922867654 ], [ -58.403399346996402, -34.563072922878959 ], [ -58.403399346982916, -34.563072922892722 ], [ -58.403359152628283, -34.563123374105295 ], [ -58.403326821576648, -34.563163960262528 ], [ -58.403326497079263, -34.563163791583051 ], [ -58.403324973261739, -34.563162996676617 ], [ -58.402484381108138, -34.562725051206641 ], [ -58.402484381106653, -34.562725051205888 ], [ -58.402003401344082, -34.562483257740197 ], [ -58.402003401342604, -34.562483257739459 ], [ -58.401855702889314, -34.562411632656506 ], [ -58.401722423612092, -34.562334051722864 ], [ -58.401722423607161, -34.56233405172015 ], [ -58.400274306854591, -34.561585008539474 ], [ -58.399907973415282, -34.561382688064697 ], [ -58.399907973412851, -34.561382688063404 ], [ -58.398927013378596, -34.560871560841946 ], [ -58.398925061683926, -34.560870543944951 ], [ -58.398946528011081, -34.56083065361954 ], [ -58.398946749516369, -34.560830241783663 ], [ -58.398946749523269, -34.56083024176624 ], [ -58.398946749525777, -34.560830241748029 ], [ -58.398946749523766, -34.560830241729775 ], [ -58.39894674951735, -34.560830241712232 ], [ -58.39894674950677, -34.560830241696145 ], [ -58.398946749492481, -34.560830241682147 ], [ -58.398946749475051, -34.560830241670821 ], [ -58.398788579972454, -34.560747490026301 ], [ -58.398788579953575, -34.560747490018429 ], [ -58.398788579933203, -34.560747490013732 ], [ -58.398788579912122, -34.560747490012361 ], [ -58.398788579891118, -34.5607474900144 ], [ -58.398788579870988, -34.560747490019743 ], [ -58.398788579852493, -34.560747490028206 ], [ -58.398788579836314, -34.560747490039461 ], [ -58.398788579823069, -34.560747490053096 ], [ -58.398678345644029, -34.560886717717203 ], [ -58.398678345634117, -34.560886717732878 ], [ -58.398678345628113, -34.560886717749852 ], [ -58.398678345626216, -34.560886717767474 ], [ -58.398678345628518, -34.560886717785067 ], [ -58.398678345634927, -34.560886717801935 ], [ -58.398678345645209, -34.560886717817461 ], [ -58.398678345658936, -34.560886717831004 ], [ -58.398678345675613, -34.560886717842074 ], [ -58.39868035078684, -34.56088780061711 ], [ -58.398704857488809, -34.560901041994235 ], [ -58.398704584877059, -34.560901392430203 ], [ -58.398694468808692, -34.560914392881521 ], [ -58.398694468798908, -34.560914392897338 ], [ -58.398694468793053, -34.560914392914434 ], [ -58.398694468791376, -34.560914392932155 ], [ -58.39869446879392, -34.56091439294979 ], [ -58.398694468800613, -34.56091439296668 ], [ -58.398694468811172, -34.560914392982156 ], [ -58.398694468825205, -34.56091439299562 ], [ -58.398694468842152, -34.560914393006541 ], [ -58.398696490319161, -34.560915448747103 ], [ -58.398831638599887, -34.56098601637111 ], [ -58.398831638618702, -34.560986016378941 ], [ -58.398831638638995, -34.56098601638363 ], [ -58.398831638659985, -34.560986016385009 ], [ -58.398831638680917, -34.560986016383026 ], [ -58.39883163870099, -34.560986016377733 ], [ -58.39883163871945, -34.560986016369348 ], [ -58.398831638735622, -34.560986016358186 ], [ -58.398831638748888, -34.56098601634465 ], [ -58.398878964126247, -34.560926892405611 ], [ -58.398890417143377, -34.560934921994317 ], [ -58.3988904171554, -34.560934922001621 ], [ -58.399741120612042, -34.561382004717693 ], [ -58.399741120612475, -34.561382004717913 ], [ -58.400756952901567, -34.56191021807912 ], [ -58.401560255950258, -34.562336950989923 ], [ -58.40156025595153, -34.562336950990606 ], [ -58.403112867851732, -34.563136712275934 ], [ -58.403256960986425, -34.563214297003526 ], [ -58.403256961007436, -34.563214297012344 ], [ -58.403256961030252, -34.563214297017204 ], [ -58.403256961053785, -34.563214297017907 ], [ -58.403288428474106, -34.56321239606811 ], [ -58.403268494355522, -34.563238988151554 ], [ -58.403267956653572, -34.563239705423619 ], [ -58.403238199797762, -34.563279399581148 ], [ -58.40322170116093, -34.563301408835621 ], [ -58.403221701151544, -34.563301408851395 ], [ -58.403221701146038, -34.563301408868362 ], [ -58.403221701144624, -34.563301408885906 ], [ -58.403221701147331, -34.563301408903328 ], [ -58.403221701154088, -34.56330140891999 ], [ -58.403221701164625, -34.563301408935253 ], [ -58.403221701178531, -34.563301408948526 ], [ -58.403221701195292, -34.563301408959326 ], [ -58.403221742584797, -34.563301430613514 ], [ -58.403397796012882, -34.563397286611675 ], [ -58.403562983913005, -34.563487225474987 ], [ -58.403563013319385, -34.563487242615693 ], [ -58.403563013338342, -34.563487242624539 ], [ -58.40356301335904, -34.563487242630103 ], [ -58.403563013380669, -34.563487242632135 ], [ -58.403563013402362, -34.563487242630586 ], [ -58.403563013423238, -34.563487242625492 ], [ -58.403563013442472, -34.563487242617079 ], [ -58.403563013459305, -34.563487242605653 ], [ -58.403563013473054, -34.563487242591705 ], [ -58.403600161726871, -34.563440730867498 ], [ -58.403635015248774, -34.563397090933208 ], [ -58.40363504347755, -34.563397105323332 ], [ -58.403713380276905, -34.563439847820831 ], [ -58.40393487392722, -34.563560732559687 ], [ -58.403885651277719, -34.563600152307686 ], [ -58.40388565127494, -34.563600152309981 ], [ -58.40381438594649, -34.56366148770087 ], [ -58.403736103347399, -34.563715075458845 ], [ -58.40365301036114, -34.563763450565325 ], [ -58.403565610617207, -34.563806320292102 ], [ -58.403491952693905, -34.563836293655449 ], [ -58.403474437146478, -34.563843421674399 ], [ -58.403380043658849, -34.563874530520138 ], [ -58.403283006725154, -34.563899456904252 ], [ -58.403183915964348, -34.563918048770169 ], [ -58.403083544753763, -34.563935242711203 ], [ -58.402976289004691, -34.563946637889615 ], [ -58.402831061720718, -34.563953265451204 ], [ -58.402779908095781, -34.563955600941725 ], [ -58.402691866596584, -34.563958462564955 ], [ -58.402603824896048, -34.563955598256641 ], [ -58.402516326725141, -34.563947025414741 ], [ -58.40242991252385, -34.563932795691251 ], [ -58.402348103436424, -34.563913696890495 ], [ -58.402348103432189, -34.563913696889571 ], [ -58.402234697368712, -34.563891255063851 ], [ -58.402197791276144, -34.56387949280137 ], [ -58.402162064765982, -34.563865460428538 ], [ -58.402159729166797, -34.563863198492882 ], [ -58.402159729154967, -34.56386319848307 ], [ -58.402159729141445, -34.56386319847487 ], [ -58.402019224481727, -34.563791002995892 ], [ -58.402009653469094, -34.563786084510781 ], [ -58.402003045609611, -34.563782059024966 ], [ -58.401812626823443, -34.563666054095727 ], [ -58.401723893022442, -34.5635811030035 ], [ -58.401723893017085, -34.563581102998739 ], [ -58.401597118824249, -34.563476097480176 ], [ -58.40159711881018, -34.56347609747035 ], [ -58.401597118794314, -34.563476097462619 ], [ -58.401260486134667, -34.563342365013455 ], [ -58.401260486104718, -34.563342365005703 ], [ -58.401225388238274, -34.563337717431573 ], [ -58.401180922665517, -34.563331830125051 ], [ -58.401180922646972, -34.563331830123921 ], [ -58.401116261389831, -34.563332476881136 ], [ -58.401116261366525, -34.563332476883467 ], [ -58.401116261344363, -34.563332476889876 ], [ -58.401040561140221, -34.563362251226216 ], [ -58.40099039075163, -34.563382013770912 ], [ -58.400988441920738, -34.563382781694081 ], [ -58.400984840725485, -34.563384200506 ], [ -58.400984840703757, -34.563384200517326 ], [ -58.400942151631767, -34.563412799950868 ], [ -58.400942151619198, -34.563412799960751 ], [ -58.400942151608675, -34.563412799972163 ], [ -58.400882127190528, -34.563490044187517 ], [ -58.40088212717918, -34.56349004420688 ], [ -58.400882127173695, -34.563490044227926 ], [ -58.400876384761084, -34.563541163059391 ], [ -58.400875161685981, -34.56355205168056 ], [ -58.400875161685512, -34.563552051688326 ], [ -58.400874591006172, -34.563627500893972 ], [ -58.400874591008524, -34.563627500913178 ], [ -58.400874591015764, -34.563627500931517 ], [ -58.400874591027552, -34.563627500948165 ], [ -58.400945391891803, -34.563706637408522 ], [ -58.40095001310209, -34.563712379156925 ], [ -58.40095691274788, -34.563720953383438 ], [ -58.400944786212939, -34.563728358677338 ], [ -58.400930377946615, -34.563737158265404 ], [ -58.400930377939808, -34.563737158269916 ], [ -58.400894608896131, -34.563762898285987 ], [ -58.400894608881309, -34.563762898299004 ], [ -58.400894608869883, -34.563762898314188 ], [ -58.400894608862302, -34.563762898330936 ], [ -58.400894608858877, -34.563762898348585 ], [ -58.40089460885973, -34.563762898366456 ], [ -58.400894608864817, -34.563762898383843 ], [ -58.400894608873969, -34.563762898400043 ], [ -58.400894608886802, -34.563762898414438 ], [ -58.400916505356506, -34.563782943808405 ], [ -58.400915974794778, -34.563795958313385 ], [ -58.400915974796369, -34.56379595833203 ], [ -58.400920284420614, -34.5638162336422 ], [ -58.400920284427173, -34.563816233660916 ], [ -58.400920284438435, -34.563816233678025 ], [ -58.401104633310069, -34.564035750482439 ], [ -58.400976270023037, -34.56412870147755 ], [ -58.400976270008556, -34.564128701490283 ], [ -58.400976269997308, -34.564128701505119 ], [ -58.400976269989755, -34.564128701521447 ], [ -58.400976269986138, -34.564128701538699 ], [ -58.400976269986622, -34.564128701556179 ], [ -58.40097626999119, -34.564128701573267 ], [ -58.400976269999653, -34.564128701589297 ], [ -58.401003627788256, -34.564169260776325 ], [ -58.400976059602598, -34.564178567428122 ], [ -58.400976059587371, -34.564178567434446 ], [ -58.400950580823277, -34.564191315033405 ], [ -58.400950580809436, -34.564191315041633 ], [ -58.400927816174615, -34.564207192877134 ], [ -58.400927816162486, -34.564207192887032 ], [ -58.400908321663408, -34.564225811828081 ], [ -58.400908321653297, -34.564225811839428 ], [ -58.400892574958789, -34.564246717723726 ], [ -58.400846470273883, -34.564214496120968 ], [ -58.400846470256489, -34.564214496111028 ], [ -58.400846470237113, -34.564214496104057 ], [ -58.400846470216479, -34.564214496100313 ], [ -58.400846470195347, -34.564214496099929 ], [ -58.400846470174535, -34.564214496102942 ], [ -58.400846470154804, -34.564214496109216 ], [ -58.400846470136912, -34.56421449611851 ], [ -58.400712374626373, -34.564300270392771 ], [ -58.400712346359349, -34.564300288357771 ], [ -58.400472993434768, -34.564096097585157 ], [ -58.40047176837686, -34.564095052200088 ], [ -58.400471768372746, -34.564095052196755 ], [ -58.400333464243545, -34.563988846852112 ], [ -58.400333464227195, -34.563988846841752 ], [ -58.400333464208785, -34.563988846834128 ], [ -58.400333464188975, -34.563988846829496 ], [ -58.400301755007895, -34.563984060119296 ], [ -58.400274955638551, -34.563966397249274 ], [ -58.4002749556171, -34.563966397238225 ], [ -58.400274955593147, -34.563966397231567 ], [ -58.400272753725709, -34.563966012988061 ], [ -58.400225148306113, -34.5639577114963 ], [ -58.400175021047055, -34.563928347737388 ], [ -58.400134682537391, -34.56389684451657 ], [ -58.400134682530549, -34.563896844511639 ], [ -58.400066677406535, -34.563851971393696 ], [ -58.400066677399089, -34.563851971389205 ], [ -58.399921435290359, -34.563771758252344 ], [ -58.399921435289286, -34.563771758251775 ], [ -58.399875326621434, -34.563746930621953 ], [ -58.399875326619352, -34.563746930620873 ], [ -58.399811924752427, -34.563714460691884 ], [ -58.399811924742544, -34.563714460687393 ], [ -58.399606717725995, -34.563632308553849 ], [ -58.399606717705332, -34.563632308547625 ], [ -58.399515630263124, -34.563613181371899 ], [ -58.399515630241858, -34.563613181369249 ], [ -58.399515630220378, -34.563613181370101 ], [ -58.39939914628723, -34.563627430618098 ], [ -58.399399146281361, -34.563627430618951 ], [ -58.399303418352197, -34.563643598059166 ], [ -58.399303418351678, -34.563643598059251 ], [ -58.399209997138009, -34.563659767536834 ], [ -58.39920999712335, -34.563659767540258 ], [ -58.399072735025982, -34.563700718473953 ], [ -58.399072735015693, -34.56370071847752 ], [ -58.398847792713092, -34.563790276652888 ], [ -58.39884779270421, -34.563790276656853 ], [ -58.39872319843731, -34.563852221823481 ], [ -58.398723198434254, -34.563852221825051 ], [ -58.398621675312967, -34.563906546701496 ], [ -58.39862167530903, -34.563906546703713 ], [ -58.398501687565322, -34.563977080181381 ], [ -58.398501687552347, -34.563977080190341 ], [ -58.39840244980099, -34.564057164390029 ], [ -58.398402449797146, -34.56405716439329 ], [ -58.398399675832664, -34.564059640943078 ], [ -58.398399675832287, -34.56405964094342 ], [ -58.3978750637025, -34.564532934897976 ], [ -58.397772376298178, -34.564598707462345 ], [ -58.397647772128799, -34.564672098741291 ], [ -58.397573937517727, -34.56470831171945 ], [ -58.397573937503992, -34.564708311727429 ], [ -58.397501246242129, -34.564757881730031 ], [ -58.397501246235663, -34.564757881734799 ], [ -58.397427394518992, -34.564816989973139 ], [ -58.397427394509563, -34.564816989981722 ], [ -58.397377765081984, -34.564868479755638 ], [ -58.397278558389104, -34.564906587165069 ], [ -58.397278558387107, -34.564906587165858 ], [ -58.397106674243673, -34.564976136569307 ], [ -58.397038615728214, -34.565000904225911 ], [ -58.397038615710372, -34.565000904234132 ], [ -58.397038615694697, -34.565000904244968 ], [ -58.39692437068237, -34.565096243853695 ], [ -58.396924370671748, -34.565096243864012 ], [ -58.396883972479095, -34.565142014405787 ], [ -58.39688397247491, -34.565142014410888 ], [ -58.396838950022357, -34.565201138871629 ], [ -58.396838950017454, -34.565201138878749 ], [ -58.396805463104585, -34.565255499252267 ], [ -58.396805463098453, -34.565255499264289 ], [ -58.396776576824827, -34.565326080617083 ], [ -58.396776576820848, -34.565326080629809 ], [ -58.396751209602407, -34.565441044769464 ], [ -58.396751209600836, -34.565441044779973 ], [ -58.39674684024569, -34.56549828303676 ], [ -58.396746840245562, -34.565498283046132 ], [ -58.396749676790677, -34.565555525230749 ], [ -58.396749676792105, -34.565555525242011 ], [ -58.396766907678305, -34.565640203903683 ], [ -58.396766907684444, -34.565640203921902 ], [ -58.396802886171166, -34.565715351185105 ], [ -58.396802886173312, -34.56571535118929 ], [ -58.396833115457511, -34.565770224012887 ], [ -58.396833115464567, -34.565770224023687 ], [ -58.396877693994902, -34.565828527367294 ], [ -58.396877693996075, -34.56582852736878 ], [ -58.396945440603588, -34.565913386719664 ], [ -58.396945440615916, -34.565913386732426 ], [ -58.39698145440618, -34.56594441179643 ], [ -58.39698145440687, -34.56594441179702 ], [ -58.397049162065521, -34.566001689195048 ], [ -58.397049162084265, -34.566001689207724 ], [ -58.397049162105915, -34.566001689216662 ], [ -58.397130771399809, -34.566026437991873 ], [ -58.397200373366871, -34.566065416450442 ], [ -58.397203059290284, -34.566066920584042 ], [ -58.397203059295798, -34.566066920586941 ], [ -58.397266484796667, -34.56609803432201 ], [ -58.397266484801882, -34.566098034324405 ], [ -58.397331875143486, -34.566126226660373 ], [ -58.397392154349632, -34.566153843790794 ], [ -58.397428822390516, -34.566180481821974 ], [ -58.397428822394652, -34.56618048182483 ], [ -58.397470604716474, -34.566207932988597 ], [ -58.3975022978412, -34.566235377795572 ], [ -58.397532545447831, -34.566266399575547 ], [ -58.397552698067962, -34.56630337794769 ], [ -58.397567083250529, -34.566341546710845 ], [ -58.397567083253271, -34.566341546717275 ], [ -58.397587942375587, -34.566385000430962 ], [ -58.397607504493244, -34.56642608899913 ], [ -58.397607504501472, -34.566426089012872 ], [ -58.397634739934944, -34.566463219027867 ], [ -58.397659455578236, -34.566505141471545 ], [ -58.397659455584574, -34.566505141480853 ], [ -58.397688257042176, -34.56654212449498 ], [ -58.397688257055293, -34.5665421245087 ], [ -58.397727152788875, -34.566575536074524 ], [ -58.397780452593842, -34.566623265516455 ], [ -58.397827989653472, -34.566666221492092 ], [ -58.397827989655099, -34.566666221493534 ], [ -58.3978766193204, -34.566708278411753 ], [ -58.397925894825185, -34.566750823324767 ], [ -58.397973479891242, -34.566802246370457 ], [ -58.397973479896727, -34.566802246375929 ], [ -58.398025338349157, -34.566849974037417 ], [ -58.398025338352276, -34.566849974040167 ], [ -58.398091606749752, -34.56690605839561 ], [ -58.398152110369864, -34.566958560970882 ], [ -58.398219812987243, -34.567022993235589 ], [ -58.39821981299886, -34.567022993245104 ], [ -58.398277443870157, -34.567063569247161 ], [ -58.398384057764879, -34.567142332294964 ], [ -58.398561257325198, -34.567286720540984 ], [ -58.398561257327096, -34.567286720542505 ], [ -58.398653461915366, -34.567358320180027 ], [ -58.398728366112557, -34.567432295771503 ], [ -58.398762934960153, -34.56746928247594 ], [ -58.39878021801448, -34.567489563804159 ], [ -58.398780218017627, -34.567489563807683 ], [ -58.398816227645241, -34.567527743849205 ], [ -58.398816227653739, -34.567527743857191 ], [ -58.398875714409499, -34.567577424063856 ], [ -58.398875748159952, -34.567577458332501 ], [ -58.398875748160719, -34.567577458333268 ], [ -58.398884883619239, -34.567586529707761 ], [ -58.398911158685976, -34.567612625460782 ], [ -58.398911158686133, -34.567612625460939 ], [ -58.398911192440366, -34.567612658831273 ], [ -58.398912519737259, -34.56761399364315 ], [ -58.398947556477353, -34.567649230874082 ], [ -58.398981745038434, -34.567683614897753 ], [ -58.399008515155614, -34.5677107727712 ], [ -58.399030994189566, -34.56773356997931 ], [ -58.399034263877851, -34.56773700163005 ], [ -58.399034595963698, -34.567737350657126 ], [ -58.399067751252431, -34.567772151472624 ], [ -58.399112132092817, -34.567820283977589 ], [ -58.399151362172965, -34.567863970626142 ], [ -58.399171399670216, -34.567886279754809 ], [ -58.399171399670635, -34.567886279755278 ], [ -58.399208412436394, -34.567926941833882 ], [ -58.399208433122013, -34.567926965281288 ], [ -58.399208433124315, -34.567926965283803 ], [ -58.399231487562446, -34.567951268140071 ], [ -58.399265227591663, -34.567986839026894 ], [ -58.399265227593204, -34.567986839028471 ], [ -58.39931996409814, -34.568041945821371 ], [ -58.399319964099519, -34.568041945822728 ], [ -58.399410228313776, -34.568129259345717 ], [ -58.399410228314935, -34.568129259346804 ], [ -58.399410253356642, -34.56812928279394 ], [ -58.399418726023889, -34.568138843252406 ], [ -58.399724128878987, -34.568483432529554 ], [ -58.399920298568546, -34.56871130529391 ], [ -58.39992029856964, -34.56871130529516 ], [ -58.400144996038968, -34.568963042452005 ], [ -58.400144996039671, -34.568963042452772 ], [ -58.40018964772355, -34.569011957967355 ], [ -58.39995316974305, -34.569163453621073 ], [ -58.399925266265136, -34.56918132885508 ], [ -58.39992505920528, -34.569181461203179 ], [ -58.399916809012062, -34.569172976364698 ], [ -58.399894110732951, -34.569149632945766 ], [ -58.399564262153604, -34.568807267808559 ], [ -58.399564262152538, -34.568807267807458 ], [ -58.399540935394789, -34.568783818526313 ], [ -58.399530505161643, -34.568773331285961 ], [ -58.399530474673455, -34.56877330062153 ], [ -58.399530474672929, -34.568773300621011 ], [ -58.399510934783585, -34.568753945790391 ], [ -58.399468419634204, -34.568711829634488 ], [ -58.399369423454715, -34.568609656976321 ], [ -58.399369402767242, -34.56860963533147 ], [ -58.399369402766595, -34.568609635330787 ], [ -58.399219962582585, -34.568456332423551 ], [ -58.399219802523177, -34.568456168279802 ], [ -58.399087911648273, -34.56832086780225 ], [ -58.399000327979557, -34.568231021544484 ], [ -58.398922827076227, -34.568151518106013 ], [ -58.398922797679631, -34.568151486541339 ], [ -58.398922797678487, -34.568151486540138 ], [ -58.398887306456359, -34.568114681483536 ], [ -58.398825536603709, -34.568050625922638 ], [ -58.398658657982303, -34.567877564640185 ], [ -58.398658657982125, -34.567877564639986 ], [ -58.398432781929245, -34.567644588186248 ], [ -58.398432781928165, -34.567644588185146 ], [ -58.398432744907865, -34.567644551207245 ], [ -58.398392367996856, -34.56760350399643 ], [ -58.398392029372609, -34.567603159471282 ], [ -58.398391465361499, -34.567602585863746 ], [ -58.398358294326407, -34.567568864764532 ], [ -58.398358294326194, -34.567568864764318 ], [ -58.398289395433515, -34.567499271273135 ], [ -58.398186653787043, -34.567395491101138 ], [ -58.39818665378688, -34.567395491100974 ], [ -58.398098895342329, -34.567307279279468 ], [ -58.398063181838218, -34.567271381597138 ], [ -58.398036378459672, -34.567244133354222 ], [ -58.397992604835366, -34.56719963352964 ], [ -58.397931133579881, -34.567135894068329 ], [ -58.397855686666666, -34.567057660247919 ], [ -58.397606608586997, -34.56679656329846 ], [ -58.397606579195397, -34.566796528129309 ], [ -58.397606579194722, -34.566796528128513 ], [ -58.397595255905067, -34.566783288181853 ], [ -58.397595255903063, -34.566783288179607 ], [ -58.39757737559686, -34.566763696851559 ], [ -58.397577375595141, -34.566763696849719 ], [ -58.397564669488659, -34.566750494917031 ], [ -58.397564669486741, -34.566750494915084 ], [ -58.397556207080179, -34.566742187311995 ], [ -58.397536129013218, -34.566722478510087 ], [ -58.397535869871923, -34.56672222326663 ], [ -58.397535869871533, -34.566722223266261 ], [ -58.39753580780787, -34.566722162837337 ], [ -58.397528948167157, -34.566715429086344 ], [ -58.397528948164371, -34.566715429083715 ], [ -58.397518435973261, -34.566705885418315 ], [ -58.39750788349437, -34.566696306574592 ], [ -58.397507883492018, -34.566696306572517 ], [ -58.397500504819959, -34.566690018746506 ], [ -58.397497537455521, -34.56668748684092 ], [ -58.397497436184203, -34.566687400249378 ], [ -58.397497436184089, -34.566687400249265 ], [ -58.397491857535613, -34.566682644917805 ], [ -58.397491157346451, -34.566682047795638 ], [ -58.39749112576736, -34.566682020735882 ], [ -58.397491125765221, -34.566682020734106 ], [ -58.397484257583884, -34.56667645432406 ], [ -58.397477833698446, -34.566671257738278 ], [ -58.397477833695888, -34.566671257736267 ], [ -58.397451984669111, -34.566651662993984 ], [ -58.397451984665281, -34.566651662991227 ], [ -58.397442535806682, -34.566645143279615 ], [ -58.39742407482192, -34.566632396152286 ], [ -58.39742407481522, -34.566632396148009 ], [ -58.397424041051046, -34.566632376298401 ], [ -58.397424041049788, -34.566632376297669 ], [ -58.397415348287453, -34.566627416461053 ], [ -58.397410576582942, -34.566624691575434 ], [ -58.397410576574558, -34.566624691571107 ], [ -58.397392966324503, -34.566616479077105 ], [ -58.397392966317852, -34.566616479074241 ], [ -58.397382346406729, -34.566612295225035 ], [ -58.397382346402097, -34.566612295223301 ], [ -58.397369633418862, -34.566607874970266 ], [ -58.397369633414243, -34.566607874968774 ], [ -58.397352144021347, -34.566602555214125 ], [ -58.397352105892288, -34.566602543475057 ], [ -58.39735210588735, -34.566602543473635 ], [ -58.397342913148464, -34.566600121780773 ], [ -58.397342913141287, -34.566600121779089 ], [ -58.397332822213414, -34.566598080002457 ], [ -58.397329933956222, -34.566597494316838 ], [ -58.397329757458081, -34.566597458164409 ], [ -58.397329757457804, -34.56659745816436 ], [ -58.397315963329568, -34.566594665298993 ], [ -58.397315963317901, -34.566594665297181 ], [ -58.397304259072037, -34.566593389760733 ], [ -58.397304144666649, -34.566593377078895 ], [ -58.397304144666407, -34.566593377078867 ], [ -58.397292917656792, -34.566592153180729 ], [ -58.397292879522475, -34.566592148653029 ], [ -58.39729287951053, -34.566592148652163 ], [ -58.397275933295589, -34.566591694182968 ], [ -58.397275933288043, -34.566591694182982 ], [ -58.397267214614871, -34.566591959895334 ], [ -58.397256317636874, -34.566592290232791 ], [ -58.397256317631737, -34.566592290233054 ], [ -58.397241115876312, -34.566593346593343 ], [ -58.397241115871857, -34.56659334659372 ], [ -58.397235331419296, -34.566593947419676 ], [ -58.397234297235734, -34.566594055031231 ], [ -58.397229380233448, -34.566594565282216 ], [ -58.397229380227301, -34.566594565282998 ], [ -58.397207475188537, -34.566597898621737 ], [ -58.397207475182178, -34.566597898622859 ], [ -58.397203065658893, -34.566598797662635 ], [ -58.397202955584206, -34.566598820138736 ], [ -58.397197210996652, -34.566599992489301 ], [ -58.397197210990306, -34.566599992490765 ], [ -58.397171820808232, -34.566606546538182 ], [ -58.397153763430111, -34.566611212458106 ], [ -58.397153763425315, -34.566611212459442 ], [ -58.397093230774047, -34.566629447067292 ], [ -58.397093230771226, -34.566629447068181 ], [ -58.397046611205518, -34.566644713586506 ], [ -58.397046611202349, -34.566644713587593 ], [ -58.397022521511673, -34.566653337085171 ], [ -58.397007182191729, -34.56665883016634 ], [ -58.397007182189782, -34.566658830167064 ], [ -58.397007144039804, -34.566658844569169 ], [ -58.397007144036728, -34.566658844570377 ], [ -58.396982163895224, -34.566669067609681 ], [ -58.396982163888225, -34.566669067612814 ], [ -58.39697312918512, -34.566673470683348 ], [ -58.396954079779732, -34.566682755849065 ], [ -58.396954079774531, -34.566682755851772 ], [ -58.396893521854949, -34.566716210943746 ], [ -58.396881052111823, -34.566722467273941 ], [ -58.396881020502299, -34.566722481678468 ], [ -58.396781909005377, -34.566766594039613 ], [ -58.396690954558039, -34.566806793168666 ], [ -58.396690954557279, -34.566806793169008 ], [ -58.396690918585229, -34.566806809375016 ], [ -58.396571432301677, -34.566860272668293 ], [ -58.396571432299858, -34.566860272669111 ], [ -58.396571399597804, -34.566860287975324 ], [ -58.396559528690219, -34.56686572700719 ], [ -58.396540679117734, -34.56687437130261 ], [ -58.396540679112327, -34.566874371305261 ], [ -58.39654064640839, -34.56687438841449 ], [ -58.396540646407651, -34.566874388414874 ], [ -58.396533494003982, -34.566878196638704 ], [ -58.396533493998461, -34.566878196641838 ], [ -58.396533456931486, -34.56687821915726 ], [ -58.396533456930989, -34.566878219157559 ], [ -58.396524826820226, -34.566883523843195 ], [ -58.396524826814606, -34.566883523846897 ], [ -58.396520259594254, -34.566886738542074 ], [ -58.396520259584392, -34.566886738549954 ], [ -58.396520225781508, -34.566886769178595 ], [ -58.396511668311319, -34.566893896587416 ], [ -58.396511668305976, -34.566893896592198 ], [ -58.396506180832809, -34.566899181361585 ], [ -58.396495901634346, -34.566909079717099 ], [ -58.396495901632036, -34.566909079719402 ], [ -58.396467389650283, -34.566938450638702 ], [ -58.396453160916884, -34.566953107265043 ], [ -58.396453160915378, -34.566953107266642 ], [ -58.396453121653138, -34.56695314961221 ], [ -58.396453121653039, -34.566953149612324 ], [ -58.396367752120703, -34.567045538780725 ], [ -58.396320974168042, -34.56709616521627 ], [ -58.396320974165398, -34.567096165219269 ], [ -58.396320943626655, -34.567096201258266 ], [ -58.396300177955148, -34.567118892303967 ], [ -58.396262852052885, -34.567159695644001 ], [ -58.396262852051791, -34.567159695645223 ], [ -58.396250747793509, -34.567173400605562 ], [ -58.396250747793289, -34.56717340060581 ], [ -58.396250670355307, -34.567173488903016 ], [ -58.396242309276559, -34.567182953802217 ], [ -58.396242309275301, -34.567182953803666 ], [ -58.396231066204834, -34.567196225648622 ], [ -58.396218606986785, -34.567210930994776 ], [ -58.39621860698508, -34.567210930996843 ], [ -58.396203205204685, -34.56723023200265 ], [ -58.396203205202852, -34.567230232005016 ], [ -58.396203179022464, -34.567230267146108 ], [ -58.396187431612965, -34.567251165288553 ], [ -58.396186253500844, -34.567252730419803 ], [ -58.396172204529201, -34.567271371419181 ], [ -58.396172204528355, -34.567271371420325 ], [ -58.396131787291175, -34.567326807688232 ], [ -58.396131158942154, -34.567327669106795 ], [ -58.396059593573518, -34.567425826668774 ], [ -58.396059593571891, -34.567425826671084 ], [ -58.396010417975234, -34.56749802461637 ], [ -58.3960104179748, -34.567498024617024 ], [ -58.395965148035593, -34.567565777956254 ], [ -58.395938868000385, -34.567605112551654 ], [ -58.39593886800013, -34.567605112552044 ], [ -58.39593884836215, -34.567605142287775 ], [ -58.395872114309228, -34.567703162678811 ], [ -58.395856135216825, -34.567726026660942 ], [ -58.395855866844059, -34.567726410520585 ], [ -58.395851388509143, -34.567732817191263 ], [ -58.39584185115158, -34.567745484181287 ], [ -58.395834373388404, -34.56775540829419 ], [ -58.39580616624287, -34.567742777270738 ], [ -58.395805873223715, -34.567742645500417 ], [ -58.395805873223487, -34.56774264550031 ], [ -58.395805227272689, -34.56774235668653 ], [ -58.395785155969662, -34.567733369176899 ], [ -58.395785155949945, -34.56773336917005 ], [ -58.395785155928991, -34.567733369166511 ], [ -58.395785155907603, -34.567733369166426 ], [ -58.395785155886614, -34.567733369169808 ], [ -58.395785155866818, -34.567733369176509 ], [ -58.395785155848991, -34.567733369186278 ], [ -58.395785155833813, -34.567733369198734 ], [ -58.395785155821869, -34.567733369213407 ], [ -58.395750403993617, -34.567786709060229 ], [ -58.395750403985389, -34.567786709076501 ], [ -58.395750403981147, -34.567786709093809 ], [ -58.395750403981062, -34.567786709111452 ], [ -58.395750403985133, -34.567786709128775 ], [ -58.395750403993212, -34.567786709145118 ], [ -58.395750404004964, -34.567786709159826 ], [ -58.395750404019978, -34.567786709172374 ], [ -58.395750404037649, -34.567786709182251 ], [ -58.395752464979374, -34.567787632482521 ], [ -58.395795750218035, -34.567807017275982 ], [ -58.395798113889931, -34.567808075914627 ], [ -58.395798089936946, -34.567808113681259 ], [ -58.395797771371853, -34.567808580443092 ], [ -58.395754986491106, -34.567871165390848 ], [ -58.395754986489628, -34.567871165393093 ], [ -58.39575496576024, -34.567871197831593 ], [ -58.395735159417697, -34.567899698104497 ], [ -58.395711890352892, -34.567933184955344 ], [ -58.395688319073201, -34.567967107023293 ], [ -58.39559933345577, -34.568094081388182 ], [ -58.395599333455344, -34.568094081388793 ], [ -58.395521886034437, -34.56820664106445 ], [ -58.395521468189337, -34.568207248394245 ], [ -58.395521132167701, -34.568207736781083 ], [ -58.395409470221203, -34.568370023528651 ], [ -58.395409470220692, -34.568370023529411 ], [ -58.395409448400436, -34.568370055968643 ], [ -58.395409448400116, -34.568370055969126 ], [ -58.395252757210208, -34.568606346300996 ], [ -58.395252757205569, -34.568606346308883 ], [ -58.395246525215249, -34.568618394011089 ], [ -58.395246525212016, -34.568618394018124 ], [ -58.395238277990487, -34.568638929333488 ], [ -58.395238268163411, -34.568638953666429 ], [ -58.395238268161705, -34.568638953671069 ], [ -58.395233237778548, -34.568654075908022 ], [ -58.395233224670655, -34.568654114661889 ], [ -58.395233224669852, -34.56865411466439 ], [ -58.395231103825417, -34.568661158132997 ], [ -58.395225168486071, -34.568680909593695 ], [ -58.395225168485055, -34.568680909597418 ], [ -58.395219036099178, -34.56870577384116 ], [ -58.395219036098567, -34.568705773843874 ], [ -58.395216366782464, -34.568718595152667 ], [ -58.395215098835756, -34.568724711527693 ], [ -58.395215088993361, -34.568724754789969 ], [ -58.39521508899265, -34.5687247547935 ], [ -58.39521291709174, -34.568736946282186 ], [ -58.39520909980974, -34.568758414338575 ], [ -58.3952090998093, -34.568758414341396 ], [ -58.395208347863772, -34.568763826088947 ], [ -58.395207660591815, -34.568768770032037 ], [ -58.39520766059136, -34.568768770036264 ], [ -58.395206140500434, -34.568787435034771 ], [ -58.395206140500193, -34.568787435040214 ], [ -58.395206067955243, -34.568796222108965 ], [ -58.395206067955407, -34.568796222114571 ], [ -58.395207869196227, -34.568823000004684 ], [ -58.395207869196319, -34.568823000005956 ], [ -58.395212240285673, -34.56887477138865 ], [ -58.395216033826401, -34.568930568220978 ], [ -58.395216033826813, -34.568930568225142 ], [ -58.39521603707459, -34.568930594368304 ], [ -58.395216037074754, -34.568930594369562 ], [ -58.395217359975113, -34.568939950110291 ], [ -58.395217377753106, -34.568943540496839 ], [ -58.395217376637227, -34.568943572939702 ], [ -58.395216981711833, -34.568945467512336 ], [ -58.395216617429803, -34.568947200745818 ], [ -58.395216088981684, -34.568948470554687 ], [ -58.395215574726031, -34.568949707020728 ], [ -58.39521370105922, -34.568952961920331 ], [ -58.395213667245407, -34.568953006967917 ], [ -58.395210903048792, -34.568956557043855 ], [ -58.395208758848725, -34.568958826536729 ], [ -58.39520871850187, -34.568958864371368 ], [ -58.395205866848627, -34.568961418325046 ], [ -58.395204587693364, -34.568962564226439 ], [ -58.395204587692369, -34.568962564227348 ], [ -58.395204549527548, -34.568962599358585 ], [ -58.395201846475445, -34.568964663918216 ], [ -58.39519940511191, -34.568966527608367 ], [ -58.395192829015613, -34.568971555704287 ], [ -58.395192829010803, -34.568971555708202 ], [ -58.395192806110884, -34.568971575526817 ], [ -58.395192806110707, -34.568971575526973 ], [ -58.395189883635339, -34.568974116821543 ], [ -58.395189798578343, -34.568974190691051 ], [ -58.395183519622719, -34.568979644425667 ], [ -58.395183519615877, -34.568979644432204 ], [ -58.395093746673233, -34.569074344182091 ], [ -58.39509374667076, -34.569074344184799 ], [ -58.395093723767154, -34.569074370311647 ], [ -58.395050357245985, -34.569119191154982 ], [ -58.395021612703545, -34.569148905037935 ], [ -58.394967665772015, -34.569202183430086 ], [ -58.394949882659347, -34.569219746789976 ], [ -58.394949882659226, -34.569219746790111 ], [ -58.394949860847412, -34.569219768412133 ], [ -58.394949860844612, -34.569219768415024 ], [ -58.394928998533274, -34.569242268063704 ], [ -58.394928998533146, -34.569242268063832 ], [ -58.39492896690593, -34.569242302297894 ], [ -58.394918700521345, -34.56925196252994 ], [ -58.394916315541536, -34.569252848189407 ], [ -58.394916274132562, -34.569252862585003 ], [ -58.394914725467892, -34.569253110509443 ], [ -58.394914725467679, -34.569253110509486 ], [ -58.3949146034644, -34.569253130262773 ], [ -58.394902163903247, -34.569241890651163 ], [ -58.394889895268321, -34.569230798029977 ], [ -58.394876567511702, -34.569218290475199 ], [ -58.394863960595373, -34.569206452181163 ], [ -58.394863143944157, -34.569205685510525 ], [ -58.394863143934458, -34.56920568550251 ], [ -58.394858748508284, -34.5692024802688 ], [ -58.394854438038003, -34.56919932556243 ], [ -58.394854438027238, -34.569199325555509 ], [ -58.394842920811051, -34.569192819809864 ], [ -58.394842920803036, -34.569192819805735 ], [ -58.394829327552799, -34.569186493179899 ], [ -58.394829327549964, -34.569186493178634 ], [ -58.394799921407468, -34.569173740421355 ], [ -58.394773237479463, -34.569162167350036 ], [ -58.394773237470972, -34.56916216734674 ], [ -58.394770018307668, -34.569161051375993 ], [ -58.394769220870117, -34.569160775091703 ], [ -58.394767973512536, -34.569160342608001 ], [ -58.394765775111921, -34.569159581470949 ], [ -58.394758605795865, -34.569157103028978 ], [ -58.394758605788702, -34.569157103026768 ], [ -58.39475421637254, -34.56915587732589 ], [ -58.39475421636493, -34.569155877324015 ], [ -58.39474523549967, -34.569153959452976 ], [ -58.394745235489559, -34.569153959451242 ], [ -58.39473961212947, -34.569153218925891 ], [ -58.394739429079245, -34.569153194484585 ], [ -58.394739429078982, -34.569153194484556 ], [ -58.394738912614535, -34.569153126587494 ], [ -58.394735308261829, -34.569152649511111 ], [ -58.394735308252415, -34.569152649510208 ], [ -58.394724479291611, -34.569152006118564 ], [ -58.394724479284577, -34.56915200611833 ], [ -58.394721383447234, -34.56915198815345 ], [ -58.394719886199276, -34.569151980100891 ], [ -58.394716719540284, -34.569151951278968 ], [ -58.394716719535197, -34.569151951279025 ], [ -58.394714711160177, -34.569152010546254 ], [ -58.394709270135849, -34.569152165238776 ], [ -58.394709270130846, -34.569152165239004 ], [ -58.394704088299939, -34.56915251027803 ], [ -58.394702172495037, -34.569152636302626 ], [ -58.394697542087101, -34.569152941988456 ], [ -58.394697542080102, -34.569152941989103 ], [ -58.394690479004389, -34.569153790769285 ], [ -58.394685105134919, -34.569154440381837 ], [ -58.39468510512463, -34.5691544403835 ], [ -58.394677721137128, -34.569155944319881 ], [ -58.394674297801011, -34.569156641001143 ], [ -58.394674297800897, -34.569156641001172 ], [ -58.394668226033652, -34.569157882458043 ], [ -58.394668226021501, -34.569157882461163 ], [ -58.394654631750342, -34.569162103410505 ], [ -58.394654631741716, -34.569162103413539 ], [ -58.394651654791438, -34.569163278101456 ], [ -58.394650936443654, -34.569163560745402 ], [ -58.394648321398272, -34.569164585999893 ], [ -58.394648321389973, -34.569164586003509 ], [ -58.394642782398329, -34.56916726192879 ], [ -58.394634237897968, -34.56917138655897 ], [ -58.394634237891417, -34.569171386562388 ], [ -58.394634196463358, -34.5691714099762 ], [ -58.394634196461361, -34.569171409977358 ], [ -58.394628233957086, -34.569174944723521 ], [ -58.394628233956993, -34.569174944723578 ], [ -58.394627115372884, -34.56917560934729 ], [ -58.394621405804934, -34.569178991894184 ], [ -58.394621405796819, -34.569178991899484 ], [ -58.394613151837085, -34.569184938475267 ], [ -58.394613151833802, -34.56918493847774 ], [ -58.394607681264254, -34.56918921537396 ], [ -58.39460122169632, -34.569194264236074 ], [ -58.394601221693016, -34.569194264238774 ], [ -58.394601185707543, -34.56919429486706 ], [ -58.394601185707138, -34.569194294867408 ], [ -58.394594666833875, -34.569199903481881 ], [ -58.3945898523762, -34.569204045532551 ], [ -58.394589852372697, -34.569204045535706 ], [ -58.394586433483269, -34.569207281536364 ], [ -58.39457905043345, -34.569214260733681 ], [ -58.394579050429485, -34.569214260737674 ], [ -58.394565308122893, -34.569228859720312 ], [ -58.394565275403785, -34.569228893955824 ], [ -58.394565275391358, -34.569228893972159 ], [ -58.394565060419701, -34.569229258027548 ], [ -58.39415091663318, -34.569932076603529 ], [ -58.394129607819671, -34.569968236981389 ], [ -58.394001829842253, -34.570185077515504 ], [ -58.393882326225537, -34.570387878386484 ], [ -58.393882326224713, -34.570387878387912 ], [ -58.39298756074578, -34.571976008782663 ], [ -58.392952320674588, -34.571996735694576 ], [ -58.39292465911732, -34.572013005820359 ], [ -58.39153581509801, -34.572829862081726 ], [ -58.390439883207634, -34.573474418559307 ], [ -58.389503012316034, -34.574025410430082 ], [ -58.388577081204502, -34.574529017391392 ], [ -58.386160938790397, -34.575843077825262 ], [ -58.385313590575393, -34.576303901668332 ], [ -58.38343959370485, -34.576167652771197 ], [ -58.38339798276678, -34.576164627400587 ], [ -58.38307359005173, -34.575827264303605 ], [ -58.382913159634377, -34.575630219762367 ], [ -58.382913159631123, -34.57563021975858 ], [ -58.382885277515179, -34.575599514161013 ], [ -58.382863893818325, -34.575565428894393 ], [ -58.382849590668791, -34.575528895512264 ], [ -58.382842758330519, -34.575490912152262 ], [ -58.382843585416062, -34.575452517382026 ], [ -58.382852048019352, -34.575414759543499 ], [ -58.382867914102697, -34.575378669712848 ], [ -58.382890752232015, -34.575345236478995 ], [ -58.383962298216616, -34.574754474312869 ], [ -58.383962298217824, -34.574754474312194 ], [ -58.383967852541687, -34.574751322030167 ], [ -58.384788537913174, -34.574285635160983 ], [ -58.384788537913415, -34.574285635160841 ], [ -58.387013245356528, -34.573016108053189 ], [ -58.38711142894325, -34.572960077229133 ], [ -58.391264358393897, -34.57060528932292 ], [ -58.391264358409472, -34.570605289312198 ], [ -58.391264358422376, -34.57060528929928 ], [ -58.391264358432167, -34.5706052892846 ], [ -58.391264358438505, -34.570605289268677 ], [ -58.391264358441177, -34.570605289252065 ], [ -58.391264358440068, -34.570605289235338 ], [ -58.39124140255052, -34.570477438084289 ], [ -58.391254281982853, -34.570401626707536 ], [ -58.391254281983684, -34.57040162668909 ], [ -58.391254281979954, -34.570401626670879 ], [ -58.391254281971797, -34.57040162665367 ], [ -58.391172587570338, -34.570270581290288 ], [ -58.391099176871549, -34.570152824192562 ], [ -58.391060092777302, -34.570090130282452 ], [ -58.391048710128963, -34.570071870557314 ], [ -58.391048396724912, -34.570071368277141 ], [ -58.391048396712257, -34.570071368261253 ], [ -58.391048396695844, -34.570071368247902 ], [ -58.390964218173011, -34.570016076266164 ], [ -58.390885667492689, -34.569956505788113 ], [ -58.390884986870688, -34.569955989770435 ], [ -58.390878744264306, -34.569950534240775 ], [ -58.390811100272401, -34.569891410982208 ], [ -58.390742930778309, -34.569822663744532 ], [ -58.390680821342976, -34.569750094418708 ], [ -58.390625083299625, -34.569674067375551 ], [ -58.390575997450931, -34.569594964094414 ], [ -58.39053380862093, -34.569513183159749 ], [ -58.390508942149992, -34.569453602058097 ], [ -58.390498731107101, -34.569429134852491 ], [ -58.390498731094119, -34.569429134831118 ], [ -58.390494885218999, -34.569424470358271 ], [ -58.390493910960394, -34.569423288006746 ], [ -58.390493910946631, -34.569423287993132 ], [ -58.390493910929912, -34.569423287982019 ], [ -58.390493910910884, -34.569423287973834 ], [ -58.390465778409968, -34.569413964863095 ], [ -58.390418341784866, -34.569394595541482 ], [ -58.390373439863659, -34.569371457048334 ], [ -58.390345659591404, -34.569354396275578 ], [ -58.390319266696388, -34.569335891336777 ], [ -58.3903192666777, -34.569335891326212 ], [ -58.390319266656775, -34.569335891319078 ], [ -58.390319266634506, -34.569335891315674 ], [ -58.39031926661189, -34.569335891316136 ], [ -58.390319266589863, -34.569335891320478 ], [ -58.390319266569392, -34.569335891328485 ], [ -58.390306545192942, -34.569342277542269 ], [ -58.390231001859931, -34.569380199524886 ], [ -58.384284792766877, -34.568893670514626 ], [ -58.384211044847149, -34.568876616441685 ], [ -58.384139601670363, -34.568853813617132 ], [ -58.384071119055335, -34.568825470701078 ], [ -58.384006220074355, -34.568791847714088 ], [ -58.383945500509469, -34.568753251534126 ], [ -58.383890641694407, -34.568710905592894 ], [ -58.383889513597474, -34.568710034985088 ], [ -58.383838772209728, -34.568662592327513 ], [ -58.383838772207476, -34.56866259232546 ], [ -58.383806247940576, -34.568634003133418 ], [ -58.383744936477662, -34.568571794492826 ], [ -58.383690051100352, -34.568507239989756 ], [ -58.383689118275633, -34.568506143246353 ], [ -58.383689118257884, -34.56850614323011 ], [ -58.383689118235949, -34.568506143217895 ], [ -58.383657870658617, -34.568492982736295 ], [ -58.383657870651469, -34.568492982733545 ], [ -58.383554508085012, -34.568456987084289 ], [ -58.38355450807763, -34.568456987081973 ], [ -58.383448267154826, -34.568427276914498 ], [ -58.383448267147259, -34.568427276912637 ], [ -58.383339703443845, -34.568404006727398 ], [ -58.383339703436143, -34.568404006725991 ], [ -58.383229388900986, -34.568387299486098 ], [ -58.383229388893177, -34.568387299485146 ], [ -58.383117902045008, -34.568377243004278 ], [ -58.383117902028339, -34.56837724300383 ], [ -58.382356720755503, -34.568405360955907 ], [ -58.382315041896454, -34.568404451717207 ], [ -58.382273937670512, -34.568398670634423 ], [ -58.382273937648435, -34.568398670633201 ], [ -58.381467097978621, -34.568422011217912 ], [ -58.381467097956993, -34.568422011220335 ], [ -58.381158692058705, -34.568483266972258 ], [ -58.381158692050484, -34.568483266974191 ], [ -58.381120265742275, -34.568493592195459 ], [ -58.381120265726508, -34.568493592200859 ], [ -58.381084259221218, -34.568508756096072 ], [ -58.381084259206652, -34.568508756103455 ], [ -58.381051558789672, -34.568528386081191 ], [ -58.381051558776683, -34.568528386090364 ], [ -58.381022965846931, -34.568552000430017 ], [ -58.381022965835839, -34.568552000440754 ], [ -58.380999182729333, -34.568579019099829 ], [ -58.380999182720387, -34.568579019111858 ], [ -58.3809807930798, -34.568608779938025 ], [ -58.380980793073249, -34.568608779951077 ], [ -58.380968248759608, -34.56864055039145 ], [ -58.38096824875722, -34.568640550398463 ], [ -58.380833723039494, -34.569105540813268 ], [ -58.380746943877242, -34.569391686037008 ], [ -58.380746943874044, -34.569391686062474 ], [ -58.380759653886706, -34.569660009701657 ], [ -58.380733591444248, -34.569774474150009 ], [ -58.380733591442592, -34.569774474160859 ], [ -58.380711691288909, -34.570053507669762 ], [ -58.380711691288695, -34.570053507674231 ], [ -58.380710602326232, -34.570112260927154 ], [ -58.380358533555004, -34.570097689539075 ], [ -58.380356766212422, -34.570097616228409 ], [ -58.380398565926249, -34.568652317001003 ], [ -58.380398565926278, -34.568652316999881 ], [ -58.380399238216036, -34.568604058671667 ], [ -58.380399238215091, -34.568604058658771 ], [ -58.380391559740779, -34.568556217427961 ], [ -58.38039155973761, -34.568556217415299 ], [ -58.380375685363632, -34.568509776842205 ], [ -58.38037568536096, -34.568509776835441 ], [ -58.380356392578257, -34.568466679132186 ], [ -58.380356392573042, -34.568466679122388 ], [ -58.380331058538523, -34.568425775889899 ], [ -58.380331058531944, -34.568425775880677 ], [ -58.380300042276566, -34.568387646075365 ], [ -58.380300042268715, -34.56838764606686 ], [ -58.380264392056731, -34.568353412673936 ], [ -58.380263781320956, -34.568352826331044 ], [ -58.380263781311953, -34.56835282632337 ], [ -58.380222786251657, -34.568321808277524 ], [ -58.38022278624161, -34.568321808270781 ], [ -58.380177634171631, -34.568295028593759 ], [ -58.380177634160688, -34.568295028588061 ], [ -58.380128964350853, -34.568272866310132 ], [ -58.380128964336627, -34.568272866304717 ], [ -58.380120445570391, -34.568270218418263 ], [ -58.380120445552699, -34.568270218414135 ], [ -58.380111510395913, -34.568268793479561 ], [ -58.380111510377617, -34.568268793477962 ], [ -58.380102412687954, -34.568268632232403 ], [ -58.380102412669622, -34.568268632233355 ], [ -58.38009341179081, -34.568269737557813 ], [ -58.380093411772911, -34.568269737561302 ], [ -58.380084762723165, -34.568272078981146 ], [ -58.380084762706218, -34.568272078987093 ], [ -58.380076714001589, -34.56827558996622 ], [ -58.380076714001589, -34.56827558996622 ], [ -58.380076713986121, -34.568275589974412 ], [ -58.380069492383058, -34.568280169707734 ], [ -58.380069492369458, -34.56828016971798 ], [ -58.380063303948219, -34.568285689442149 ], [ -58.3800633039369, -34.56828568945415 ], [ -58.380058326475499, -34.568291990639402 ], [ -58.380058326466781, -34.568291990652774 ], [ -58.38005469962485, -34.568298894010574 ], [ -58.380054699618974, -34.568298894024984 ], [ -58.380052527113314, -34.568306204014 ], [ -58.380040189318521, -34.56833928517333 ], [ -58.380040189314997, -34.568339285185978 ], [ -58.380033723845173, -34.568373489022761 ], [ -58.380033723843866, -34.568373489036773 ], [ -58.380033772949133, -34.568413868484875 ], [ -58.380033772950689, -34.568413868499952 ], [ -58.380041989901024, -34.56845367119714 ], [ -58.380041989907461, -34.568453671215842 ], [ -58.38004932173768, -34.568468620971416 ], [ -58.38004932174529, -34.568468620983992 ], [ -58.380059375672346, -34.568482444008943 ], [ -58.380059375682229, -34.568482444020397 ], [ -58.380071907950246, -34.568494803915655 ], [ -58.380071907950246, -34.568494803915655 ], [ -58.380071907962162, -34.568494803925702 ], [ -58.380072933719887, -34.568495542893622 ], [ -58.380086612666091, -34.568505400306861 ], [ -58.380086612679754, -34.56850540031526 ], [ -58.380103131567189, -34.568513974227926 ], [ -58.380103131582267, -34.568513974234456 ], [ -58.380121062763045, -34.568520316273002 ], [ -58.380121062779168, -34.568520316277521 ], [ -58.380139969436598, -34.568524272901236 ], [ -58.380139969453353, -34.568524272903602 ], [ -58.380159389581884, -34.5685257473395 ], [ -58.380159976655612, -34.568527092614204 ], [ -58.380195076470017, -34.568607460682678 ], [ -58.380224083996289, -34.568690963359131 ], [ -58.380246282817033, -34.568775882043823 ], [ -58.380261574125328, -34.568861838975394 ], [ -58.380269889632721, -34.568948448299352 ], [ -58.380271191561597, -34.569035324180682 ], [ -58.380265473738746, -34.569122077202117 ], [ -58.38026547373866, -34.569122077203666 ], [ -58.380233044011867, -34.56983994857849 ], [ -58.380062864184438, -34.569911384268494 ], [ -58.380062864176885, -34.569911384271983 ], [ -58.38004776836965, -34.56991902528646 ], [ -58.380047768355638, -34.569919025294887 ], [ -58.380034327035141, -34.56992854961473 ], [ -58.380034327022919, -34.56992854962489 ], [ -58.380022880420604, -34.56993971590051 ], [ -58.380022880410479, -34.569939715912128 ], [ -58.380013718672764, -34.569952241294047 ], [ -58.380013718665005, -34.569952241306851 ], [ -58.380007072036854, -34.569965810453404 ], [ -58.380007072031631, -34.569965810467075 ], [ -58.380003108674494, -34.569980078246978 ], [ -58.380003108671964, -34.56998007826116 ], [ -58.380001930288351, -34.56999468597634 ], [ -58.380001930288564, -34.569994685990679 ], [ -58.380003564491354, -34.570009264075118 ], [ -58.380003564494331, -34.570009264089236 ], [ -58.380007971331345, -34.570023442921901 ], [ -58.380029052678672, -34.570366972823628 ], [ -58.379838539940607, -34.57035195386166 ], [ -58.379530787953399, -34.570327689390282 ], [ -58.379530787952923, -34.570327689390254 ], [ -58.379529046711305, -34.570327558389884 ], [ -58.379527532114246, -34.570327444672166 ], [ -58.379524276277387, -34.570327198151141 ], [ -58.379524276277252, -34.570327198151119 ], [ -58.379522384664327, -34.570327057131792 ], [ -58.379521020436776, -34.570326955235721 ], [ -58.379517763506584, -34.570326712319464 ], [ -58.379517763506442, -34.570326712319456 ], [ -58.379514506572825, -34.570326473008841 ], [ -58.379512217245036, -34.57032629926502 ], [ -58.379512217244901, -34.570326299265012 ], [ -58.37951125727345, -34.570326227393402 ], [ -58.379508000345368, -34.570325982674049 ], [ -58.379507965477288, -34.570325979945849 ], [ -58.379507965476805, -34.570325979945814 ], [ -58.379504744504729, -34.570325739758168 ], [ -58.379502868148023, -34.570325598749022 ], [ -58.379502868147434, -34.570325598748987 ], [ -58.379501489749401, -34.570325501350112 ], [ -58.379498732967456, -34.57032529212951 ], [ -58.379498732967335, -34.570325292129496 ], [ -58.379498235002593, -34.570325254829164 ], [ -58.37949497589306, -34.570325011910811 ], [ -58.379492820587238, -34.570324851780008 ], [ -58.379491718964125, -34.570324768092469 ], [ -58.37948520946653, -34.57032427865559 ], [ -58.379483399576287, -34.570324144001731 ], [ -58.379481952537482, -34.570324034836986 ], [ -58.379478695608597, -34.570323791018268 ], [ -58.379478660740496, -34.570323788290068 ], [ -58.379478660740013, -34.570323788290025 ], [ -58.37947823360166, -34.57032375644679 ], [ -58.379475439766367, -34.570323549904479 ], [ -58.379473919721768, -34.570323435280919 ], [ -58.379472183927994, -34.570323305184921 ], [ -58.379468930268168, -34.570323061368192 ], [ -58.37946567225044, -34.570322816646957 ], [ -58.379464649080802, -34.570322739323011 ], [ -58.379462413142875, -34.570322571924898 ], [ -58.379462413142747, -34.570322571924883 ], [ -58.379459159479453, -34.570322331713605 ], [ -58.379455904732836, -34.570322085191492 ], [ -58.379455904732637, -34.570322085191485 ], [ -58.379454726832797, -34.57032199784549 ], [ -58.379452647802928, -34.570321842273501 ], [ -58.379452647802786, -34.570321842273493 ], [ -58.379449390870924, -34.570321602059764 ], [ -58.379449358182676, -34.570321599333077 ], [ -58.379449358181716, -34.570321599333006 ], [ -58.379448413466484, -34.570321527471357 ], [ -58.379448413466356, -34.570321527471343 ], [ -58.379448304502553, -34.570321519283667 ], [ -58.379446140480816, -34.570321357343204 ], [ -58.379446140480702, -34.570321357343197 ], [ -58.379444959311712, -34.570321269994857 ], [ -58.379442884638003, -34.570321117129978 ], [ -58.379439629888715, -34.570320873311744 ], [ -58.37943637187113, -34.57032062858972 ], [ -58.379435223392846, -34.570320542165163 ], [ -58.379433116032018, -34.570320384770532 ], [ -58.379429859104235, -34.570320140049105 ], [ -58.379428280218455, -34.570320021778812 ], [ -58.379428280218249, -34.570320021778812 ], [ -58.379426605441765, -34.570319898935509 ], [ -58.379425549581541, -34.570319820687345 ], [ -58.379423348512262, -34.570319656016743 ], [ -58.379420090492125, -34.57031941399859 ], [ -58.379420054534165, -34.570319411269608 ], [ -58.37942005453386, -34.570319411269587 ], [ -58.379418817793081, -34.570319320277108 ], [ -58.379416833567326, -34.570319166572531 ], [ -58.379416833566957, -34.57031916657251 ], [ -58.379413579906526, -34.570318923655726 ], [ -58.379410327333147, -34.570318683443887 ], [ -58.379407066049453, -34.570318436014595 ], [ -58.379407066049183, -34.570318436014567 ], [ -58.379403811296498, -34.570318195801065 ], [ -58.379401385761419, -34.570318014750129 ], [ -58.379400554368026, -34.570317951980286 ], [ -58.37939873358269, -34.570317815514834 ], [ -58.379397300710508, -34.5703177063588 ], [ -58.379397300710288, -34.570317706358786 ], [ -58.379394075382585, -34.57031746616542 ], [ -58.379394043786952, -34.570317462538299 ], [ -58.379394043781801, -34.570317462537808 ], [ -58.379392029041057, -34.570317311516128 ], [ -58.379390786854266, -34.57031721781533 ], [ -58.379387528836872, -34.570316973092005 ], [ -58.379384280626155, -34.570316729276755 ], [ -58.379382561177607, -34.570316600092141 ], [ -58.379381024787349, -34.570316485456196 ], [ -58.379378520799854, -34.570316297139456 ], [ -58.379378305051738, -34.570316280765446 ], [ -58.379377804908685, -34.570316242561695 ], [ -58.37937776895059, -34.5703162398327 ], [ -58.379377768950214, -34.570316239832664 ], [ -58.379374512015566, -34.57031600232115 ], [ -58.379372735906344, -34.570315868590342 ], [ -58.379371256177919, -34.570315757598927 ], [ -58.379368000340172, -34.57031551287659 ], [ -58.379364743410854, -34.570315269956254 ], [ -58.379363157987903, -34.570315150779223 ], [ -58.379361487573156, -34.570315025233747 ], [ -58.379358229555137, -34.570314781411064 ], [ -58.379357723963437, -34.570314743203475 ], [ -58.379354974809985, -34.570314533984842 ], [ -58.379354974809551, -34.570314533984813 ], [ -58.37935359968354, -34.570314433882238 ], [ -58.379351720058267, -34.570314292868524 ], [ -58.379348502357161, -34.570314051777594 ], [ -58.379348502356464, -34.570314051777544 ], [ -58.379348463129652, -34.570314049046296 ], [ -58.379345207292438, -34.570313804323369 ], [ -58.379344210275612, -34.570313727917878 ], [ -58.37934195146233, -34.57031355238896 ], [ -58.379341951461825, -34.570313552388932 ], [ -58.379338696709581, -34.570313312173688 ], [ -58.37933687919562, -34.57031317390674 ], [ -58.379336879195463, -34.570313173906733 ], [ -58.379335445231767, -34.570313066552053 ], [ -58.379332188301696, -34.570312824532273 ], [ -58.379329971977775, -34.57031265894809 ], [ -58.379328932465413, -34.570312578907497 ], [ -58.379328932465171, -34.570312578907476 ], [ -58.379325675537928, -34.570312334183271 ], [ -58.379322419699491, -34.570312090361128 ], [ -58.379320430020691, -34.570311941158344 ], [ -58.379319163861219, -34.570311846538907 ], [ -58.37931590802841, -34.570311597308049 ], [ -58.37931590802804, -34.570311597308027 ], [ -58.379315870980442, -34.570311594578264 ], [ -58.379315385001917, -34.570311558186866 ], [ -58.379312652189896, -34.570311353485643 ], [ -58.379311339177967, -34.570311253425338 ], [ -58.379309395266525, -34.570311105155312 ], [ -58.379306144882293, -34.570310855927929 ], [ -58.379304419987136, -34.570310724935631 ], [ -58.379302925007543, -34.570310609425754 ], [ -58.379302925007366, -34.570310609425746 ], [ -58.379302889049342, -34.570310606696722 ], [ -58.379299632122375, -34.570310361971806 ], [ -58.379298021643514, -34.570310235565302 ], [ -58.379296376295137, -34.570310107331892 ], [ -58.37929637629496, -34.570310107331878 ], [ -58.379293121551889, -34.570309858101169 ], [ -58.379289872259342, -34.570309607071252 ], [ -58.379286614248954, -34.57030935603526 ], [ -58.379285029917639, -34.570309235055106 ], [ -58.379283357325484, -34.57030910770419 ], [ -58.379280100402269, -34.570308859373064 ], [ -58.3792768467546, -34.570308604734109 ], [ -58.379276846754308, -34.570308604734088 ], [ -58.379273589830092, -34.570308357304199 ], [ -58.379271974989585, -34.570308233598617 ], [ -58.37927033835642, -34.570308108075146 ], [ -58.379267080343368, -34.570307859742883 ], [ -58.379265724836031, -34.570307756047121 ], [ -58.379263825601498, -34.570307609609984 ], [ -58.379263825601321, -34.570307609609976 ], [ -58.379260570855806, -34.570307363082662 ], [ -58.379258555029452, -34.570307208452334 ], [ -58.379257315023338, -34.570307113850255 ], [ -58.379254055925315, -34.570306861009804 ], [ -58.379254055925138, -34.570306861009783 ], [ -58.379253470790324, -34.570306816437004 ], [ -58.379253470790175, -34.57030681643699 ], [ -58.379250800087902, -34.570306616284299 ], [ -58.37924966141658, -34.570306530766167 ], [ -58.379247546431301, -34.570306370658813 ], [ -58.379244298222311, -34.57030612593843 ], [ -58.379241034766601, -34.570305873996205 ], [ -58.379240992273985, -34.570305869460007 ], [ -58.379240992270041, -34.570305869459645 ], [ -58.379237783290996, -34.570305624766114 ], [ -58.379236470279118, -34.570305524704999 ], [ -58.379234526367924, -34.570305376433751 ], [ -58.379231272713106, -34.570305129004986 ], [ -58.379228014701347, -34.570304879770269 ], [ -58.379224758868951, -34.570304630536995 ], [ -58.37922311351813, -34.570304505006881 ], [ -58.379221503034742, -34.570304383106453 ], [ -58.379218247202424, -34.570304133873009 ], [ -58.379218247202218, -34.570304133872988 ], [ -58.379214995723494, -34.570303890050987 ], [ -58.379213875578522, -34.570303803643888 ], [ -58.379213875577477, -34.570303803643817 ], [ -58.379213691428134, -34.570303790897043 ], [ -58.37921177693903, -34.570303643547177 ], [ -58.379211776938597, -34.570303643547142 ], [ -58.379211739890977, -34.57030364081735 ], [ -58.379208484053315, -34.57030339699218 ], [ -58.379208484053052, -34.570303396992152 ], [ -58.379207096941244, -34.570303295978242 ], [ -58.379207096940142, -34.570303295978164 ], [ -58.379207054444493, -34.570303293244656 ], [ -58.37920522712222, -34.570303156771878 ], [ -58.379205227121851, -34.570303156771843 ], [ -58.379203959869344, -34.570303065756185 ], [ -58.379201971278043, -34.570302919256491 ], [ -58.379199170904037, -34.570302714506205 ], [ -58.379198718704195, -34.570302680841898 ], [ -58.379195458504874, -34.570302439717643 ], [ -58.379195458504554, -34.570302439717615 ], [ -58.37919330755232, -34.570302285894506 ], [ -58.379192201565409, -34.570302207609799 ], [ -58.379190981167248, -34.570302120231979 ], [ -58.379188943543262, -34.570301969191178 ], [ -58.37918894354241, -34.570301969191121 ], [ -58.379187218633476, -34.570301852619998 ], [ -58.379185685509675, -34.570301741589539 ], [ -58.379185685509384, -34.570301741589532 ], [ -58.379183828757725, -34.570301611406073 ], [ -58.379182825197255, -34.570301540403278 ], [ -58.379182825196445, -34.570301540403221 ], [ -58.379182429654293, -34.570301514890737 ], [ -58.379181356358586, -34.570301437529906 ], [ -58.379179168360686, -34.570301279173911 ], [ -58.379175912523365, -34.570301035347903 ], [ -58.37917265669072, -34.570300787014666 ], [ -58.379169399777282, -34.570300529666326 ], [ -58.379169399777155, -34.570300529666326 ], [ -58.379167896081853, -34.570300412345922 ], [ -58.37916613632261, -34.570300275017644 ], [ -58.379162882682039, -34.570300014065701 ], [ -58.379162882681825, -34.57030001406568 ], [ -58.379160393958685, -34.570299818543575 ], [ -58.37915962903773, -34.570299756719329 ], [ -58.379156496346695, -34.570299504864828 ], [ -58.379156405907274, -34.570299497591058 ], [ -58.379156405905626, -34.570299497590938 ], [ -58.379156365589495, -34.570299494858936 ], [ -58.379153106499174, -34.570299235705853 ], [ -58.379153106498855, -34.570299235705839 ], [ -58.37914985284818, -34.570298984669193 ], [ -58.379149852848016, -34.570298984669179 ], [ -58.37914823473772, -34.570298861861112 ], [ -58.379146591566659, -34.57029873633148 ], [ -58.379146591566318, -34.570298736331452 ], [ -58.379143544935985, -34.57029851157872 ], [ -58.379143372774664, -34.570298498840188 ], [ -58.379143335729395, -34.570298495209087 ], [ -58.379143335725807, -34.570298495208789 ], [ -58.379140074425337, -34.57029826580083 ], [ -58.379140074425123, -34.570298265800815 ], [ -58.379136812029543, -34.570298041800612 ], [ -58.379136812028918, -34.570298041800577 ], [ -58.379133557245012, -34.570297834031187 ], [ -58.379133557244529, -34.570297834031159 ], [ -58.37913029482079, -34.570297637974974 ], [ -58.379130294820065, -34.570297637974939 ], [ -58.379127033467896, -34.570297459947916 ], [ -58.379127033467327, -34.570297459947888 ], [ -58.379123772100669, -34.570297296343597 ], [ -58.379123772099966, -34.570297296343561 ], [ -58.379122566924224, -34.570297242328351 ], [ -58.379122566924082, -34.570297242328344 ], [ -58.379120516161777, -34.570297152574327 ], [ -58.379120516161066, -34.570297152574305 ], [ -58.379118196237215, -34.57029706353606 ], [ -58.379117254755293, -34.570297027731158 ], [ -58.379117254753247, -34.570297027731094 ], [ -58.379117213345438, -34.570297026801128 ], [ -58.379113991147541, -34.570296924520626 ], [ -58.379113991146689, -34.570296924520612 ], [ -58.379110727518828, -34.570296842042787 ], [ -58.379110727517713, -34.570296842042772 ], [ -58.379107464951431, -34.570296787509839 ], [ -58.379107464950735, -34.570296787509839 ], [ -58.379104784270844, -34.570296756815246 ], [ -58.37910419582888, -34.570296750099402 ], [ -58.379104195828191, -34.570296750099388 ], [ -58.379100931047958, -34.570296729818963 ], [ -58.379100931046864, -34.570296729818963 ], [ -58.379099265951538, -34.570296733177557 ], [ -58.379097664059934, -34.570296736579721 ], [ -58.379097664059373, -34.570296736579721 ], [ -58.379095625180454, -34.570296749596125 ], [ -58.379094390521544, -34.570296755955837 ], [ -58.3790943905205, -34.570296755955852 ], [ -58.379091124586907, -34.57029679877423 ], [ -58.37909112458626, -34.570296798774244 ], [ -58.379089055170645, -34.570296836107964 ], [ -58.379087852098024, -34.570296857813695 ], [ -58.37908785209752, -34.570296857813695 ], [ -58.379084579596565, -34.57029692947301 ], [ -58.379084579595585, -34.570296929473038 ], [ -58.379081307070045, -34.570297025470758 ], [ -58.379081307069576, -34.570297025470765 ], [ -58.379078035621973, -34.570297133187701 ], [ -58.379078035621333, -34.570297133187722 ], [ -58.379076770408517, -34.570297180991815 ], [ -58.379076320338349, -34.570297196906928 ], [ -58.379076320338157, -34.570297196906935 ], [ -58.379075911678036, -34.570297211949239 ], [ -58.37907591167739, -34.570297211949267 ], [ -58.379074764154097, -34.57029725983454 ], [ -58.379072884308691, -34.570297337863003 ], [ -58.379072884308194, -34.570297337863018 ], [ -58.379072845076664, -34.57029733963877 ], [ -58.379071495945482, -34.570297397300592 ], [ -58.379071495944856, -34.570297397300614 ], [ -58.379068222269602, -34.570297552791359 ], [ -58.379068222269005, -34.570297552791388 ], [ -58.37906495838665, -34.570297722711622 ], [ -58.379064958386145, -34.570297722711651 ], [ -58.379061694491568, -34.570297905251707 ], [ -58.379061657439834, -34.57029790702898 ], [ -58.379061657438207, -34.570297907029058 ], [ -58.379058427311655, -34.570298102212377 ], [ -58.379058427311158, -34.570298102212405 ], [ -58.379057054175071, -34.570298190505987 ], [ -58.379055171017747, -34.57029831089892 ], [ -58.379055171017434, -34.570298310898941 ], [ -58.379051947410076, -34.570298525016526 ], [ -58.379051947409579, -34.570298525016561 ], [ -58.379051909266671, -34.570298527694533 ], [ -58.379051909266344, -34.570298527694547 ], [ -58.379048657303557, -34.570298764328136 ], [ -58.379048657303251, -34.570298764328165 ], [ -58.379047385503753, -34.570298859902998 ], [ -58.379045411870507, -34.570299009079008 ], [ -58.379045411869186, -34.570299009079115 ], [ -58.379043734645059, -34.570299153051124 ], [ -58.37904215986363, -34.570299288079525 ], [ -58.37904215986218, -34.570299288079667 ], [ -58.379038918718344, -34.570299602243139 ], [ -58.379038918716851, -34.570299602243288 ], [ -58.379035682984252, -34.570299953368895 ], [ -58.379035682983329, -34.570299953369002 ], [ -58.379032448316799, -34.570300327932358 ], [ -58.379032448315691, -34.570300327932493 ], [ -58.379031310505297, -34.570300469572409 ], [ -58.379029821762835, -34.570300653337057 ], [ -58.379029212536452, -34.570300725932007 ], [ -58.379029212534981, -34.570300725932192 ], [ -58.379027484011232, -34.570300951898375 ], [ -58.379025983267788, -34.570301149176132 ], [ -58.379025983267212, -34.570301149176217 ], [ -58.379022758343488, -34.570301587747323 ], [ -58.379022758343034, -34.570301587747387 ], [ -58.379019527957965, -34.570302038934599 ], [ -58.379019527957787, -34.570302038934628 ], [ -58.379016304107317, -34.570302493731994 ], [ -58.379016304107154, -34.570302493732008 ], [ -58.379013079162441, -34.570302953035636 ], [ -58.379011696108719, -34.57030315039448 ], [ -58.379011657963218, -34.570303155776685 ], [ -58.37901165796309, -34.570303155776706 ], [ -58.379009853128025, -34.57030341233844 ], [ -58.379006623829106, -34.570303867131734 ], [ -58.379003398895499, -34.570304315617982 ], [ -58.379002000593104, -34.570304505754748 ], [ -58.379000168523632, -34.570304754184619 ], [ -58.37899693708659, -34.570305168411949 ], [ -58.37899598782105, -34.570305287645965 ], [ -58.378995956216336, -34.570305291229758 ], [ -58.378995956215114, -34.570305291229907 ], [ -58.378993703484824, -34.57030556821482 ], [ -58.378990465546778, -34.570305945479006 ], [ -58.378987225448313, -34.570306303811655 ], [ -58.378983979916285, -34.570306646816235 ], [ -58.378982283041481, -34.570306825929478 ], [ -58.378980739834518, -34.570306988021684 ], [ -58.378977489952561, -34.570307322008851 ], [ -58.378974246610561, -34.570307654197613 ], [ -58.378970997818961, -34.570307987283947 ], [ -58.37897099781862, -34.570307987283989 ], [ -58.378969184331964, -34.570308178035027 ], [ -58.378967756646844, -34.570308328488366 ], [ -58.378967756646318, -34.570308328488416 ], [ -58.378964515460865, -34.570308683214073 ], [ -58.378964515460353, -34.570308683214137 ], [ -58.378961955415051, -34.570308973507586 ], [ -58.378961275352957, -34.570309049658981 ], [ -58.378961275348885, -34.570309049659507 ], [ -58.378961231755284, -34.570309055939155 ], [ -58.378960984360546, -34.570309085515113 ], [ -58.378960984360432, -34.570309085515134 ], [ -58.378959131611047, -34.57030930869022 ], [ -58.378958039578542, -34.570309440445413 ], [ -58.378958039577455, -34.570309440445541 ], [ -58.378956782966419, -34.570309602735477 ], [ -58.378954814675843, -34.570309856479206 ], [ -58.378954814674991, -34.570309856479319 ], [ -58.378951589751495, -34.570310294147113 ], [ -58.378951589750059, -34.570310294147319 ], [ -58.378950339655447, -34.570310478075918 ], [ -58.378948370239662, -34.57031076697438 ], [ -58.378948370238902, -34.570310766974494 ], [ -58.378945656417478, -34.570311181558203 ], [ -58.378945153980595, -34.570311256930786 ], [ -58.378945153979323, -34.570311256930992 ], [ -58.37894460467178, -34.570311344891181 ], [ -58.378941947513056, -34.570311762218225 ], [ -58.378941947512764, -34.570311762218267 ], [ -58.378940332287499, -34.570312019811432 ], [ -58.378938739948964, -34.570312274716137 ], [ -58.378938739948715, -34.57031227471618 ], [ -58.378935528017912, -34.570312795323794 ], [ -58.378935528017273, -34.570312795323893 ], [ -58.378932370565494, -34.570313323180379 ], [ -58.378932325880115, -34.570313330360854 ], [ -58.378932325879184, -34.570313330361003 ], [ -58.378929123737571, -34.570313869003726 ], [ -58.378929123737137, -34.57031386900379 ], [ -58.378925918314451, -34.57031441936271 ], [ -58.378925918314152, -34.570314419362767 ], [ -58.37892272051311, -34.570314976036833 ], [ -58.378922720512776, -34.570314976036897 ], [ -58.378920662753892, -34.570315339692243 ], [ -58.378920662753679, -34.570315339692286 ], [ -58.378919520521116, -34.57031554352654 ], [ -58.378916366301425, -34.57031610744199 ], [ -58.378916366300608, -34.570316107442132 ], [ -58.37891632270388, -34.570316115524776 ], [ -58.378913130328769, -34.570316694737997 ], [ -58.378913130328606, -34.570316694738018 ], [ -58.37890998154564, -34.570317270375618 ], [ -58.378909981545327, -34.570317270375668 ], [ -58.378909937948393, -34.570317278458369 ], [ -58.378906744475167, -34.570317865783501 ], [ -58.378906744474769, -34.570317865783579 ], [ -58.378904661625789, -34.570318255562682 ], [ -58.378903556440889, -34.570318462126664 ], [ -58.378900362958355, -34.570319058465891 ], [ -58.378900362957964, -34.570319058465977 ], [ -58.378897176004578, -34.570319663823938 ], [ -58.378897176004422, -34.570319663823966 ], [ -58.378895587975535, -34.570319967408054 ], [ -58.378893991230697, -34.570320269183263 ], [ -58.378893991230456, -34.570320269183306 ], [ -58.378890811903176, -34.570320876349236 ], [ -58.378890811902849, -34.570320876349292 ], [ -58.378887621667488, -34.570321494324673 ], [ -58.378886257072878, -34.570321756597558 ], [ -58.378884442336606, -34.570322105096089 ], [ -58.378881253196262, -34.570322717663508 ], [ -58.378881253195964, -34.570322717663565 ], [ -58.378878070587511, -34.570323336545428 ], [ -58.378878070587348, -34.570323336545464 ], [ -58.378876502169547, -34.570323643748587 ], [ -58.378874889065955, -34.570323958132228 ], [ -58.378871703183592, -34.570324581518797 ], [ -58.378871703182725, -34.570324581518967 ], [ -58.378871561490385, -34.570324610266546 ], [ -58.378868523835791, -34.570325208515534 ], [ -58.378868523835393, -34.570325208515605 ], [ -58.378865346658039, -34.570325844527972 ], [ -58.378865346657669, -34.57032584452805 ], [ -58.378863688852626, -34.570326181416291 ], [ -58.378862169471198, -34.570326489554589 ], [ -58.378862169470956, -34.570326489554631 ], [ -58.378858992278936, -34.570327139989665 ], [ -58.378858992278658, -34.570327139989722 ], [ -58.378855854317493, -34.570327789550362 ], [ -58.378855819439174, -34.570327796737651 ], [ -58.378855819438641, -34.570327796737757 ], [ -58.37885264876752, -34.570328464304225 ], [ -58.378852648766959, -34.570328464304346 ], [ -58.378850728262087, -34.570328877631894 ], [ -58.378849485713104, -34.570329142693076 ], [ -58.378849485712436, -34.570329142693211 ], [ -58.378847675286401, -34.570329538969801 ], [ -58.378846324825048, -34.57032983370339 ], [ -58.378846324824593, -34.570329833703489 ], [ -58.378843165015866, -34.57033053553144 ], [ -58.378843165015283, -34.570330535531575 ], [ -58.378840015000314, -34.570331250887612 ], [ -58.378840014999803, -34.570331250887733 ], [ -58.378836869330868, -34.570331978866655 ], [ -58.378836869330115, -34.570331978866825 ], [ -58.378833729090594, -34.570332725779402 ], [ -58.378833729090097, -34.570332725779515 ], [ -58.37883059428728, -34.57033348441432 ], [ -58.378830594286619, -34.570333484414483 ], [ -58.378827462735593, -34.570334260178569 ], [ -58.378827462735124, -34.57033426017869 ], [ -58.37882433553105, -34.570335047664223 ], [ -58.378824335529949, -34.570335047664507 ], [ -58.378824290839908, -34.57033505935204 ], [ -58.378821217032311, -34.570335846874379 ], [ -58.378821217032062, -34.570335846874443 ], [ -58.378818093076973, -34.570336654193468 ], [ -58.378818093076198, -34.570336654193675 ], [ -58.378814980000037, -34.570337479548677 ], [ -58.378814979998921, -34.570337479548968 ], [ -58.378814940758495, -34.570337490338815 ], [ -58.378811866916223, -34.570338312115062 ], [ -58.378811866915548, -34.570338312115247 ], [ -58.378808758173491, -34.57033916181161 ], [ -58.378808758173044, -34.570339161811731 ], [ -58.378805661408755, -34.570340020530566 ], [ -58.378805661408144, -34.570340020530736 ], [ -58.378802563536723, -34.570340896375825 ], [ -58.378802563535608, -34.570340896376145 ], [ -58.378802529744569, -34.570340906268363 ], [ -58.378799471100542, -34.570341784844693 ], [ -58.378799471100123, -34.570341784844814 ], [ -58.378796384102976, -34.570342683232944 ], [ -58.378796384102529, -34.570342683233072 ], [ -58.378793302542967, -34.570343592442022 ], [ -58.378793302541403, -34.570343592442498 ], [ -58.378793267659901, -34.570343603235315 ], [ -58.37879022859525, -34.570344516980555 ], [ -58.378790228594333, -34.570344516980825 ], [ -58.378789134172933, -34.570344855159505 ], [ -58.378787165527307, -34.570345458653691 ], [ -58.378787165526923, -34.570345458653811 ], [ -58.378785015923903, -34.570346125122548 ], [ -58.378784104632736, -34.570346406638102 ], [ -58.378784104631912, -34.570346406638372 ], [ -58.37878104807632, -34.570347374457029 ], [ -58.378781048075936, -34.57034737445715 ], [ -58.378778005680267, -34.570348348595516 ], [ -58.378778005679337, -34.570348348595807 ], [ -58.37877497197767, -34.57034934617721 ], [ -58.378774971977037, -34.570349346177423 ], [ -58.378771944797137, -34.57035035998895 ], [ -58.378771944796398, -34.570350359989199 ], [ -58.378768925225351, -34.570351392735866 ], [ -58.378768925224691, -34.570351392736086 ], [ -58.378765914354879, -34.570352441714412 ], [ -58.378765914354112, -34.570352441714682 ], [ -58.378762911092203, -34.570353510529536 ], [ -58.378762911091883, -34.57035351052965 ], [ -58.378759913271203, -34.570354586559652 ], [ -58.378759913270741, -34.570354586559816 ], [ -58.378756918706358, -34.570355675211957 ], [ -58.378756918705747, -34.570355675212177 ], [ -58.378753931753828, -34.57035677919373 ], [ -58.378753931753465, -34.570356779193858 ], [ -58.378750951331753, -34.57035789129268 ], [ -58.378750909907104, -34.570357906588171 ], [ -58.378750909906671, -34.570357906588335 ], [ -58.37874796872827, -34.570359005192927 ], [ -58.378747968727787, -34.570359005193112 ], [ -58.378746656201443, -34.570359501871344 ], [ -58.378744994834236, -34.570360127211963 ], [ -58.378744994834115, -34.570360127212012 ], [ -58.378742018758999, -34.570361251032203 ], [ -58.378742018758764, -34.570361251032281 ], [ -58.378739043766899, -34.570362381163172 ], [ -58.378739043766778, -34.570362381163228 ], [ -58.378737093504199, -34.570363124390418 ], [ -58.378736074226573, -34.570363508593353 ], [ -58.378736074226254, -34.570363508593481 ], [ -58.378735077838456, -34.570363887403609 ], [ -58.37873503423365, -34.570363903598931 ], [ -58.378735034233067, -34.570363903599151 ], [ -58.378733098149347, -34.570364634216233 ], [ -58.378730124254233, -34.570365757136237 ], [ -58.378727147090956, -34.570366879152431 ], [ -58.37872417865298, -34.570367993963046 ], [ -58.378723427556075, -34.570368270180431 ], [ -58.378723427555741, -34.570368270180566 ], [ -58.378721185157353, -34.570369102446392 ], [ -58.378721185156742, -34.57036910244662 ], [ -58.378721147002196, -34.570369116842933 ], [ -58.378719246902989, -34.570369824047503 ], [ -58.378719246902698, -34.570369824047617 ], [ -58.378719150971129, -34.570369860038099 ], [ -58.37871910954653, -34.570369875333533 ], [ -58.378718204739265, -34.570370210037282 ], [ -58.378715218876032, -34.570371314018693 ], [ -58.378712235194989, -34.570372415297207 ], [ -58.378709242793271, -34.570373519273907 ], [ -58.378707530203208, -34.570374149987039 ], [ -58.378706255845742, -34.570374617845715 ], [ -58.378706255845515, -34.570374617845786 ], [ -58.378703267802507, -34.570375721825371 ], [ -58.378700284122047, -34.570376822202164 ], [ -58.378697298258238, -34.570377926183156 ], [ -58.378697298258125, -34.570377926183212 ], [ -58.378696157981729, -34.570378349063354 ], [ -58.378694312391644, -34.570379032868331 ], [ -58.378694312391403, -34.570379032868431 ], [ -58.378692216066071, -34.570379814755078 ], [ -58.378691331967858, -34.570380144965853 ], [ -58.378688350450837, -34.57038126066815 ], [ -58.3786853678413, -34.570382379073926 ], [ -58.378685367840831, -34.570382379074104 ], [ -58.378682400479136, -34.570383505603168 ], [ -58.378679428755717, -34.570384634833438 ], [ -58.378679428755198, -34.570384634833644 ], [ -58.378676464646993, -34.570385776689079 ], [ -58.378676464646531, -34.570385776689257 ], [ -58.378675140112335, -34.570386293189763 ], [ -58.378673505980771, -34.570386924858234 ], [ -58.378673505980323, -34.570386924858404 ], [ -58.378670551665749, -34.570388080241898 ], [ -58.378670551665202, -34.570388080242104 ], [ -58.378667638759893, -34.570389235654226 ], [ -58.378667638759715, -34.570389235654289 ], [ -58.37866760714504, -34.570389248252326 ], [ -58.378664664797022, -34.570390423475381 ], [ -58.378664664796389, -34.570390423475644 ], [ -58.378661732240346, -34.570391614029617 ], [ -58.378661732240055, -34.570391614029731 ], [ -58.378660634436031, -34.570392063080313 ], [ -58.378659809177101, -34.570392398740168 ], [ -58.37865980917568, -34.570392398740758 ], [ -58.378659711059456, -34.570392440138065 ], [ -58.378659605313381, -34.570392483332967 ], [ -58.378659605313139, -34.570392483333073 ], [ -58.378658804034394, -34.570392812699581 ], [ -58.378658804033847, -34.570392812699794 ], [ -58.378657912265361, -34.570393184370609 ], [ -58.378657912264963, -34.570393184370772 ], [ -58.378657580848625, -34.570393323862 ], [ -58.378655882347516, -34.570394030303937 ], [ -58.378655882346813, -34.570394030304229 ], [ -58.378652975903606, -34.570395260538859 ], [ -58.378652975902845, -34.570395260539186 ], [ -58.378650081427274, -34.570396509712019 ], [ -58.378650081426755, -34.570396509712246 ], [ -58.378647189115043, -34.570397774210768 ], [ -58.378647189114282, -34.570397774211095 ], [ -58.378644343656788, -34.570399042347752 ], [ -58.378644343656148, -34.570399042348029 ], [ -58.378644309859361, -34.570399057648814 ], [ -58.378641440399605, -34.570400353712941 ], [ -58.378641440399058, -34.570400353713183 ], [ -58.37863858182363, -34.570401662404784 ], [ -58.378638581823097, -34.570401662405033 ], [ -58.378635726500285, -34.570402987324513 ], [ -58.378635726499809, -34.570402987324734 ], [ -58.378632880973434, -34.570404323068075 ], [ -58.378632880973058, -34.570404323068246 ], [ -58.378630043065499, -34.570405667831025 ], [ -58.378630043065129, -34.570405667831203 ], [ -58.378627211686648, -34.570407021612731 ], [ -58.378627211686279, -34.570407021612915 ], [ -58.378624383565928, -34.570408386213757 ], [ -58.378624383565466, -34.57040838621397 ], [ -58.378621569603133, -34.570409758937394 ], [ -58.378621140040281, -34.570409968671811 ], [ -58.378618751279113, -34.570411134362033 ], [ -58.378618751274779, -34.570411134364264 ], [ -58.378618716386498, -34.57041115326895 ], [ -58.378617928126651, -34.570411541235949 ], [ -58.378617928126474, -34.570411541236027 ], [ -58.378616719019668, -34.570412138944384 ], [ -58.378615941661522, -34.570412520609864 ], [ -58.378615941661202, -34.570412520610013 ], [ -58.378613136400851, -34.570413908663554 ], [ -58.378613136400666, -34.570413908663653 ], [ -58.378610331133814, -34.570415303027083 ], [ -58.378607532407919, -34.570416694690742 ], [ -58.378607532407315, -34.570416694691033 ], [ -58.378604741292932, -34.570418102585556 ], [ -58.378604741292641, -34.570418102585705 ], [ -58.378602964131176, -34.570419005483416 ], [ -58.378601957798814, -34.570419517696905 ], [ -58.37860195779853, -34.570419517697054 ], [ -58.378599184105788, -34.570420939124936 ], [ -58.378599184105319, -34.570420939125185 ], [ -58.378596409305381, -34.570422377679336 ], [ -58.378596409305111, -34.570422377679478 ], [ -58.378593642127633, -34.570423821647417 ], [ -58.378593642127342, -34.570423821647566 ], [ -58.378590922913041, -34.570425250324483 ], [ -58.378590922912878, -34.570425250324575 ], [ -58.378590883661893, -34.570425271030146 ], [ -58.378590883661744, -34.570425271030238 ], [ -58.3785881328171, -34.570426727629339 ], [ -58.378588132816908, -34.570426727629446 ], [ -58.378585380875123, -34.57042819143917 ], [ -58.378585380874831, -34.570428191439326 ], [ -58.378585340533235, -34.570428213045545 ], [ -58.378582637648186, -34.570429657959195 ], [ -58.37857988679508, -34.570431122670932 ], [ -58.378579886792103, -34.570431122672566 ], [ -58.378579858444198, -34.570431138877822 ], [ -58.378578463932826, -34.570431886994676 ], [ -58.378577144650983, -34.570432595501707 ], [ -58.378574395968009, -34.570434069229087 ], [ -58.378571656004368, -34.570435541159668 ], [ -58.378568916038965, -34.570437014892967 ], [ -58.378568878968466, -34.570437034698557 ], [ -58.378568878968267, -34.570437034698671 ], [ -58.378566173895805, -34.570438486821871 ], [ -58.378563426307672, -34.57043995514119 ], [ -58.378561557509883, -34.570440955328799 ], [ -58.378560679808288, -34.570441424362599 ], [ -58.37855535038252, -34.570444249339097 ], [ -58.378555350379976, -34.570444249340483 ], [ -58.376780905163173, -34.571443735713984 ], [ -58.376119285830484, -34.571816390565616 ], [ -58.37588089024031, -34.571950498329002 ], [ -58.375880890236573, -34.571950498331212 ], [ -58.375850727480255, -34.571969046107007 ], [ -58.375850727474834, -34.571969046110567 ], [ -58.375850691488459, -34.571969071323679 ], [ -58.37584573523327, -34.571972300286433 ], [ -58.375822238533381, -34.571987611302013 ], [ -58.375822238532827, -34.571987611302383 ], [ -58.375800953135503, -34.572001668211449 ], [ -58.374148180624687, -34.57306953125785 ], [ -58.374148151185935, -34.573069548361737 ], [ -58.374111811037466, -34.573090011229041 ], [ -58.37409958533793, -34.57309689550074 ], [ -58.374099585337788, -34.573096895500818 ], [ -58.374050497047229, -34.573124632556187 ], [ -58.37401919777372, -34.573142310970532 ], [ -58.373976494482491, -34.573165818667377 ], [ -58.373976494481767, -34.573165818667789 ], [ -58.373976463950278, -34.573165835772535 ], [ -58.373976463949617, -34.573165835772905 ], [ -58.373954257524979, -34.573178472838421 ], [ -58.371635730155205, -34.574497941309403 ], [ -58.371635730154551, -34.574497941309772 ], [ -58.371635686535917, -34.57449796651693 ], [ -58.371635686534198, -34.574497966517939 ], [ -58.371624563482641, -34.574504662969844 ], [ -58.37157374311326, -34.57453525614131 ], [ -58.371573699495428, -34.574535281347941 ], [ -58.371573699495251, -34.574535281348055 ], [ -58.371541760706187, -34.574553818602141 ], [ -58.371521485594698, -34.574565575979371 ], [ -58.371502150334152, -34.57457591431438 ], [ -58.37149940466638, -34.574577381573526 ], [ -58.371497984944362, -34.574578140407766 ], [ -58.371477959452378, -34.574588838791058 ], [ -58.371477959449763, -34.574588838792494 ], [ -58.371450351239815, -34.574604538887328 ], [ -58.3714282760046, -34.574617093558281 ], [ -58.371381669538948, -34.574642846459909 ], [ -58.371381669536348, -34.574642846461387 ], [ -58.371332838834093, -34.574671543529178 ], [ -58.371332838832984, -34.574671543529831 ], [ -58.371332810480489, -34.574671560635231 ], [ -58.371292089657246, -34.574695502465211 ], [ -58.371292089655817, -34.574695502466064 ], [ -58.371292048216539, -34.574695527674749 ], [ -58.3712920482157, -34.57469552767526 ], [ -58.371268620510719, -34.574710067139051 ], [ -58.371252668340063, -34.574719963582957 ], [ -58.371252668339963, -34.574719963583028 ], [ -58.371221392073416, -34.574739417100837 ], [ -58.371221392067753, -34.57473941710461 ], [ -58.371221368073861, -34.574739434213548 ], [ -58.371198797440414, -34.574755468874258 ], [ -58.371182806582688, -34.574766831899581 ], [ -58.371182806578034, -34.574766831903084 ], [ -58.371182773856106, -34.574766858019544 ], [ -58.371166234063395, -34.574779908998721 ], [ -58.371164450723079, -34.574781316581131 ], [ -58.371163774472393, -34.574781849714725 ], [ -58.371151479789702, -34.574791548789527 ], [ -58.371151479787784, -34.574791548791083 ], [ -58.371141121778813, -34.574800133361713 ], [ -58.371126844607765, -34.574811966414842 ], [ -58.37112684459936, -34.574811966422665 ], [ -58.371126816232419, -34.574811996148199 ], [ -58.371105250863401, -34.574834465025745 ], [ -58.371105181040605, -34.574834535283621 ], [ -58.371105181028369, -34.574834535298855 ], [ -58.371105181020113, -34.574834535315802 ], [ -58.371105181016141, -34.574834535333792 ], [ -58.371105181016652, -34.574834535352068 ], [ -58.371105181021612, -34.574834535369888 ], [ -58.371105181030813, -34.574834535386508 ], [ -58.37110518104388, -34.574834535401237 ], [ -58.371173737278021, -34.574897382286679 ], [ -58.371173737292892, -34.574897382297998 ], [ -58.371173737310031, -34.574897382306844 ], [ -58.37117373732886, -34.574897382312933 ], [ -58.371173737348705, -34.574897382316031 ], [ -58.37117373736892, -34.574897382316053 ], [ -58.37117373738878, -34.57489738231299 ], [ -58.371173737407609, -34.574897382306943 ], [ -58.371173737424783, -34.574897382298126 ], [ -58.371173737439683, -34.574897382286828 ], [ -58.37117382034635, -34.574897306629701 ], [ -58.371194420407306, -34.574878574322526 ], [ -58.371194420411491, -34.574878574318483 ], [ -58.371194452048364, -34.574878541893582 ], [ -58.37121546499327, -34.574859926182341 ], [ -58.371215495530933, -34.574859901869253 ], [ -58.371247869536781, -34.574835245250831 ], [ -58.37124786954378, -34.574835245244998 ], [ -58.371247900084661, -34.57483521732722 ], [ -58.371258867919501, -34.57482703164068 ], [ -58.371272798035662, -34.574816629775988 ], [ -58.371287155734684, -34.574806860131446 ], [ -58.371300742382779, -34.574797611829517 ], [ -58.371335649020764, -34.574775888534326 ], [ -58.371335690457855, -34.574775864227803 ], [ -58.371335690458736, -34.574775864227277 ], [ -58.371376425980088, -34.574751464469749 ], [ -58.37141746420351, -34.574727274058311 ], [ -58.371445208841045, -34.574712418711023 ], [ -58.371471034331606, -34.574698592242221 ], [ -58.371471034337695, -34.574698592238711 ], [ -58.371471082320092, -34.574698562528056 ], [ -58.371543918054222, -34.574654484396973 ], [ -58.371603386182386, -34.574622623120156 ], [ -58.371605033803803, -34.574621740059136 ], [ -58.371605033806567, -34.574621740057601 ], [ -58.374196753162892, -34.573138150070562 ], [ -58.374218644488295, -34.573125618197707 ], [ -58.374218644493006, -34.573125618194865 ], [ -58.374588610349647, -34.572888624171448 ], [ -58.375534110063271, -34.572282947124172 ], [ -58.375768283632532, -34.572132935860331 ], [ -58.375838861372806, -34.572087724036066 ], [ -58.375838861382718, -34.572087724028883 ], [ -58.375847013106288, -34.572081054808059 ], [ -58.375858590640675, -34.57207158280643 ], [ -58.375873737169499, -34.572062025019562 ], [ -58.37588512705706, -34.572054836189793 ], [ -58.37591362710895, -34.572037120133487 ], [ -58.375917517842389, -34.572034699885037 ], [ -58.375917517842858, -34.572034699884746 ], [ -58.375933656649067, -34.572024549658735 ], [ -58.375952431084116, -34.572012747200723 ], [ -58.375983417804434, -34.571995119445312 ], [ -58.375983417806609, -34.571995119444033 ], [ -58.376016637591235, -34.571975217176778 ], [ -58.376034219178216, -34.571966119935077 ], [ -58.376042469713369, -34.571961850368382 ], [ -58.376057650393406, -34.571953991767892 ], [ -58.376057650396156, -34.571953991766428 ], [ -58.37608583539415, -34.571938406417374 ], [ -58.376092852523151, -34.571934999533752 ], [ -58.376109541638925, -34.5719268968219 ], [ -58.376116115573922, -34.571925250107618 ], [ -58.37611983692382, -34.571924317085013 ], [ -58.376119836923976, -34.571924317084964 ], [ -58.376120072369972, -34.571924257758987 ], [ -58.376120072385454, -34.571924257753992 ], [ -58.376120072399843, -34.571924257747099 ], [ -58.376168887898814, -34.571896571940854 ], [ -58.376187762475617, -34.571885866552293 ], [ -58.377478579030907, -34.571153746425175 ], [ -58.378550761276102, -34.570545609910312 ], [ -58.378550761276713, -34.570545609909964 ], [ -58.378550797258598, -34.570545589202133 ], [ -58.378550797258853, -34.570545589201998 ], [ -58.378580733185288, -34.570528257522135 ], [ -58.378600634494646, -34.570516729469041 ], [ -58.378613697358567, -34.570509925551931 ], [ -58.378614709156061, -34.570509398017926 ], [ -58.378617908093354, -34.570507729893862 ], [ -58.378640579753629, -34.570495919806262 ], [ -58.378683555447161, -34.570475174428246 ], [ -58.378683555448234, -34.570475174427727 ], [ -58.37868358270336, -34.570475160926016 ], [ -58.378713919369837, -34.57046127654742 ], [ -58.378713955344665, -34.570461261248717 ], [ -58.378713955348204, -34.570461261247154 ], [ -58.378747537845499, -34.570445661890354 ], [ -58.378747537846579, -34.570445661889842 ], [ -58.37874758690716, -34.57044563848703 ], [ -58.378747631600376, -34.570445617788081 ], [ -58.378779635753546, -34.570434729989017 ], [ -58.378803904575115, -34.57042647349909 ], [ -58.378841917947931, -34.570416160445134 ], [ -58.378873496721717, -34.570407791813089 ], [ -58.378916737161546, -34.570398863335882 ], [ -58.378918422221425, -34.570398514747481 ], [ -58.378955505851685, -34.570391621928508 ], [ -58.378993121185133, -34.570385880587338 ], [ -58.37901565562241, -34.570383621849935 ], [ -58.379016477355108, -34.570383539486052 ], [ -58.379057114975382, -34.570379465146374 ], [ -58.379069535895376, -34.570379181655682 ], [ -58.379071515965187, -34.570379135246355 ], [ -58.379073854560041, -34.570379081872979 ], [ -58.379096547426684, -34.570378566588523 ], [ -58.379143445820105, -34.570378488054764 ], [ -58.379158368748698, -34.570379278075784 ], [ -58.379171984089623, -34.570379995079861 ], [ -58.379189135385765, -34.57038090021279 ], [ -58.379189135389666, -34.570380900212939 ], [ -58.379189175705044, -34.570380901142052 ], [ -58.379227720608675, -34.57038376448417 ], [ -58.37925010943647, -34.570385423202517 ], [ -58.379968140595345, -34.570442406987162 ], [ -58.380359935423108, -34.570473498094351 ], [ -58.380359818644258, -34.570474783361156 ], [ -58.380329437137938, -34.57080943262423 ], [ -58.380329437138691, -34.5708094326435 ], [ -58.380329437144376, -34.570809432662202 ], [ -58.380329437154742, -34.570809432679468 ], [ -58.380505761529655, -34.571037963875639 ], [ -58.380267109288127, -34.571175461256594 ], [ -58.378909051858507, -34.571957879330185 ], [ -58.378423008480723, -34.572237896718441 ], [ -58.378307790832189, -34.572304274197862 ], [ -58.378307790813594, -34.572304274211412 ], [ -58.378307790799177, -34.572304274228102 ], [ -58.378302050027919, -34.572312830174212 ], [ -58.3783020500275, -34.572312830174837 ], [ -58.378302022742581, -34.572312871620078 ], [ -58.378301947444143, -34.572312977032638 ], [ -58.378297698099189, -34.57231874860949 ], [ -58.378297698091188, -34.572318748622678 ], [ -58.378297698085895, -34.572318748636775 ], [ -58.378296759540326, -34.572322230192725 ], [ -58.378295853815359, -34.572325587368418 ], [ -58.378293270813835, -34.572331241111776 ], [ -58.378290561120721, -34.572337167904983 ], [ -58.378290561114703, -34.572337167924481 ], [ -58.378289665357308, -34.572342507349603 ], [ -58.378288913232687, -34.572346986012683 ], [ -58.378288913232147, -34.572346986016449 ], [ -58.378252909423431, -34.572655951809345 ], [ -58.378250646950846, -34.572675362445665 ], [ -58.378250646950697, -34.572675362461482 ], [ -58.378250677145189, -34.572675675277402 ], [ -58.378250677145203, -34.572675675277544 ], [ -58.3782513706728, -34.572682728519126 ], [ -58.378252179602249, -34.572690961807972 ], [ -58.378252179604821, -34.572690961821444 ], [ -58.378253806265363, -34.572696644643969 ], [ -58.3782556696518, -34.572703152436105 ], [ -58.378255735886036, -34.572703388655711 ], [ -58.37825573588966, -34.572703388665872 ], [ -58.378255883749603, -34.572703728606349 ], [ -58.378260186755568, -34.572713775294375 ], [ -58.378260186759498, -34.572713775302326 ], [ -58.378260201988489, -34.572713802355736 ], [ -58.378260201988816, -34.572713802356326 ], [ -58.378265090650522, -34.572722328746337 ], [ -58.378265226627057, -34.572722566817554 ], [ -58.378265226634866, -34.572722566828986 ], [ -58.378265476960905, -34.572722877995396 ], [ -58.378265522672613, -34.572722934817094 ], [ -58.378271951693904, -34.572730931339954 ], [ -58.378271951699837, -34.572730931346641 ], [ -58.378281668681019, -34.572740894366923 ], [ -58.378281913619944, -34.572741145134025 ], [ -58.378281913624413, -34.572741145138309 ], [ -58.37828195064197, -34.572741178516878 ], [ -58.378281950652706, -34.57274117852532 ], [ -58.378282938367747, -34.572741856184308 ], [ -58.37828305271173, -34.572741934688011 ], [ -58.378285783897731, -34.572743812458022 ], [ -58.378285783897908, -34.572743812458143 ], [ -58.378291217972603, -34.572747532822753 ], [ -58.378291217974969, -34.57274753282433 ], [ -58.378300464970685, -34.572753513916396 ], [ -58.378302135550861, -34.572754594086817 ], [ -58.378302135554129, -34.572754594088856 ], [ -58.378302346837415, -34.572754720435647 ], [ -58.378302346838559, -34.572754720436322 ], [ -58.378302398025987, -34.572754750218685 ], [ -58.378312792287709, -34.572760970986266 ], [ -58.378312792310155, -34.572760970996612 ], [ -58.378312834795771, -34.572760985449008 ], [ -58.378312834796851, -34.572760985449364 ], [ -58.378325776707129, -34.572765254599481 ], [ -58.378325776707371, -34.57276525459956 ], [ -58.378326000032075, -34.572765327770547 ], [ -58.378326000042954, -34.572765327773574 ], [ -58.378326039264827, -34.572765336815124 ], [ -58.378326039268885, -34.572765336815991 ], [ -58.378327051446064, -34.572765535834371 ], [ -58.37833425980358, -34.572766953386889 ], [ -58.378334259803744, -34.572766953386925 ], [ -58.378334352414257, -34.572766971479908 ], [ -58.378334352414846, -34.572766971480029 ], [ -58.378334418876463, -34.572766984146178 ], [ -58.378340081184852, -34.572768097742951 ], [ -58.378340081185648, -34.572768097743115 ], [ -58.378352650136385, -34.572770486255777 ], [ -58.37835437705855, -34.572770815576682 ], [ -58.378354377058692, -34.57277081557671 ], [ -58.378361346859677, -34.57277213650903 ], [ -58.378361346878741, -34.572772136511205 ], [ -58.378382133051019, -34.572772969468311 ], [ -58.378412870123107, -34.572775579743194 ], [ -58.378459097209387, -34.572780068532879 ], [ -58.378459097211625, -34.572780068533085 ], [ -58.38352798366018, -34.573184329893245 ], [ -58.383527983668223, -34.573184329893643 ], [ -58.383533796333317, -34.573184436454802 ], [ -58.383538059392627, -34.573184512256063 ], [ -58.383539505475895, -34.57318453844092 ], [ -58.383550729781199, -34.57318473507403 ], [ -58.383550761368916, -34.573184740501496 ], [ -58.38355087468446, -34.573184760406875 ], [ -58.383550874685639, -34.573184760407081 ], [ -58.383559047661166, -34.573186117885719 ], [ -58.383569243980332, -34.573187811111922 ], [ -58.383579204460609, -34.573192262543444 ], [ -58.383579391812404, -34.573192346495581 ], [ -58.383579435371665, -34.573192372661737 ], [ -58.383579644483298, -34.573192499899157 ], [ -58.383580198845955, -34.573192839197368 ], [ -58.383587865165218, -34.573197530713934 ], [ -58.38358935907609, -34.573198819821933 ], [ -58.383590202944482, -34.57319954692251 ], [ -58.383594106511197, -34.573202909983557 ], [ -58.383599759398244, -34.573209422861034 ], [ -58.383601769928752, -34.573212920798447 ], [ -58.383604012190183, -34.573216824528075 ], [ -58.38360547655887, -34.573221668838059 ], [ -58.383606308682616, -34.573224422325048 ], [ -58.383606038403116, -34.573234721827504 ], [ -58.383604319634266, -34.573247515543862 ], [ -58.383604319633896, -34.573247515547244 ], [ -58.383597214240794, -34.573327627859143 ], [ -58.383592544462935, -34.573380320376337 ], [ -58.38359254007181, -34.573380354622856 ], [ -58.383591417103204, -34.573385463169366 ], [ -58.3835903270054, -34.573390384244092 ], [ -58.383590327005287, -34.573390384244611 ], [ -58.3835893746705, -34.573394830357699 ], [ -58.383588757321426, -34.57339768477091 ], [ -58.383588757321071, -34.573397684772658 ], [ -58.383588750750299, -34.573397719019987 ], [ -58.383588734345224, -34.573397781205152 ], [ -58.383588734344286, -34.573397781209202 ], [ -58.383587488443808, -34.573403809133396 ], [ -58.383587488443744, -34.573403809133694 ], [ -58.383587480780562, -34.573403846982238 ], [ -58.383584505994492, -34.57341157654745 ], [ -58.383576250105818, -34.573419445994254 ], [ -58.383569340902646, -34.573424146019455 ], [ -58.383566080406915, -34.573426364097884 ], [ -58.383556649535542, -34.573431022813736 ], [ -58.38355628429381, -34.57343120286032 ], [ -58.383556284293292, -34.573431202860576 ], [ -58.383556237411241, -34.573431226267026 ], [ -58.383556237405493, -34.573431226270102 ], [ -58.383546941017705, -34.573436553934613 ], [ -58.382525935764214, -34.574016421678387 ], [ -58.382128554678111, -34.574242104999207 ], [ -58.381894817541585, -34.574374849274029 ], [ -58.381894817527105, -34.574374849283878 ], [ -58.381894715008286, -34.574374932146206 ], [ -58.381894631032303, -34.574374997893791 ], [ -58.381894631030832, -34.574374997894957 ], [ -58.381884646245609, -34.574383114885983 ], [ -58.381884609175174, -34.574383144599615 ], [ -58.381871970949483, -34.574388875542439 ], [ -58.381871970940971, -34.574388875546724 ], [ -58.381864617512932, -34.574392974833302 ], [ -58.381864564085099, -34.574393004544703 ], [ -58.381864353644715, -34.574393121589686 ], [ -58.381864353644616, -34.574393121589743 ], [ -58.381860423965456, -34.574395312137263 ], [ -58.381860423964653, -34.57439531213771 ], [ -58.381855014602273, -34.574398385095236 ], [ -58.381848312054103, -34.574402193652688 ], [ -58.381845770601693, -34.574403417894345 ], [ -58.381843693609646, -34.574404416189651 ], [ -58.381843693609483, -34.574404416189743 ], [ -58.381839602867387, -34.574406390280352 ], [ -58.381833461868361, -34.574407653583215 ], [ -58.38182621148573, -34.574408899020753 ], [ -58.381821288442211, -34.574409452815459 ], [ -58.381815639545508, -34.574410085449394 ], [ -58.38179766738692, -34.574407472839049 ], [ -58.381797667385889, -34.574407472838907 ], [ -58.381785087635841, -34.574405746320757 ], [ -58.381770839668604, -34.57440378882346 ], [ -58.381770839661201, -34.574403788822657 ], [ -58.380163440259878, -34.574275599942688 ], [ -58.37927874407535, -34.574205034502889 ], [ -58.379262830339158, -34.574203765157066 ], [ -58.37924788860122, -34.574202573099669 ], [ -58.376117537474691, -34.573952840429314 ], [ -58.376117504784737, -34.573952837701711 ], [ -58.376117504784176, -34.573952837701661 ], [ -58.375518434216836, -34.573905425127215 ], [ -58.375518434195136, -34.573905425127293 ], [ -58.375518434173891, -34.573905425130931 ], [ -58.375442743401429, -34.573925034380451 ], [ -58.375442743386095, -34.57392503438551 ], [ -58.375442743371863, -34.573925034392417 ], [ -58.374111640876606, -34.574689243516751 ], [ -58.3732993655413, -34.575155572339966 ], [ -58.372333633109939, -34.575705168729534 ], [ -58.372314925067649, -34.575715815045761 ], [ -58.371768067116435, -34.576027025424843 ], [ -58.370765262983838, -34.576597698298542 ], [ -58.370765262982836, -34.576597698299111 ], [ -58.370765225907256, -34.576597719904271 ], [ -58.370765075426505, -34.576597800917575 ], [ -58.370760430094947, -34.57660030516162 ], [ -58.370760430082186, -34.576600305169656 ], [ -58.370753816152842, -34.576605150725811 ], [ -58.370753816143683, -34.576605150733378 ], [ -58.370752577942639, -34.576606301816383 ], [ -58.370749756807648, -34.576608924628431 ], [ -58.370749756797075, -34.576608924639999 ], [ -58.370749756788882, -34.576608924652859 ], [ -58.370746761050391, -34.576614709532919 ], [ -58.370746717366558, -34.576614792430668 ], [ -58.370746717362614, -34.576614792439344 ], [ -58.370746667087026, -34.576614923107599 ], [ -58.370745894428786, -34.57661687951591 ], [ -58.370745874758526, -34.576616928177678 ], [ -58.370745874758299, -34.576616928178247 ], [ -58.370744210323195, -34.576621138376169 ], [ -58.370744210318072, -34.576621138397783 ], [ -58.37074363953856, -34.576627771554413 ], [ -58.3707002217742, -34.577015031577645 ], [ -58.370700221773731, -34.57701503158588 ], [ -58.370700221652783, -34.577015140657828 ], [ -58.370700117560602, -34.577023508511026 ], [ -58.370700117563338, -34.577023508532058 ], [ -58.370702037739711, -34.577030446457719 ], [ -58.370702037740749, -34.577030446461173 ], [ -58.370704224119166, -34.577037124076774 ], [ -58.370704224119777, -34.577037124078565 ], [ -58.370704234983862, -34.57703715473528 ], [ -58.370704234997042, -34.577037154759019 ], [ -58.370707898115114, -34.577041821512893 ], [ -58.370707923143549, -34.577041853981711 ], [ -58.370713150527436, -34.577049116223677 ], [ -58.370713150536751, -34.577049116234647 ], [ -58.370713150547907, -34.577049116244353 ], [ -58.370714664123319, -34.577050250484263 ], [ -58.370718015767892, -34.577052761693622 ], [ -58.370721684283374, -34.577055510217868 ], [ -58.370721751794122, -34.577055561650063 ], [ -58.37072175182044, -34.577055561664885 ], [ -58.370724797570851, -34.577056781800763 ], [ -58.370731040492259, -34.577059278976982 ], [ -58.370731040505277, -34.577059278981352 ], [ -58.370740368594021, -34.577061847906599 ], [ -58.370740368624553, -34.577061847911146 ], [ -58.370748703196675, -34.577062094010167 ], [ -58.370757259061634, -34.577063267842433 ], [ -58.370757259070004, -34.577063267843307 ], [ -58.370765685882382, -34.577063875482906 ], [ -58.37077360379444, -34.577064446679088 ], [ -58.376009270501321, -34.577478602430631 ], [ -58.376013608544312, -34.577479083288225 ], [ -58.376013886414498, -34.577479114135414 ], [ -58.37601388641469, -34.577479114135429 ], [ -58.376014912901326, -34.57747922664624 ], [ -58.37602060978427, -34.577479857210356 ], [ -58.376045168932862, -34.577483799569443 ], [ -58.376046647420715, -34.577485191502653 ], [ -58.37604689783084, -34.577485427855073 ], [ -58.376046897830939, -34.577485427855173 ], [ -58.376047498817066, -34.577485993478518 ], [ -58.376065472876732, -34.577502911658634 ], [ -58.376071574163724, -34.577508654464253 ], [ -58.376064350588614, -34.577572571143243 ], [ -58.376057643980914, -34.577631922509617 ], [ -58.376056438394357, -34.577642593622983 ], [ -58.376051524693132, -34.577681964372331 ], [ -58.376050375114552, -34.577691182424275 ], [ -58.376050317097182, -34.577691429369409 ], [ -58.376050317097075, -34.577691429369835 ], [ -58.376048610281771, -34.57769888654358 ], [ -58.376047610721322, -34.577703250523207 ], [ -58.376044219046967, -34.577710717292241 ], [ -58.376041886054473, -34.577713561415543 ], [ -58.376039812769278, -34.577716088423088 ], [ -58.376031468997354, -34.577722487075754 ], [ -58.376020053033173, -34.577729917473185 ], [ -58.376020053032562, -34.57772991747359 ], [ -58.376020020318599, -34.577729939082332 ], [ -58.37540663486805, -34.578077358972862 ], [ -58.37529345038908, -34.578141465209889 ], [ -58.375287075482653, -34.578145076230214 ], [ -58.374325591368468, -34.578689633258421 ], [ -58.374325591357923, -34.578689633265235 ], [ -58.374325459387101, -34.578689729620642 ], [ -58.374325335056639, -34.578689815164559 ], [ -58.374325335055325, -34.578689815165468 ], [ -58.374317864069909, -34.578695121817859 ], [ -58.374317835722756, -34.578695141621886 ], [ -58.374313056807317, -34.578697209608436 ], [ -58.374308455606716, -34.578699199304921 ], [ -58.37430791916865, -34.578699431479151 ], [ -58.374307634632146, -34.578699522313805 ], [ -58.374296081797858, -34.578703205221814 ], [ -58.37428771557552, -34.578703871582476 ], [ -58.374277163711135, -34.57870400270621 ], [ -58.374276868374459, -34.578704005194979 ], [ -58.374268304664085, -34.578702832505606 ], [ -58.374268304650229, -34.578702832504447 ], [ -58.374253477992923, -34.578702389004299 ], [ -58.374253477992781, -34.578702389004299 ], [ -58.374252484101937, -34.578702360335107 ], [ -58.37423254183723, -34.578700849418574 ], [ -58.368013687306721, -34.578210012473527 ], [ -58.368013687306046, -34.57821001247347 ], [ -58.368013650255207, -34.578210009740268 ], [ -58.368013650254085, -34.578210009740189 ], [ -58.367981224987602, -34.578207896721622 ], [ -58.367973232396196, -34.578206797051394 ], [ -58.367966305481559, -34.578205842440425 ], [ -58.367966305465032, -34.578205842439203 ], [ -58.36796083570934, -34.57820578498275 ], [ -58.36795436333081, -34.578205715024353 ], [ -58.367954363314986, -34.578205715025121 ], [ -58.36794291219298, -34.578206977990419 ], [ -58.367942912165795, -34.578206977996452 ], [ -58.367933032337426, -34.578210351523531 ], [ -58.367933032320572, -34.578210351530764 ], [ -58.367929988797833, -34.578211950985398 ], [ -58.367924778499258, -34.578214687246394 ], [ -58.367917561931932, -34.578218293617581 ], [ -58.367917561931804, -34.578218293617653 ], [ -58.367913976540372, -34.57822009096197 ], [ -58.367913976533096, -34.578220090965964 ], [ -58.367899701015872, -34.578228609996025 ], [ -58.367899666117964, -34.578228630701474 ], [ -58.367899666117367, -34.57822863070183 ], [ -58.367882305285498, -34.578239078169922 ], [ -58.367882276934921, -34.578239093470728 ], [ -58.367882276932477, -34.578239093472078 ], [ -58.36543361991076, -34.579639892952329 ], [ -58.365338092087612, -34.579694646395353 ], [ -58.365319860552106, -34.579704491547233 ], [ -58.365319860538811, -34.579704491555688 ], [ -58.365307750533951, -34.579713501492286 ], [ -58.365307750519456, -34.579713501505431 ], [ -58.365297542838256, -34.579724827827718 ], [ -58.365297542826539, -34.579724827844082 ], [ -58.365297542819235, -34.579724827862094 ], [ -58.36529424028766, -34.57973716121154 ], [ -58.365294240285586, -34.579737161222326 ], [ -58.365247210736804, -34.580137714005531 ], [ -58.365247210736712, -34.580137714006234 ], [ -58.365247207431189, -34.580137744652028 ], [ -58.365247207431203, -34.5801377446682 ], [ -58.365247912650098, -34.580144166986059 ], [ -58.365247912654958, -34.580144167005685 ], [ -58.365247926780498, -34.580144203073672 ], [ -58.36525027903906, -34.580150387836682 ], [ -58.365250279045384, -34.58015038784967 ], [ -58.365250279054059, -34.580150387861693 ], [ -58.365253533233727, -34.58015419178485 ], [ -58.365255434584633, -34.580156418028935 ], [ -58.365255434604656, -34.580156418046698 ], [ -58.36525663030865, -34.580157226683951 ], [ -58.365259277627658, -34.58015901723757 ], [ -58.365262005529793, -34.580160863744183 ], [ -58.365262005547144, -34.580160863753797 ], [ -58.36526535725811, -34.580162356501397 ], [ -58.365269431161288, -34.580164170736268 ], [ -58.365269431186135, -34.580164170744276 ], [ -58.365273517110708, -34.580165028576772 ], [ -58.365273619530797, -34.580165050293196 ], [ -58.365273619531067, -34.580165050293246 ], [ -58.365279893332996, -34.580166366905175 ], [ -58.365279893336051, -34.580166366905793 ], [ -58.365279932562096, -34.580166374148675 ], [ -58.365279932573493, -34.580166374150252 ], [ -58.365288966417559, -34.580167226040146 ], [ -58.365294054356774, -34.580167706078122 ], [ -58.365294054362629, -34.580167706078548 ], [ -58.365305515634837, -34.580168272361803 ], [ -58.365306800490131, -34.580168335591594 ], [ -58.370567361347803, -34.580582165077686 ], [ -58.370567361349103, -34.580582165077786 ], [ -58.370576685429185, -34.580582804961985 ], [ -58.370576685429519, -34.580582804961999 ], [ -58.370576726840781, -34.580582807697716 ], [ -58.370583984713072, -34.580583304487675 ], [ -58.370594504718781, -34.580584588894105 ], [ -58.370603317920754, -34.580587912821535 ], [ -58.370608518065268, -34.580591420599767 ], [ -58.370613165407953, -34.580595151510714 ], [ -58.370613249195493, -34.580595263341593 ], [ -58.370617488955887, -34.580600941019028 ], [ -58.370619834350052, -34.58060876534546 ], [ -58.370620429212323, -34.580613852531435 ], [ -58.370620429212345, -34.580613852531648 ], [ -58.370620437851116, -34.58061392465207 ], [ -58.370620990617155, -34.580618644932656 ], [ -58.370620990617475, -34.580618644935058 ], [ -58.370621024153458, -34.580618868504956 ], [ -58.370620933699705, -34.580619847374727 ], [ -58.370620933699676, -34.580619847375033 ], [ -58.370619950254159, -34.580631005366584 ], [ -58.370619945850834, -34.580631045024802 ], [ -58.370601346127025, -34.580786386074642 ], [ -58.370601341729511, -34.580786423004881 ], [ -58.3705638642667, -34.580828158431828 ], [ -58.370562478445919, -34.580829700606287 ], [ -58.369749887441223, -34.581293708191055 ], [ -58.369708078592417, -34.581317581924239 ], [ -58.3696346248691, -34.581359524760664 ], [ -58.369443705261567, -34.581468540637211 ], [ -58.369127865890903, -34.581648886986287 ], [ -58.369107676159288, -34.581660416854859 ], [ -58.369031778954223, -34.581703752845314 ], [ -58.369031778953492, -34.58170375284574 ], [ -58.369031749510022, -34.581703769948753 ], [ -58.369021527084492, -34.581709083161869 ], [ -58.369013252305436, -34.581713382875705 ], [ -58.369013252301166, -34.581713382878043 ], [ -58.369001187243342, -34.581720328046572 ], [ -58.368992825672976, -34.581724277035747 ], [ -58.368992568326703, -34.581724398529211 ], [ -58.368992218299603, -34.581724564117202 ], [ -58.368992085298451, -34.581724604575932 ], [ -58.368992085297862, -34.581724604576102 ], [ -58.368984403406031, -34.581726982905167 ], [ -58.368984012101016, -34.581727030376875 ], [ -58.36897411366499, -34.581728222522429 ], [ -58.368964434963267, -34.581727856275229 ], [ -58.368955714203409, -34.581727527725818 ], [ -58.36895554092407, -34.581727521281991 ], [ -58.368948198029003, -34.581726955821168 ], [ -58.368947929944994, -34.581726934881189 ], [ -58.368947929944845, -34.581726934881168 ], [ -58.368933928525742, -34.581725858572405 ], [ -58.368902629204648, -34.581723379789075 ], [ -58.36888941697908, -34.581722191407536 ], [ -58.368875759045139, -34.581720960312751 ], [ -58.368875759043817, -34.581720960312637 ], [ -58.365210592442672, -34.581427746057585 ], [ -58.365210592442558, -34.581427746057571 ], [ -58.363390385219283, -34.581283670541175 ], [ -58.362673915484443, -34.581226952027578 ], [ -58.36267388061551, -34.581226948393365 ], [ -58.362664208335637, -34.581225838877593 ], [ -58.362664208326073, -34.581225838876847 ], [ -58.362653118436278, -34.581225383527062 ], [ -58.362653118423644, -34.581225383527155 ], [ -58.362650147262066, -34.581225546939173 ], [ -58.362643977144053, -34.58122588529362 ], [ -58.362643942266565, -34.581225887067703 ], [ -58.362643942254515, -34.581225887068868 ], [ -58.362639708492409, -34.581226498348862 ], [ -58.362639708491173, -34.581226498349046 ], [ -58.362639673609699, -34.581226503728757 ], [ -58.362636971386102, -34.581226893617668 ], [ -58.361623853523085, -34.581146683383999 ], [ -58.361623853501698, -34.581146683384048 ], [ -58.361623853480744, -34.581146683387551 ], [ -58.361623853461012, -34.581146683394365 ], [ -58.361623853443277, -34.581146683404242 ], [ -58.361623853428199, -34.581146683416797 ], [ -58.361623853416397, -34.581146683431527 ], [ -58.361623853408275, -34.581146683447905 ], [ -58.361623853404197, -34.581146683465256 ], [ -58.361544119768702, -34.581845496100662 ], [ -58.361416582603624, -34.582963234598402 ], [ -58.361416582603709, -34.582963234616059 ], [ -58.361416582607944, -34.582963234633361 ], [ -58.361416582616194, -34.58296323464964 ], [ -58.361416582628109, -34.582963234664298 ], [ -58.361416582643265, -34.58296323467674 ], [ -58.36141658266105, -34.582963234686503 ], [ -58.361416582680796, -34.582963234693203 ], [ -58.36141658270175, -34.582963234696606 ], [ -58.36141845821254, -34.582963383194418 ], [ -58.36254167042523, -34.583052172079853 ], [ -58.362567436144445, -34.583054209834913 ], [ -58.364547740936764, -34.583210727197532 ], [ -58.365208108294048, -34.583262913157846 ], [ -58.365208108301111, -34.583262913158201 ], [ -58.365208145352689, -34.583262914089318 ], [ -58.365460982614707, -34.583282969107962 ], [ -58.365606193602069, -34.583294485744666 ], [ -58.366096839363038, -34.58333339807082 ], [ -58.366096882953507, -34.58333340171118 ], [ -58.366097481237539, -34.583333457174454 ], [ -58.366097555341206, -34.583333464444856 ], [ -58.366097555341952, -34.583333464444912 ], [ -58.366108471586337, -34.583334471915919 ], [ -58.366114396733877, -34.58333590178411 ], [ -58.3661195166776, -34.583337138105918 ], [ -58.366129696706899, -34.583341402725914 ], [ -58.366131006367752, -34.583342659439438 ], [ -58.366136236354251, -34.583347680028638 ], [ -58.366143836497976, -34.5833558015851 ], [ -58.366143905918506, -34.583356082864192 ], [ -58.366145017773185, -34.583360622421459 ], [ -58.366146145894639, -34.583365230491872 ], [ -58.366146291180186, -34.583372439290777 ], [ -58.366146421040703, -34.583378854832148 ], [ -58.366146428241926, -34.583379222618859 ], [ -58.366147758737441, -34.583468423234613 ], [ -58.366148815229501, -34.58353927242873 ], [ -58.366148069446261, -34.583548893636227 ], [ -58.366148066127259, -34.583548936000398 ], [ -58.366147336191339, -34.583558051514977 ], [ -58.366144688802287, -34.583565585291502 ], [ -58.366136174136457, -34.583575327399693 ], [ -58.366117840069421, -34.583590216948501 ], [ -58.366117801887768, -34.583590247566327 ], [ -58.36611780188732, -34.583590247566683 ], [ -58.366099084917835, -34.583605426170521 ], [ -58.366090009524747, -34.583612786284313 ], [ -58.366076676250948, -34.583623602672247 ], [ -58.365553774544651, -34.584037065006299 ], [ -58.365488490149509, -34.584088685052038 ], [ -58.365207254908341, -34.58431105616399 ], [ -58.365199093911798, -34.584317383912904 ], [ -58.36519107582108, -34.584323600901214 ], [ -58.364999444180967, -34.584472193433236 ], [ -58.364991441890794, -34.584477926354985 ], [ -58.364991441889742, -34.584477926355746 ], [ -58.36497914147256, -34.584486972153805 ], [ -58.364974030261685, -34.584490299698601 ], [ -58.364971726622606, -34.584491800511877 ], [ -58.364963973433262, -34.584495174602239 ], [ -58.364963815325716, -34.584495242078177 ], [ -58.364963539500202, -34.584495316671898 ], [ -58.364963539499705, -34.58449531667204 ], [ -58.364963500250731, -34.58449532745739 ], [ -58.36496186160408, -34.584495768736311 ], [ -58.364954553667403, -34.584497731556041 ], [ -58.364945348122532, -34.584498846409041 ], [ -58.364942803182934, -34.584498862386525 ], [ -58.364942341059312, -34.584498865619793 ], [ -58.364938683319252, -34.584498890616004 ], [ -58.364938085082969, -34.584498796387386 ], [ -58.36493480943804, -34.584498279034094 ], [ -58.364929861100606, -34.584497497116644 ], [ -58.364929861092222, -34.584497497115599 ], [ -58.364922715360947, -34.584496838724668 ], [ -58.364922677218793, -34.584496835088245 ], [ -58.364922677216761, -34.584496835088068 ], [ -58.364913822569115, -34.584496130247899 ], [ -58.364913822568724, -34.584496130247864 ], [ -58.360529228158818, -34.584160004907545 ], [ -58.360529228157446, -34.584160004907432 ], [ -58.360529186745836, -34.584160002168403 ], [ -58.36042717840229, -34.584151312133415 ], [ -58.360244530296292, -34.584135749997209 ], [ -58.359954407650477, -34.584111031905728 ], [ -58.359954407638845, -34.584111031905252 ], [ -58.359953791842919, -34.584111034088075 ], [ -58.359943032352362, -34.584111033089535 ], [ -58.359943032342905, -34.584111033089869 ], [ -58.359934296017506, -34.584111661195188 ], [ -58.359933830590911, -34.584111693252247 ], [ -58.359933027267452, -34.584111747558758 ], [ -58.359933027236501, -34.584111747564698 ], [ -58.359932991255327, -34.584111759252743 ], [ -58.35993299125132, -34.584111759254128 ], [ -58.359932798252999, -34.584111829401451 ], [ -58.359932756819809, -34.584111843788861 ], [ -58.359932756818871, -34.584111843789188 ], [ -58.359925732584578, -34.584114346503632 ], [ -58.359925732570552, -34.584114346509672 ], [ -58.359923920013493, -34.584115269835763 ], [ -58.359919247933277, -34.584117651047038 ], [ -58.359919247913901, -34.584117651059628 ], [ -58.359911739632217, -34.584123779793238 ], [ -58.359911575982245, -34.584123913065319 ], [ -58.359911575964055, -34.584123913084881 ], [ -58.359907525163578, -34.584129784235451 ], [ -58.359907525156892, -34.584129784246983 ], [ -58.359904271003167, -34.584136591750756 ], [ -58.359904270999678, -34.58413659175929 ], [ -58.359901536384861, -34.584144556230484 ], [ -58.359901536382814, -34.584144556237497 ], [ -58.359900274326769, -34.584149796950577 ], [ -58.359900274324779, -34.584149796963985 ], [ -58.359899720455523, -34.584159638243285 ], [ -58.359713945978427, -34.58586709177878 ], [ -58.359713945978363, -34.585867091779491 ], [ -58.359713942667206, -34.585867125129361 ], [ -58.3597139426669, -34.585867125133639 ], [ -58.359713600021955, -34.58587536025064 ], [ -58.359712680833439, -34.585884453033806 ], [ -58.359712676422319, -34.585884494495353 ], [ -58.359712676422156, -34.585884494509351 ], [ -58.359713383966238, -34.585893129850668 ], [ -58.359713409725039, -34.585893451680853 ], [ -58.359713409728478, -34.585893451698119 ], [ -58.35971661158267, -34.585903388108605 ], [ -58.359716611594159, -34.585903388131257 ], [ -58.359722127932422, -34.58591110359427 ], [ -58.359722127934951, -34.58591110359766 ], [ -58.359722164934126, -34.585911150503108 ], [ -58.359722164934475, -34.585911150503534 ], [ -58.359727929305734, -34.585918366787887 ], [ -58.359727929323448, -34.585918366804961 ], [ -58.359729387374024, -34.585919460568249 ], [ -58.359736809384053, -34.585925029554318 ], [ -58.359736809393858, -34.585925029560862 ], [ -58.359746563588615, -34.585930802444324 ], [ -58.359746563608674, -34.585930802453717 ], [ -58.359746603917905, -34.585930816910725 ], [ -58.359755585256686, -34.585934035403433 ], [ -58.359755585285804, -34.585934035410105 ], [ -58.359766917873593, -34.585935268256769 ], [ -58.35976691787522, -34.585935268256932 ], [ -58.359783776985836, -34.585936888895482 ], [ -58.359783776986589, -34.585936888895546 ], [ -58.359783817309264, -34.58593689253545 ], [ -58.359783817309541, -34.585936892535479 ], [ -58.359797928100839, -34.585938135848529 ], [ -58.359797928101003, -34.585938135848544 ], [ -58.359798148241822, -34.585938154965135 ], [ -58.359806722826576, -34.585938909517225 ], [ -58.359806722828424, -34.585938909517367 ], [ -58.359814179404196, -34.585939460300466 ], [ -58.359822248459579, -34.585940057575016 ], [ -58.359834371667723, -34.585940948544682 ], [ -58.359841865301, -34.585941499357467 ], [ -58.360265983749478, -34.585974447335118 ], [ -58.36361908965381, -34.58623488342937 ], [ -58.363630703793014, -34.586235898001888 ], [ -58.36364033404994, -34.586238000772717 ], [ -58.363647463811994, -34.586240265556441 ], [ -58.363651778657704, -34.586243133788997 ], [ -58.363651797151569, -34.586243154525512 ], [ -58.363652260763651, -34.586243737221942 ], [ -58.363654946669776, -34.586247115243523 ], [ -58.363658008793017, -34.586252159403507 ], [ -58.363658008793109, -34.586252159403635 ], [ -58.36365805991877, -34.586252243276448 ], [ -58.363658074053959, -34.586252268521179 ], [ -58.363658086003348, -34.586252300075174 ], [ -58.363658086005437, -34.586252300080147 ], [ -58.363660588493403, -34.58625776745648 ], [ -58.36366060696627, -34.586257809826243 ], [ -58.363661376116248, -34.586266310862541 ], [ -58.3636601180757, -34.586276577047144 ], [ -58.363660118075487, -34.586276577049048 ], [ -58.363660114764883, -34.586276611299844 ], [ -58.363596468932904, -34.586838304207625 ], [ -58.36352636047944, -34.587457014915351 ], [ -58.363526354994818, -34.58745704465435 ], [ -58.363526334167581, -34.587457143793024 ], [ -58.363526334167474, -34.58745714379355 ], [ -58.363526328685438, -34.587457170831783 ], [ -58.363526328685232, -34.587457170832835 ], [ -58.363526312231663, -34.587457258257025 ], [ -58.363524617124703, -34.587465669859441 ], [ -58.363524617124256, -34.587465669861842 ], [ -58.363523159328089, -34.587474332235367 ], [ -58.363523089474292, -34.587474424107072 ], [ -58.363523089474086, -34.587474424107342 ], [ -58.363517600540462, -34.587481699517383 ], [ -58.363517572167282, -34.587481734640576 ], [ -58.363510116369419, -34.587487711275152 ], [ -58.363504836829748, -34.587489426868103 ], [ -58.363501776174289, -34.587490415931512 ], [ -58.363501776170601, -34.587490415932763 ], [ -58.363501726013979, -34.587490433919413 ], [ -58.363501680238294, -34.58749044829873 ], [ -58.363501088395715, -34.587490465842663 ], [ -58.363500753771412, -34.587490475484699 ], [ -58.36350075377112, -34.587490475484699 ], [ -58.363495379057298, -34.587490642359938 ], [ -58.363493943548022, -34.587490687158564 ], [ -58.363493902133015, -34.587490688026037 ], [ -58.363480320804996, -34.587490306433416 ], [ -58.36347940865452, -34.587490200221424 ], [ -58.36346484685631, -34.587488499041797 ], [ -58.363464846849674, -34.5874884990412 ], [ -58.363462767399064, -34.587488363027958 ], [ -58.363446305084565, -34.587487284978153 ], [ -58.363339829928208, -34.587478770402605 ], [ -58.359656378226433, -34.587184153008401 ], [ -58.359656021857823, -34.587184120254612 ], [ -58.359645919333524, -34.587183138136893 ], [ -58.359636477233671, -34.587182219678944 ], [ -58.359636477233671, -34.587182219678944 ], [ -58.359636477222807, -34.587182219678347 ], [ -58.359625697906544, -34.587182066293948 ], [ -58.35962083467993, -34.587181997260039 ], [ -58.359620552390197, -34.587181993414532 ], [ -58.359619840672565, -34.587181982894222 ], [ -58.359619840655654, -34.587181982895061 ], [ -58.359619793781555, -34.587181988263794 ], [ -58.359619793780027, -34.587181988263978 ], [ -58.359619333753059, -34.587182046465713 ], [ -58.359619206210134, -34.587182062582983 ], [ -58.359606448651299, -34.587183665292763 ], [ -58.359606448626067, -34.587183665298568 ], [ -58.359597533493961, -34.587186709944568 ], [ -58.359597533493805, -34.587186709944625 ], [ -58.359597150761743, -34.587186841227293 ], [ -58.359597150756997, -34.587186841229027 ], [ -58.35959690867297, -34.587186935672818 ], [ -58.359596908672323, -34.587186935673074 ], [ -58.359596793081934, -34.587186981547369 ], [ -58.359588975494376, -34.587190046055163 ], [ -58.359588975472796, -34.587190046066333 ], [ -58.359580710173077, -34.587195537727652 ], [ -58.359580710165268, -34.587195537733372 ], [ -58.359580663250838, -34.587195575553316 ], [ -58.359580663249609, -34.587195575554333 ], [ -58.359573517842783, -34.587201521583069 ], [ -58.359573517834214, -34.587201521591105 ], [ -58.359571400565457, -34.587203762534102 ], [ -58.359568881669112, -34.587206429509159 ], [ -58.359568881656188, -34.587206429526638 ], [ -58.359566858615977, -34.587210027192477 ], [ -58.359565586023976, -34.587212289586063 ], [ -58.359565586020921, -34.587212289592038 ], [ -58.359561028653822, -34.58722219957761 ], [ -58.359561028652998, -34.587222199579479 ], [ -58.359561010070266, -34.58722224283202 ], [ -58.359561010064866, -34.587222242850693 ], [ -58.359559130159667, -34.587234326639539 ], [ -58.3595569240196, -34.587244054730547 ], [ -58.359556924019465, -34.58724405473118 ], [ -58.359556762878555, -34.587244794663164 ], [ -58.359556762877041, -34.587244794673595 ], [ -58.359556760660311, -34.587244824417198 ], [ -58.359460781188879, -34.588079252970815 ], [ -58.359460775703788, -34.58807928180898 ], [ -58.359460775702516, -34.588079281825848 ], [ -58.359460775705074, -34.588079281842617 ], [ -58.359460775711383, -34.588079281858697 ], [ -58.359460775721189, -34.588079281873512 ], [ -58.359460775734192, -34.588079281886564 ], [ -58.359460775749895, -34.588079281897372 ], [ -58.359460775767765, -34.588079281905571 ], [ -58.359460775787184, -34.588079281910858 ], [ -58.35946184913729, -34.588079484743041 ], [ -58.359461849137482, -34.588079484743076 ], [ -58.359462631540332, -34.588079631439427 ], [ -58.359462762303927, -34.588079655889075 ], [ -58.359463964234322, -34.588079885873313 ], [ -58.359463964234678, -34.588079885873384 ], [ -58.359467160314075, -34.588080488039438 ], [ -58.359467160314601, -34.588080488039523 ], [ -58.359469023705167, -34.588080831264492 ], [ -58.359470373845554, -34.588081080304683 ], [ -58.359470373845745, -34.588081080304718 ], [ -58.359471641171254, -34.588081312147423 ], [ -58.359473587382404, -34.588081668062706 ], [ -58.359473587382674, -34.588081668062749 ], [ -58.359476809645663, -34.588082250419497 ], [ -58.359476809645841, -34.588082250419525 ], [ -58.359480047170464, -34.588082830986352 ], [ -58.359480047170607, -34.588082830986366 ], [ -58.359483279251123, -34.588083407041353 ], [ -58.359483279251521, -34.588083407041424 ], [ -58.35948652442157, -34.588083974994632 ], [ -58.359489772856925, -34.588084546556232 ], [ -58.359489772857231, -34.588084546556289 ], [ -58.359491731077469, -34.588084886255743 ], [ -58.359491770306022, -34.58808489350038 ], [ -58.359491770307336, -34.588084893500614 ], [ -58.359493030019017, -34.588085112716648 ], [ -58.359493030019181, -34.588085112716676 ], [ -58.35949628718555, -34.588085675271309 ], [ -58.359496287185998, -34.588085675271387 ], [ -58.359499550905426, -34.588086227014379 ], [ -58.359500858568055, -34.588086451679644 ], [ -58.359502820063454, -34.588086787776149 ], [ -58.359506088133976, -34.588087346734085 ], [ -58.359506088134225, -34.58808734673412 ], [ -58.359509363841156, -34.588087900289935 ], [ -58.359511142268559, -34.58808820107506 ], [ -58.359512630829613, -34.588088452936802 ], [ -58.359515907627767, -34.588089005591939 ], [ -58.35951590762798, -34.588089005591982 ], [ -58.359519186612559, -34.588089552840287 ], [ -58.35952246340721, -34.588090108199502 ], [ -58.359522463407572, -34.588090108199559 ], [ -58.359525742393508, -34.588090654546313 ], [ -58.359525785982477, -34.588090661794752 ], [ -58.359529020281457, -34.588091207201984 ], [ -58.359532258939339, -34.58809175351427 ], [ -58.35953225893963, -34.588091753514327 ], [ -58.359532297080015, -34.588091759856717 ], [ -58.359535574973627, -34.588092308005081 ], [ -58.359538841955484, -34.588092866059739 ], [ -58.359538841955683, -34.588092866059775 ], [ -58.35954210894446, -34.588093418705839 ], [ -58.359545375927702, -34.588093975858953 ], [ -58.359547012687408, -34.588094255790352 ], [ -58.359547326525821, -34.588094310142559 ], [ -58.359547436587363, -34.588094329166033 ], [ -58.359547436587704, -34.588094329166104 ], [ -58.359547532483198, -34.588094345473237 ], [ -58.359548642908649, -34.588094534814779 ], [ -58.359551898983412, -34.588095099169799 ], [ -58.359553542276238, -34.588095384515263 ], [ -58.359553542276529, -34.588095384515313 ], [ -58.359555160510375, -34.58809566172657 ], [ -58.35955841221849, -34.588096231486197 ], [ -58.359560446712933, -34.588096590179404 ], [ -58.359561656291547, -34.58809680574641 ], [ -58.359561656291696, -34.588096805746446 ], [ -58.359564891647487, -34.588097378196331 ], [ -58.359568116095922, -34.588097956946804 ], [ -58.359571342717686, -34.588098541107591 ], [ -58.359574566066691, -34.588099127068233 ], [ -58.359574598756637, -34.588099133405855 ], [ -58.359574598757426, -34.588099133405997 ], [ -58.359577107242821, -34.588099603376897 ], [ -58.359577764329671, -34.588099727430389 ], [ -58.35957776433014, -34.588099727430468 ], [ -58.359580972411464, -34.588100320589476 ], [ -58.359583373009535, -34.588100776045728 ], [ -58.359583373009691, -34.588100776045763 ], [ -58.359584122720648, -34.588100917304921 ], [ -58.359584164128201, -34.588100925452807 ], [ -58.35958416412879, -34.588100925452927 ], [ -58.359587347119074, -34.588101536618929 ], [ -58.35959051592981, -34.588102155885572 ], [ -58.359593678196525, -34.58810277875228 ], [ -58.359596825200306, -34.588103404310154 ], [ -58.359599963456603, -34.588104052396112 ], [ -58.359599963456816, -34.588104052396147 ], [ -58.359603095182642, -34.588104693265144 ], [ -58.359606202921093, -34.588105340423503 ], [ -58.35960623996867, -34.588105348567645 ], [ -58.359606239969416, -34.588105348567808 ], [ -58.359609309550159, -34.588106003806615 ], [ -58.359610605152234, -34.588106286151536 ], [ -58.359612395458825, -34.588106676186221 ], [ -58.359614131275734, -34.588107059864591 ], [ -58.359614131275876, -34.588107059864633 ], [ -58.359615460654062, -34.588107352153855 ], [ -58.359618523652173, -34.588108041640801 ], [ -58.359618558520033, -34.588108049783138 ], [ -58.359618558520538, -34.588108049783258 ], [ -58.359621567021705, -34.588108739223941 ], [ -58.359623166607079, -34.588109112870796 ], [ -58.359624589670716, -34.588109445803561 ], [ -58.359627601404668, -34.588110164993793 ], [ -58.359630591332895, -34.588110889573947 ], [ -58.359633571435843, -34.588111626765574 ], [ -58.359635416142517, -34.588112095269892 ], [ -58.359636528630816, -34.588112379261865 ], [ -58.359638033372647, -34.588112767250706 ], [ -58.359639476003984, -34.588113141665431 ], [ -58.359640650586989, -34.588113451851363 ], [ -58.359640650587124, -34.588113451851406 ], [ -58.359642391739868, -34.588113909444786 ], [ -58.359643689738341, -34.588114881367439 ], [ -58.359644273374322, -34.588115319929756 ], [ -58.359644280825165, -34.588115462323373 ], [ -58.359644398887525, -34.588117815127028 ], [ -58.359643501245209, -34.588120944093546 ], [ -58.359642347221353, -34.58812426575912 ], [ -58.359642347218866, -34.58812426576791 ], [ -58.35964199096869, -34.588125888929412 ], [ -58.359641990968655, -34.588125888929575 ], [ -58.359641985487592, -34.588125914164706 ], [ -58.359641673088461, -34.588127333641566 ], [ -58.359641673086706, -34.58812733365761 ], [ -58.359641669726244, -34.588130039728739 ], [ -58.359641669726273, -34.58813003973075 ], [ -58.359641739399258, -34.588132740455343 ], [ -58.359641739399322, -34.588132740457233 ], [ -58.359641741527739, -34.588132781924351 ], [ -58.359641776550227, -34.588133543656909 ], [ -58.359641776550227, -34.588133543657108 ], [ -58.359641789303907, -34.588133805982245 ], [ -58.359641789303929, -34.588133805982821 ], [ -58.359641792503254, -34.588133862774818 ], [ -58.359641864655359, -34.588135444834322 ], [ -58.35964186465538, -34.588135444834826 ], [ -58.359641950897391, -34.588137090907757 ], [ -58.359641950897419, -34.588137090908141 ], [ -58.359642011712701, -34.588138147428218 ], [ -58.359642155552777, -34.588140807651527 ], [ -58.359642157680064, -34.588140850020004 ], [ -58.35964217681672, -34.588141238549873 ], [ -58.359642292742294, -34.588143557109717 ], [ -58.359642353981492, -34.588145149976995 ], [ -58.35964239619598, -34.588146264172508 ], [ -58.359642499649659, -34.588148971235789 ], [ -58.359642499649702, -34.588148971236748 ], [ -58.359642501778104, -34.588149012703944 ], [ -58.359642634717588, -34.588151673819624 ], [ -58.359642634717694, -34.588151673821223 ], [ -58.359642658288031, -34.588152002860923 ], [ -58.359642658288045, -34.588152002861065 ], [ -58.359642737607928, -34.588153079228334 ], [ -58.359642833008408, -34.588154371950964 ], [ -58.359642833008614, -34.588154371953323 ], [ -58.35964311741666, -34.588157061141786 ], [ -58.359643117417065, -34.588157061144976 ], [ -58.359643268752123, -34.58815807447376 ], [ -58.359643515195771, -34.58815973780974 ], [ -58.359643515196304, -34.588159737812852 ], [ -58.359644025251278, -34.588162405558798 ], [ -58.359644025251605, -34.588162405560418 ], [ -58.359644033920873, -34.588162446131825 ], [ -58.359644033920944, -34.588162446132216 ], [ -58.359644608339046, -34.588165068861649 ], [ -58.359644608339316, -34.588165068862793 ], [ -58.359645233940427, -34.588167727692635 ], [ -58.35964523394054, -34.588167727693119 ], [ -58.359645876985418, -34.588170382932084 ], [ -58.359645876985468, -34.588170382932311 ], [ -58.359645887829899, -34.58817042711037 ], [ -58.359646160951712, -34.588171672207551 ], [ -58.359646160951826, -34.588171672208077 ], [ -58.359646472063076, -34.588173045339886 ], [ -58.359646744006568, -34.588174361648747 ], [ -58.359647022446062, -34.588175713118311 ], [ -58.359647176147817, -34.588176575910332 ], [ -58.359647499784515, -34.588178395257906 ], [ -58.359647952057685, -34.588181074672903 ], [ -58.359647952057912, -34.588181074674218 ], [ -58.359647959637186, -34.58818111524473 ], [ -58.359648450112473, -34.588183751424133 ], [ -58.359648450112942, -34.588183751426477 ], [ -58.359649032113992, -34.588186412022118 ], [ -58.359649032114959, -34.588186412026019 ], [ -58.35964974281881, -34.588189001518494 ], [ -58.359649742819037, -34.588189001519325 ], [ -58.359649753671562, -34.588189039388347 ], [ -58.359649753672272, -34.58818903939067 ], [ -58.359650590785982, -34.588191648821812 ], [ -58.359650590786465, -34.588191648823276 ], [ -58.359651481322452, -34.588194246581267 ], [ -58.35965148132297, -34.588194246582759 ], [ -58.359652156977489, -34.588196095976585 ], [ -58.359652426367767, -34.588196835372749 ], [ -58.359652426368271, -34.58819683537412 ], [ -58.359653422646502, -34.58819941970058 ], [ -58.359653422646772, -34.588199419701262 ], [ -58.359654441829747, -34.588201991427205 ], [ -58.359654441829974, -34.588201991427773 ], [ -58.359655481728787, -34.588204557762765 ], [ -58.359655481728915, -34.588204557763092 ], [ -58.359656533620651, -34.588207121403975 ], [ -58.35965653362075, -34.588207121404217 ], [ -58.359657594234392, -34.588209683249659 ], [ -58.359657594234662, -34.588209683250284 ], [ -58.359658676657482, -34.588212237001407 ], [ -58.35965867665761, -34.588212237001741 ], [ -58.359659769985633, -34.588214786255008 ], [ -58.359659769986152, -34.588214786256181 ], [ -58.359660905839149, -34.588217322024214 ], [ -58.35966090583954, -34.588217322025081 ], [ -58.359662074401271, -34.588219849708054 ], [ -58.359662074401818, -34.588219849709212 ], [ -58.35966327135386, -34.588222335950796 ], [ -58.359663284399744, -34.588222363004625 ], [ -58.359663284400291, -34.588222363005734 ], [ -58.359664535835478, -34.588224861012073 ], [ -58.359664552144515, -34.58822489347726 ], [ -58.359664552145567, -34.588224893479293 ], [ -58.359664784858062, -34.588225326360003 ], [ -58.359665843979272, -34.588227334729645 ], [ -58.359665843979897, -34.588227334730831 ], [ -58.359667192466908, -34.588229795861182 ], [ -58.359667192467569, -34.588229795862361 ], [ -58.359668003802831, -34.588231221702181 ], [ -58.359668582392942, -34.588232240802185 ], [ -58.359668582393489, -34.58823224080313 ], [ -58.3596700072098, -34.588234675856988 ], [ -58.359670007210063, -34.58823467585745 ], [ -58.359671450560107, -34.588237107321319 ], [ -58.35967145056037, -34.588237107321746 ], [ -58.359672907003358, -34.588239527979624 ], [ -58.359673424749836, -34.588240391081648 ], [ -58.359674362349644, -34.588241954044896 ], [ -58.35967525316417, -34.588243450262787 ], [ -58.359675269478572, -34.588243478220441 ], [ -58.359675269478942, -34.588243478221067 ], [ -58.359675806795131, -34.588244381001907 ], [ -58.359676538758549, -34.588245649926066 ], [ -58.359677219606276, -34.588246828664637 ], [ -58.35967861278516, -34.588249287128278 ], [ -58.359678612785686, -34.588249287129166 ], [ -58.359680034328235, -34.588251725785788 ], [ -58.359680034329344, -34.588251725787622 ], [ -58.35968043897828, -34.588252381466226 ], [ -58.359681522391519, -34.588254138359417 ], [ -58.35968152239311, -34.588254138361904 ], [ -58.35968309552991, -34.588256504131913 ], [ -58.359683095532262, -34.588256504135281 ], [ -58.359684784288085, -34.588258802396645 ], [ -58.359684784290771, -34.588258802400119 ], [ -58.359686601738339, -34.588261038572497 ], [ -58.359686601740464, -34.588261038575013 ], [ -58.359688491216758, -34.588263200891738 ], [ -58.359688491217135, -34.588263200892179 ], [ -58.359688515162553, -34.588263227955224 ], [ -58.35968851516369, -34.588263227956467 ], [ -58.359690489668736, -34.588265380429725 ], [ -58.359690489670022, -34.588265380431089 ], [ -58.359692523059493, -34.588267511320119 ], [ -58.359692523060332, -34.588267511321 ], [ -58.359694585907747, -34.588269618797987 ], [ -58.35969458590796, -34.588269618798208 ], [ -58.359696657480498, -34.588271721775264 ], [ -58.359698709432735, -34.588273825636918 ], [ -58.359698731203643, -34.588273848190816 ], [ -58.359700750471106, -34.588275941207904 ], [ -58.359702791510934, -34.588278055877637 ], [ -58.35970279151136, -34.588278055878085 ], [ -58.359704853268212, -34.58828016425543 ], [ -58.359704853268873, -34.588280164256084 ], [ -58.359706915076167, -34.588282232069339 ], [ -58.359706915076451, -34.588282232069631 ], [ -58.35970693684866, -34.588282253722276 ], [ -58.359706936849456, -34.588282253723044 ], [ -58.359709053167947, -34.588284310765467 ], [ -58.359709053169453, -34.588284310766888 ], [ -58.35971122293936, -34.588286332699106 ], [ -58.359711222941613, -34.588286332701138 ], [ -58.359713131555317, -34.58828800556028 ], [ -58.359713458177318, -34.588288298799824 ], [ -58.359713458177495, -34.588288298799981 ], [ -58.359713597537137, -34.588288423314737 ], [ -58.359713597540051, -34.588288423317238 ], [ -58.359715182886717, -34.588289734431491 ], [ -58.359715327701672, -34.588289854443673 ], [ -58.359715327701863, -34.588289854443822 ], [ -58.359715763237986, -34.58829021358013 ], [ -58.359715763240189, -34.588290213581885 ], [ -58.359718143578384, -34.58829206892932 ], [ -58.359718143579997, -34.588292068930556 ], [ -58.359720568656698, -34.588293883751845 ], [ -58.359720568657806, -34.588293883752669 ], [ -58.359723026464536, -34.588295673361841 ], [ -58.35972302646519, -34.58829567336231 ], [ -58.359725503909019, -34.58829744856525 ], [ -58.359727933426257, -34.588299198487576 ], [ -58.359727933427024, -34.588299198488123 ], [ -58.359727970452525, -34.588299224660481 ], [ -58.359730429360212, -34.588301005255843 ], [ -58.35973042936034, -34.588301005255929 ], [ -58.359732894809476, -34.588302784955708 ], [ -58.359732894810264, -34.588302784956277 ], [ -58.359735382082071, -34.588304545744627 ], [ -58.359735382082604, -34.588304545745004 ], [ -58.359737882450737, -34.588306293023074 ], [ -58.359737882452528, -34.58830629302431 ], [ -58.359740424297165, -34.588307993463474 ], [ -58.359740424298941, -34.588307993464646 ], [ -58.359741831401742, -34.588308895180944 ], [ -58.359743008705465, -34.58830965067154 ], [ -58.359743008707554, -34.588309650672841 ], [ -58.359743993280787, -34.588310251856448 ], [ -58.359745636778385, -34.588311254732751 ], [ -58.359745636779834, -34.588311254733632 ], [ -58.359748307395854, -34.588312829082582 ], [ -58.359748307397318, -34.588312829083414 ], [ -58.359751007488008, -34.588314366498963 ], [ -58.359751007489955, -34.58831436650005 ], [ -58.359753741433082, -34.588315852563106 ], [ -58.359753741435782, -34.58831585256452 ], [ -58.359756499458555, -34.588317257519797 ], [ -58.359756527779425, -34.588317271966581 ], [ -58.359756527782402, -34.588317271968045 ], [ -58.359759368712261, -34.588318620203935 ], [ -58.359759368715274, -34.588318620205307 ], [ -58.359762241356734, -34.588319885537054 ], [ -58.359762241358688, -34.588319885537899 ], [ -58.359765156562098, -34.588321107637334 ], [ -58.35976515656359, -34.588321107637938 ], [ -58.359768091433217, -34.588322291894215 ], [ -58.359768091434532, -34.588322291894727 ], [ -58.359769555625768, -34.588322862836634 ], [ -58.359771050321228, -34.588323445522882 ], [ -58.359771050322259, -34.58832344552328 ], [ -58.359774027768452, -34.588324574828668 ], [ -58.359774027769113, -34.588324574828917 ], [ -58.35977700523997, -34.588325684302951 ], [ -58.359777005240595, -34.588325684303179 ], [ -58.359780007791628, -34.588326784784179 ], [ -58.359780007791827, -34.58832678478425 ], [ -58.359782997276938, -34.588327874436992 ], [ -58.359784423382557, -34.588328394866643 ], [ -58.359785997655806, -34.5883289686059 ], [ -58.359788977315141, -34.588330070869858 ], [ -58.359790562456524, -34.588330669858074 ], [ -58.359791955856956, -34.588331195668466 ], [ -58.359793940821689, -34.588331948237887 ], [ -58.359794934393513, -34.588332324974232 ], [ -58.359794934393996, -34.588332324974417 ], [ -58.359797924932558, -34.588333444374655 ], [ -58.359797924933652, -34.588333444375067 ], [ -58.359800893723516, -34.588334523192735 ], [ -58.359800893724319, -34.588334523193033 ], [ -58.359800924229617, -34.588334534035994 ], [ -58.359800924230875, -34.588334534036434 ], [ -58.359803946479992, -34.588335571433852 ], [ -58.359803946482891, -34.588335571434804 ], [ -58.359805637430853, -34.58833610561021 ], [ -58.359806989535045, -34.588336533130231 ], [ -58.359806989538924, -34.588336533131397 ], [ -58.359808825474175, -34.588337048499774 ], [ -58.359810083931706, -34.588337403826444 ], [ -58.359810083935358, -34.58833740382741 ], [ -58.359813203509084, -34.588338184401394 ], [ -58.359813203511777, -34.588338184402041 ], [ -58.359814908811387, -34.588338571657417 ], [ -58.35981635259472, -34.588338900098464 ], [ -58.359816352596972, -34.588338900098954 ], [ -58.359818084087976, -34.588339261235227 ], [ -58.359819513739964, -34.588339559015843 ], [ -58.359819513741733, -34.588339559016205 ], [ -58.359822706543689, -34.588340177395786 ], [ -58.359822706544833, -34.588340177396006 ], [ -58.359825896114977, -34.588340765124372 ], [ -58.359825896115574, -34.588340765124478 ], [ -58.359829102050689, -34.588341340246686 ], [ -58.359830739888373, -34.588341634598002 ], [ -58.359832304715894, -34.58834191536603 ], [ -58.359835506282636, -34.588342496794183 ], [ -58.359839530524809, -34.588343271824201 ], [ -58.360202321176999, -34.588419034315876 ], [ -58.360397592144906, -34.58845981096286 ], [ -58.360823020713418, -34.588548645473352 ], [ -58.360837206042142, -34.588551607721463 ], [ -58.360837192939648, -34.58855164908794 ], [ -58.360837192939037, -34.588551649089951 ], [ -58.3608371546269, -34.588551782468073 ], [ -58.36083690509335, -34.588552616075035 ], [ -58.360835916799161, -34.588555925272978 ], [ -58.360835916796162, -34.588555925289604 ], [ -58.360835916796937, -34.588555925306423 ], [ -58.360835916801477, -34.588555925322829 ], [ -58.36083591680962, -34.588555925338255 ], [ -58.360835916821095, -34.588555925352132 ], [ -58.360835916835484, -34.588555925364027 ], [ -58.360835916852302, -34.588555925373498 ], [ -58.360835916870954, -34.58855592538022 ], [ -58.360836479101692, -34.588556078192866 ], [ -58.360837752838535, -34.588556423606121 ], [ -58.360837911919027, -34.58855646700799 ], [ -58.360837911919184, -34.588556467008026 ], [ -58.360849089979041, -34.588559501544623 ], [ -58.360848841481314, -34.58856039727096 ], [ -58.360837098515468, -34.588602821029184 ], [ -58.360818453811795, -34.588670188589539 ], [ -58.360818277799048, -34.588670621120741 ], [ -58.360805110749943, -34.588702875551292 ], [ -58.360805073783666, -34.588702871923097 ], [ -58.360788796133555, -34.588701251012871 ], [ -58.360788796112004, -34.588701251012502 ], [ -58.360788796090795, -34.588701251015628 ], [ -58.360788796070743, -34.588701251022172 ], [ -58.360788796052638, -34.588701251031836 ], [ -58.360788796037184, -34.588701251044263 ], [ -58.360788796024998, -34.588701251058943 ], [ -58.360788796016536, -34.588701251075349 ], [ -58.360788796012145, -34.588701251092793 ], [ -58.360788692571859, -34.588702052371495 ], [ -58.360787463435067, -34.58871153972413 ], [ -58.360787463434811, -34.588711539741091 ], [ -58.360787463438399, -34.588711539757782 ], [ -58.360787463445696, -34.588711539773634 ], [ -58.360787463456461, -34.588711539788065 ], [ -58.360787463470302, -34.58871153980057 ], [ -58.36078746348673, -34.588711539810717 ], [ -58.360789260808524, -34.588712445448351 ], [ -58.360802003209038, -34.588718867042608 ], [ -58.360801872911608, -34.588719362653414 ], [ -58.36074499820576, -34.588935414056273 ], [ -58.36074499820328, -34.588935414073845 ], [ -58.360744998205, -34.588935414091473 ], [ -58.360744998210855, -34.588935414108498 ], [ -58.360744998220596, -34.588935414124229 ], [ -58.360744998233876, -34.588935414138099 ], [ -58.360744998250176, -34.588935414149553 ], [ -58.360744998268878, -34.588935414158144 ], [ -58.360744998289235, -34.588935414163551 ], [ -58.360747009919031, -34.588935773719179 ], [ -58.3607606380059, -34.588938207295733 ], [ -58.360777316233609, -34.588941183385906 ], [ -58.360777316254605, -34.588941183387924 ], [ -58.36077731627568, -34.588941183386545 ], [ -58.360777316296023, -34.588941183381827 ], [ -58.360777316314902, -34.588941183373962 ], [ -58.360777316331585, -34.588941183363225 ], [ -58.360777316345441, -34.588941183350023 ], [ -58.360777316355957, -34.588941183334867 ], [ -58.360777316362743, -34.588941183318305 ], [ -58.360777327309982, -34.588941144566277 ], [ -58.360777327310096, -34.588941144565815 ], [ -58.360852027728768, -34.588670445784359 ], [ -58.360852027729266, -34.588670445782412 ], [ -58.360852038682829, -34.588670401622863 ], [ -58.360881022462088, -34.588565924809686 ], [ -58.360881022464369, -34.588565924798026 ], [ -58.36088102575853, -34.588565896052216 ], [ -58.360883812174727, -34.58856629590187 ], [ -58.36088391352299, -34.588566310409732 ], [ -58.360887444360849, -34.588566820874249 ], [ -58.360887444361076, -34.588566820874291 ], [ -58.360890952322173, -34.5885673214039 ], [ -58.360890952342132, -34.588567321405201 ], [ -58.360890952362041, -34.588567321403474 ], [ -58.36089095238124, -34.588567321398749 ], [ -58.360890952399075, -34.588567321391203 ], [ -58.360890952414927, -34.588567321381085 ], [ -58.360890952428271, -34.588567321368743 ], [ -58.360890952438666, -34.588567321354567 ], [ -58.360893343294713, -34.588563265217111 ], [ -58.361129368907505, -34.588611645924225 ], [ -58.361405786296949, -34.588668305245207 ], [ -58.361410150492944, -34.58866919949552 ], [ -58.361410150493057, -34.588669199495534 ], [ -58.363223661109728, -34.589039130880089 ], [ -58.363468954413982, -34.589089165184646 ], [ -58.365204177978576, -34.589443096542659 ], [ -58.365204177978804, -34.589443096542709 ], [ -58.365222348905547, -34.589446770025653 ], [ -58.365724957864103, -34.589548426223047 ], [ -58.367995745483363, -34.590007678705781 ], [ -58.36799560041419, -34.590008732277667 ], [ -58.367995238807602, -34.590011363250497 ], [ -58.367964088988842, -34.590237925230561 ], [ -58.367962018274959, -34.590245343224474 ], [ -58.367910820543074, -34.590428713099925 ], [ -58.367719983785605, -34.59049957610118 ], [ -58.367719983763877, -34.59049957611191 ], [ -58.367533350551447, -34.590618069738383 ], [ -58.367533350543802, -34.590618069743726 ], [ -58.367490274686261, -34.590651035209959 ], [ -58.367490160312698, -34.590651017100207 ], [ -58.36749016031181, -34.590651017100079 ], [ -58.367490124349132, -34.590651011663397 ], [ -58.367482627725266, -34.590649805081725 ], [ -58.367482627723355, -34.590649805081433 ], [ -58.36747248165652, -34.590648326893181 ], [ -58.367466946546969, -34.590647520279852 ], [ -58.367466079063185, -34.59064739430076 ], [ -58.367466079061323, -34.590647394300504 ], [ -58.367462286480851, -34.590646899144957 ], [ -58.367449474534531, -34.590645225956592 ], [ -58.367449474532684, -34.590645225956372 ], [ -58.367432839216953, -34.590643292857536 ], [ -58.367432839215056, -34.590643292857322 ], [ -58.367416197079734, -34.59064160403662 ], [ -58.367416153485728, -34.590641599495264 ], [ -58.367416153483461, -34.590641599495051 ], [ -58.367399445672, -34.590640152201914 ], [ -58.367399445670102, -34.59064015220175 ], [ -58.36739776287213, -34.590640030990031 ], [ -58.367382701617338, -34.590638941952221 ], [ -58.367382701615455, -34.590638941952101 ], [ -58.367365937666804, -34.590637972364647 ], [ -58.367365937664871, -34.590637972364547 ], [ -58.36734916362385, -34.590637248855465 ], [ -58.367349163621924, -34.590637248855401 ], [ -58.36733239911019, -34.590636769637243 ], [ -58.367332367501788, -34.590636768710979 ], [ -58.367332367499777, -34.590636768710937 ], [ -58.367329724328464, -34.59063673147682 ], [ -58.367315572194002, -34.590636528343467 ], [ -58.367315572192084, -34.590636528343445 ], [ -58.367301823114531, -34.590636531951432 ], [ -58.367301737005796, -34.590636531883703 ], [ -58.367301737005555, -34.590636531883703 ], [ -58.367298764612379, -34.590636534954015 ], [ -58.367298764610688, -34.590636534954015 ], [ -58.367295735493705, -34.590636576740813 ], [ -58.367281967661185, -34.590636775940723 ], [ -58.367281967659267, -34.590636775940773 ], [ -58.367270108223245, -34.590637120868593 ], [ -58.36726517042456, -34.590637264816387 ], [ -58.367265170422662, -34.590637264816458 ], [ -58.367248383808565, -34.590637996180995 ], [ -58.367248383806661, -34.590637996181094 ], [ -58.367231629613741, -34.590638969150326 ], [ -58.367231629610636, -34.590638969150532 ], [ -58.367231596908589, -34.590638971829023 ], [ -58.367214883859262, -34.590640184606947 ], [ -58.367214883857393, -34.590640184607096 ], [ -58.367198171619826, -34.590641638063438 ], [ -58.367198171617893, -34.590641638063623 ], [ -58.367181501607831, -34.590643335836674 ], [ -58.367181501605934, -34.59064333583688 ], [ -58.367169138422305, -34.590644777390402 ], [ -58.367164862925428, -34.590645276115232 ], [ -58.367164862923595, -34.59064527611546 ], [ -58.367160778132437, -34.590645811047324 ], [ -58.367160778132131, -34.590645811047366 ], [ -58.367160737796475, -34.590645816424136 ], [ -58.367160737795409, -34.590645816424285 ], [ -58.367160706181316, -34.590645820906403 ], [ -58.367158456111632, -34.590646116603409 ], [ -58.367148265387584, -34.590647454399765 ], [ -58.367148265385737, -34.59064745440002 ], [ -58.367131708995117, -34.59064986978882 ], [ -58.367131708993192, -34.590649869789118 ], [ -58.367125162414339, -34.590650925605388 ], [ -58.367115220991238, -34.590652527712464 ], [ -58.367115220989405, -34.59065252771277 ], [ -58.3670987817666, -34.590655419141015 ], [ -58.367098781764724, -34.590655419141356 ], [ -58.367082407664448, -34.590658549495942 ], [ -58.367082407662622, -34.590658549496311 ], [ -58.367076920460129, -34.590659681864786 ], [ -58.367066109590866, -34.590661913377289 ], [ -58.367066109589025, -34.59066191337768 ], [ -58.367049883182588, -34.590665513485952 ], [ -58.367049883180755, -34.590665513486371 ], [ -58.367033731711558, -34.590669348021656 ], [ -58.367033731709725, -34.590669348022104 ], [ -58.367017664988545, -34.59067341609078 ], [ -58.367017664986726, -34.590673416091256 ], [ -58.367001721174901, -34.590677707807664 ], [ -58.367001683014557, -34.590677717693048 ], [ -58.367001683011644, -34.590677717693843 ], [ -58.366985797786334, -34.590682243824631 ], [ -58.36698579778453, -34.590682243825157 ], [ -58.366970006028843, -34.590687001693453 ], [ -58.366970006024097, -34.590687001694995 ], [ -58.366969972222471, -34.590687013386315 ], [ -58.366969103185497, -34.590687290338266 ], [ -58.366958393416908, -34.590690692869984 ], [ -58.366954321914776, -34.590691987705362 ], [ -58.366954321912999, -34.590691987705938 ], [ -58.366941330798689, -34.590696337633908 ], [ -58.366938745445253, -34.590697200958942 ], [ -58.366938745443342, -34.590697200959589 ], [ -58.366936508972401, -34.590697988840532 ], [ -58.36693480354181, -34.590698588743216 ], [ -58.366923283172319, -34.590702630642383 ], [ -58.366923283170522, -34.590702630643023 ], [ -58.366907926361463, -34.590708289368742 ], [ -58.366907926359723, -34.590708289369395 ], [ -58.366892700093835, -34.590714167242176 ], [ -58.36689270009213, -34.590714167242844 ], [ -58.366877597830367, -34.590720263356154 ], [ -58.366877597828648, -34.590720263356864 ], [ -58.366862639193862, -34.590726575021996 ], [ -58.366862639192163, -34.590726575022742 ], [ -58.366850618154089, -34.590731869497858 ], [ -58.366847803467266, -34.590733108533286 ], [ -58.366847803465483, -34.590733108534089 ], [ -58.366845313702591, -34.590734254078207 ], [ -58.366833107018977, -34.590739847677391 ], [ -58.36683310701725, -34.590739847678208 ], [ -58.366818559645147, -34.590746804180732 ], [ -58.366818559643541, -34.590746804181514 ], [ -58.366804161362559, -34.590753963620436 ], [ -58.366804161360932, -34.590753963621275 ], [ -58.366791241651242, -34.590760646473079 ], [ -58.366791196936362, -34.590760668973004 ], [ -58.366791196935218, -34.59076066897358 ], [ -58.366789911071649, -34.590761334108592 ], [ -58.36678991107005, -34.590761334109438 ], [ -58.366788005678607, -34.590762358422381 ], [ -58.366775820772688, -34.590768906640456 ], [ -58.366775820771068, -34.590768906641337 ], [ -58.366765782046286, -34.590774513667057 ], [ -58.36676189809338, -34.590776683024977 ], [ -58.366761898091802, -34.590776683025901 ], [ -58.366758316171406, -34.590778760677338 ], [ -58.36675823764056, -34.590778805686234 ], [ -58.366758237640077, -34.590778805686519 ], [ -58.366748138676918, -34.590784660554547 ], [ -58.366748138675426, -34.590784660555435 ], [ -58.366734542535767, -34.590792828412042 ], [ -58.366734542534175, -34.590792828413029 ], [ -58.36672112600386, -34.590801200131942 ], [ -58.366721126002361, -34.590801200132887 ], [ -58.366707896732166, -34.590809757691765 ], [ -58.366707896730688, -34.590809757692732 ], [ -58.366694838359244, -34.59081851099431 ], [ -58.366694838357795, -34.590818510995298 ], [ -58.366689879288813, -34.590821954112478 ], [ -58.366681970519458, -34.590827447435252 ], [ -58.366681970518009, -34.590827447436283 ], [ -58.366669292116512, -34.59083657242234 ], [ -58.36666929211507, -34.590836572423413 ], [ -58.366656817332739, -34.590845875149782 ], [ -58.366656817328732, -34.59084587515293 ], [ -58.366656784599094, -34.590845902168645 ], [ -58.366656174751839, -34.590846373129096 ], [ -58.366644524363259, -34.590855360107433 ], [ -58.36664452436186, -34.590855360108542 ], [ -58.366639933442244, -34.590859029772545 ], [ -58.366632476470031, -34.590864990387118 ], [ -58.366632443740151, -34.590865016502477 ], [ -58.366632443738688, -34.590865016503656 ], [ -58.366620576546957, -34.590874849744523 ], [ -58.366620576545678, -34.590874849745617 ], [ -58.366611815241662, -34.590882357970976 ], [ -58.366608906445727, -34.590884849904775 ], [ -58.366608906444363, -34.590884849905962 ], [ -58.366606060825703, -34.590887377946672 ], [ -58.366606060825532, -34.590887377946814 ], [ -58.366605522905168, -34.590887857979155 ], [ -58.366597456320633, -34.590895021508715 ], [ -58.366597456319411, -34.590895021509837 ], [ -58.36659277856063, -34.590899317592473 ], [ -58.366586214198776, -34.590905350124068 ], [ -58.36658621419749, -34.590905350125269 ], [ -58.366580593461791, -34.590910703731126 ], [ -58.366580593461578, -34.590910703731332 ], [ -58.366580498527156, -34.590910794699816 ], [ -58.366580477794521, -34.590910814514579 ], [ -58.36657519641939, -34.590915844778117 ], [ -58.366575196418168, -34.590915844779289 ], [ -58.366564403000361, -34.590926490146678 ], [ -58.366564402999138, -34.590926490147901 ], [ -58.36656085851493, -34.590930113764372 ], [ -58.366553828479141, -34.590937297042615 ], [ -58.366553828477926, -34.590937297043872 ], [ -58.366546084398415, -34.590945506476828 ], [ -58.366543492489164, -34.590948253763052 ], [ -58.3665434924877, -34.590948253764644 ], [ -58.366543460837441, -34.590948288894893 ], [ -58.366540675637616, -34.590951348821555 ], [ -58.366533388494759, -34.590959356697134 ], [ -58.366533388493608, -34.590959356698413 ], [ -58.366523550321489, -34.590970575222933 ], [ -58.366523521945609, -34.590970606749771 ], [ -58.366523521943705, -34.590970606751959 ], [ -58.366513898301882, -34.590981993111001 ], [ -58.366513898300838, -34.590981993112251 ], [ -58.3665119007782, -34.590984443399506 ], [ -58.366504505573019, -34.590993518472843 ], [ -58.366504505571257, -34.590993518475088 ], [ -58.366504473913821, -34.590993559915042 ], [ -58.366503877896854, -34.590994321144592 ], [ -58.366503844057135, -34.590994364385935 ], [ -58.366503811309514, -34.590994405825242 ], [ -58.366503811309322, -34.590994405825491 ], [ -58.366495361206404, -34.591005175638855 ], [ -58.366495361205317, -34.591005175640255 ], [ -58.366486092916638, -34.591017480829301 ], [ -58.366486092914577, -34.591017480832164 ], [ -58.366486071078199, -34.591017512364651 ], [ -58.36648607107707, -34.591017512366328 ], [ -58.366368315635754, -34.591196293730704 ], [ -58.366322851402018, -34.591265330974267 ], [ -58.365900845209943, -34.591906058262644 ], [ -58.365854192181452, -34.591976891811903 ], [ -58.365715562611811, -34.592187369715397 ], [ -58.365196064300719, -34.592976101337641 ], [ -58.365150096018098, -34.593041099340745 ], [ -58.365052433641431, -34.593179198083973 ], [ -58.365052433639775, -34.593179198086403 ], [ -58.364399775545728, -34.594171471058601 ], [ -58.364392260407378, -34.594182897713758 ], [ -58.364392260407378, -34.594182897713758 ], [ -58.364392260401857, -34.594182897723485 ], [ -58.364379757464867, -34.594208879215465 ], [ -58.364379757459666, -34.594208879229519 ], [ -58.364372522147072, -34.594236196392124 ], [ -58.364372522144706, -34.594236196406683 ], [ -58.364370747169261, -34.594264121948832 ], [ -58.364370747169787, -34.594264121963505 ], [ -58.364374479196577, -34.594291914953665 ], [ -58.364374479199974, -34.594291914968082 ], [ -58.364383618824419, -34.594318838862762 ], [ -58.364383618830601, -34.594318838876525 ], [ -58.364388316821739, -34.594327160113046 ], [ -58.364397923828683, -34.594344177748461 ], [ -58.36439792383748, -34.594344177761222 ], [ -58.364417014588369, -34.594367258839554 ], [ -58.364417014599553, -34.594367258850966 ], [ -58.364440383874246, -34.594387470557933 ], [ -58.364440383896039, -34.594387470572485 ], [ -58.364640994472147, -34.59448923499734 ], [ -58.364640994501421, -34.594489235007686 ], [ -58.364669260579305, -34.59449538032078 ], [ -58.364669260595853, -34.594495380323274 ], [ -58.364698333280309, -34.59449785568787 ], [ -58.364698333297127, -34.594497855688218 ], [ -58.364727521570586, -34.594496602854548 ], [ -58.364727521587263, -34.594496602852772 ], [ -58.364756128877588, -34.594491651906544 ], [ -58.364756128893731, -34.594491651902651 ], [ -58.364783473786353, -34.594483120380616 ], [ -58.364783473801587, -34.594483120374719 ], [ -58.364808906392511, -34.594471211474669 ], [ -58.364808906406459, -34.594471211466903 ], [ -58.36483182138948, -34.594456208649767 ], [ -58.364831821404508, -34.594456208637837 ], [ -58.364831821416502, -34.594456208623768 ], [ -58.364920551469289, -34.59432759036239 ], [ -58.365043741461847, -34.594149019492903 ], [ -58.365043741462941, -34.594149019491276 ], [ -58.365195815647311, -34.593917553684868 ], [ -58.365501837790688, -34.593452436124338 ], [ -58.3655018377912, -34.593452436123556 ], [ -58.365898297057797, -34.592835303678783 ], [ -58.3658982970599, -34.592835303675322 ], [ -58.365902206119749, -34.592828530805178 ], [ -58.365907467112066, -34.592822415255569 ], [ -58.36591392286465, -34.592817140783701 ], [ -58.365921381352692, -34.592812864083541 ], [ -58.3659296189727, -34.592809714781055 ], [ -58.365938389274334, -34.592807785525899 ], [ -58.365947430587092, -34.592807134701538 ], [ -58.365956472566786, -34.592807781022167 ], [ -58.365965243822274, -34.592809706242839 ], [ -58.365973483909833, -34.592812851563544 ], [ -58.365980944423399, -34.592817123944371 ], [ -58.36598094443675, -34.592817123950908 ], [ -58.36610187015944, -34.592867067220261 ], [ -58.366101870167483, -34.592867067223246 ], [ -58.366108517771032, -34.59286927739867 ], [ -58.366108517788206, -34.592869277403061 ], [ -58.366115513103864, -34.592870553980703 ], [ -58.366115513121649, -34.592870553982699 ], [ -58.366122667614611, -34.59287086436121 ], [ -58.366122667632567, -34.592870864360769 ], [ -58.366129786200709, -34.592870199370459 ], [ -58.366129786218316, -34.592870199367596 ], [ -58.36613667699703, -34.592868577785659 ], [ -58.366136677013856, -34.592868577780422 ], [ -58.366143151381273, -34.592866041823576 ], [ -58.366143151396777, -34.592866041816151 ], [ -58.366149035957719, -34.592862662558851 ], [ -58.366149035971588, -34.5928626625494 ], [ -58.366154169299058, -34.592858530005543 ], [ -58.366154169310853, -34.592858529994331 ], [ -58.366158412842019, -34.592853756731564 ], [ -58.366158412849451, -34.592853756721986 ], [ -58.366234104579085, -34.59274124363197 ], [ -58.366234104587605, -34.592741243615727 ], [ -58.366234104592124, -34.592741243598425 ], [ -58.366234104592465, -34.592741243580726 ], [ -58.366234104588621, -34.592741243563317 ], [ -58.366234104580734, -34.592741243546861 ], [ -58.366234104569109, -34.592741243532004 ], [ -58.366234104554195, -34.592741243519299 ], [ -58.366234104536581, -34.592741243509259 ], [ -58.366202715790692, -34.592726889516953 ], [ -58.366200667750505, -34.592725953154478 ], [ -58.366321525391228, -34.592538018788261 ], [ -58.366987536199893, -34.591502345860697 ], [ -58.367088227225906, -34.591397957557135 ], [ -58.367130852072364, -34.59137471552301 ], [ -58.367172670034918, -34.591369677969396 ], [ -58.367207943559009, -34.591375148537274 ], [ -58.367243174489474, -34.591393957408613 ], [ -58.367253939696596, -34.591406846304409 ], [ -58.367266339824901, -34.591421691667954 ], [ -58.367271613906141, -34.591473199501742 ], [ -58.36726341840702, -34.591504304762296 ], [ -58.367263418404612, -34.591504304777629 ], [ -58.367263418405415, -34.591504304793055 ], [ -58.367263418409401, -34.591504304808154 ], [ -58.367279081489485, -34.591546128716111 ], [ -58.366833491792725, -34.592286419027069 ], [ -58.366504601988623, -34.592790070345885 ], [ -58.366503558132877, -34.592791669464518 ], [ -58.366489694991607, -34.592785477452161 ], [ -58.366489694972117, -34.592785477445382 ], [ -58.366489694951404, -34.592785477441836 ], [ -58.366489694930266, -34.592785477441673 ], [ -58.366489694909475, -34.592785477444892 ], [ -58.366489694889829, -34.592785477451358 ], [ -58.366489694872072, -34.592785477460851 ], [ -58.366489694856853, -34.592785477472979 ], [ -58.366489694844766, -34.592785477487332 ], [ -58.366384971448532, -34.592939737824352 ], [ -58.366384971439942, -34.592939737840531 ], [ -58.366384971435338, -34.592939737857783 ], [ -58.36638497143489, -34.592939737875447 ], [ -58.366384971438634, -34.592939737892841 ], [ -58.366384971446394, -34.592939737909312 ], [ -58.366384971457897, -34.592939737924198 ], [ -58.366384971472691, -34.592939737936952 ], [ -58.366384971490206, -34.59293973794707 ], [ -58.366390077541489, -34.592942109094039 ], [ -58.366382217742682, -34.592953161430799 ], [ -58.366380265606104, -34.592955907417874 ], [ -58.366380265597428, -34.592955907433208 ], [ -58.366378837111839, -34.592959210014179 ], [ -58.366378837107767, -34.592959210026137 ], [ -58.366378247965478, -34.592961546948196 ], [ -58.366377986242888, -34.592962587883918 ], [ -58.366377972007847, -34.5929626437607 ], [ -58.366377972005672, -34.592962643774229 ], [ -58.366377696976443, -34.592966695452404 ], [ -58.366377696976862, -34.592966695466842 ], [ -58.366378207867058, -34.592970731543609 ], [ -58.366378207870248, -34.59297073155777 ], [ -58.366379489540115, -34.592974648357448 ], [ -58.366379489546006, -34.592974648371033 ], [ -58.366381510501476, -34.592978345810607 ], [ -58.366381510509918, -34.592978345823241 ], [ -58.366384219629168, -34.592981730114083 ], [ -58.366384219639933, -34.592981730125437 ], [ -58.366387546174678, -34.592984712871875 ], [ -58.366387546187518, -34.592984712881666 ], [ -58.36638802325497, -34.592985022448623 ], [ -58.3663914052024, -34.592987220099459 ], [ -58.366391405219296, -34.59298722010849 ], [ -58.36688679814484, -34.593201130778105 ], [ -58.36688679814484, -34.593201130778105 ], [ -58.366886798155946, -34.593201130782269 ], [ -58.366892649393485, -34.593203003153498 ], [ -58.366892649409159, -34.593203003157427 ], [ -58.366898774013535, -34.593204129366065 ], [ -58.366898774029714, -34.593204129368004 ], [ -58.36690503359663, -34.593204484966243 ], [ -58.366905033612987, -34.593204484966158 ], [ -58.366911286449351, -34.59320406172926 ], [ -58.366911286465509, -34.593204061727143 ], [ -58.366917393037404, -34.593202869460598 ], [ -58.366917393053001, -34.593202869456526 ], [ -58.366923213806785, -34.593200935092767 ], [ -58.366923213821465, -34.593200935086813 ], [ -58.366928620084934, -34.593198301792611 ], [ -58.36692862010122, -34.593198301782898 ], [ -58.366939182449165, -34.593190691296357 ], [ -58.366939182460641, -34.593190691286736 ], [ -58.36694825070969, -34.59318186089569 ], [ -58.366948250721755, -34.59318186088133 ], [ -58.366971939117484, -34.59314681963518 ], [ -58.366971939118592, -34.593146819633503 ], [ -58.367010077570121, -34.593087463082384 ], [ -58.367011338715173, -34.593085577399748 ], [ -58.367011338722875, -34.593085577385409 ], [ -58.367012185837929, -34.593083539034886 ], [ -58.367012185842505, -34.593083539019702 ], [ -58.367012593784992, -34.593081410180339 ], [ -58.367012593786328, -34.5930814101647 ], [ -58.367012549401203, -34.593079255728625 ], [ -58.367012549399234, -34.593079255713022 ], [ -58.367012053702759, -34.593077139682016 ], [ -58.367012053702759, -34.593077139682016 ], [ -58.367012053697557, -34.593077139666981 ], [ -58.36701112296511, -34.593075126956336 ], [ -58.367011122956846, -34.593075126942253 ], [ -58.36700978545916, -34.59307327796968 ], [ -58.367009785448069, -34.593073277956996 ], [ -58.367009030898977, -34.59307255622317 ], [ -58.367008080362297, -34.593071647740118 ], [ -58.367008080348654, -34.593071647729182 ], [ -58.367006058846322, -34.593070287689514 ], [ -58.367006058824757, -34.593070287678195 ], [ -58.366979902789161, -34.593059888051073 ], [ -58.366977808838008, -34.593059055325995 ], [ -58.367298268649556, -34.592533777371976 ], [ -58.367656232481131, -34.591978110269814 ], [ -58.367696029205668, -34.591979321414861 ], [ -58.36769602922864, -34.59197932141354 ], [ -58.367696029250794, -34.591979321408267 ], [ -58.367696029271087, -34.591979321399258 ], [ -58.367696029288638, -34.591979321386908 ], [ -58.367696029302671, -34.591979321371802 ], [ -58.367705951708835, -34.591965897044041 ], [ -58.367718465420545, -34.59195404412791 ], [ -58.367733212532016, -34.591944103073452 ], [ -58.367749771980407, -34.591936355695353 ], [ -58.36776767154263, -34.591931023373114 ], [ -58.367786402013571, -34.591928259850874 ], [ -58.367805427027179, -34.59192814132939 ], [ -58.36782420484802, -34.591930673694669 ], [ -58.367842199282322, -34.591935782610747 ], [ -58.36785889819636, -34.59194332344989 ], [ -58.367873823326448, -34.591953081300083 ], [ -58.367886549891324, -34.591964777290372 ], [ -58.367896715301939, -34.591978077611707 ], [ -58.367904027870196, -34.591992603439287 ], [ -58.367908279879629, -34.592007939055577 ], [ -58.367909350836193, -34.592023648979719 ], [ -58.367907209643185, -34.592039282476321 ], [ -58.367901916755848, -34.592054396092699 ], [ -58.3678936241744, -34.592068556369938 ], [ -58.367893624167266, -34.59206855638574 ], [ -58.367893624163813, -34.592068556402374 ], [ -58.367893624164175, -34.592068556419242 ], [ -58.367893624168332, -34.592068556435756 ], [ -58.367893624176133, -34.592068556451338 ], [ -58.367893624187303, -34.592068556465456 ], [ -58.367893624201464, -34.592068556477592 ], [ -58.367893624218098, -34.592068556487348 ], [ -58.367931239305797, -34.592086473686379 ], [ -58.367930922734452, -34.59208693218536 ], [ -58.367911739654296, -34.592114720612642 ], [ -58.367902443518297, -34.592110539798654 ], [ -58.367902443498295, -34.592110539791697 ], [ -58.367902443477021, -34.592110539788152 ], [ -58.367902443455321, -34.592110539788166 ], [ -58.367902443434048, -34.592110539791712 ], [ -58.36790244341406, -34.592110539798689 ], [ -58.367902443396126, -34.592110539808822 ], [ -58.367902443380984, -34.592110539821668 ], [ -58.367902443369218, -34.59211053983676 ], [ -58.367278483383899, -34.593117677376462 ], [ -58.367274849922168, -34.593116242193894 ], [ -58.367263615854974, -34.593111806464904 ], [ -58.367263615835029, -34.593111806458914 ], [ -58.367263615814061, -34.593111806456236 ], [ -58.367263615792865, -34.593111806456982 ], [ -58.367263615772245, -34.593111806461096 ], [ -58.367263615752968, -34.593111806468443 ], [ -58.36726361573578, -34.593111806478738 ], [ -58.367263615721342, -34.593111806491578 ], [ -58.367263615710172, -34.593111806506514 ], [ -58.367233583134457, -34.593162379691009 ], [ -58.367226448117627, -34.593162229847664 ], [ -58.367226448100375, -34.593162229848438 ], [ -58.367219372979584, -34.593163013924674 ], [ -58.367219372962673, -34.593163013927693 ], [ -58.367212536591104, -34.59316471403735 ], [ -58.367212536570719, -34.593164714044349 ], [ -58.367212536552465, -34.593164714054609 ], [ -58.367212536537068, -34.593164714067683 ], [ -58.367212536525187, -34.593164714083066 ], [ -58.3671847595093, -34.5932102149727 ], [ -58.367160225939273, -34.593250404522273 ], [ -58.367152445961032, -34.593263147218494 ], [ -58.367152445953288, -34.593263147235064 ], [ -58.367152445949621, -34.593263147252578 ], [ -58.367152445950182, -34.593263147270342 ], [ -58.367152445954943, -34.593263147287672 ], [ -58.367152445963733, -34.593263147303901 ], [ -58.367152445976188, -34.593263147318368 ], [ -58.367152445991849, -34.593263147330553 ], [ -58.367152446010095, -34.593263147339954 ], [ -58.367154530237279, -34.593263998122545 ], [ -58.367156203626521, -34.593264680878406 ], [ -58.367155881428616, -34.593265275484448 ], [ -58.367152346617146, -34.593271792692107 ], [ -58.367152346610965, -34.593271792706751 ], [ -58.367150020526445, -34.593279346601726 ], [ -58.36715002052339, -34.593279346617031 ], [ -58.367149294335817, -34.593287119015486 ], [ -58.367149294335981, -34.59328711903099 ], [ -58.36715018902305, -34.593294878283807 ], [ -58.367150189026432, -34.593294878299048 ], [ -58.367152678690871, -34.593302396325718 ], [ -58.367152678696748, -34.593302396339162 ], [ -58.367155972364515, -34.593308397002858 ], [ -58.367155972372096, -34.593308397014376 ], [ -58.367160283557823, -34.593313938753873 ], [ -58.367160283567337, -34.593313938764354 ], [ -58.367165520843479, -34.593318905223967 ], [ -58.367165520854741, -34.593318905233197 ], [ -58.367166382358064, -34.593319515273834 ], [ -58.367171574250918, -34.593323190859678 ], [ -58.367171574250918, -34.593323190859678 ], [ -58.367171574272042, -34.593323190871402 ], [ -58.368386601328922, -34.593838876095568 ], [ -58.368590612945042, -34.593926304961748 ], [ -58.369064021817188, -34.594129181527023 ], [ -58.36906875954363, -34.594131666796798 ], [ -58.36907294939472, -34.594134752888699 ], [ -58.369073509020289, -34.594135323915843 ], [ -58.369076481373881, -34.594138357690461 ], [ -58.369079262934655, -34.594142387382952 ], [ -58.369081220075259, -34.594146735541564 ], [ -58.36908230278263, -34.594151288548787 ], [ -58.369082480671153, -34.594155926492299 ], [ -58.369081750609034, -34.594160526776591 ], [ -58.369080132350803, -34.594164968632576 ], [ -58.369075219733034, -34.594177383741709 ], [ -58.369049778818571, -34.594241677914219 ], [ -58.369049778817505, -34.594241677917061 ], [ -58.36896650543823, -34.59447825330134 ], [ -58.368793061278815, -34.594970987347374 ], [ -58.368750696701369, -34.595091338639556 ], [ -58.368699086987917, -34.595237953812024 ], [ -58.368572741174702, -34.595596877139798 ], [ -58.36804486554864, -34.597096454104829 ], [ -58.367912355886574, -34.597472876516115 ], [ -58.367892841016548, -34.597485611857103 ], [ -58.367871127290798, -34.597495618687972 ], [ -58.367847764417874, -34.597502644124589 ], [ -58.367823348877209, -34.59750650744698 ], [ -58.367798499944406, -34.597507111785625 ], [ -58.367773852055997, -34.597504440508978 ], [ -58.36777385205184, -34.597504440508601 ], [ -58.367482131038457, -34.597482190941193 ], [ -58.366599090586455, -34.597414835972344 ], [ -58.366525841930923, -34.597409248578231 ], [ -58.366525841928834, -34.597409248578089 ], [ -58.366518380895833, -34.597408799160959 ], [ -58.366518380879114, -34.597408799161016 ], [ -58.36651092528669, -34.597409298044077 ], [ -58.366510925270184, -34.597409298046244 ], [ -58.366503649543269, -34.597410733649397 ], [ -58.366503649527338, -34.597410733653632 ], [ -58.366496724845824, -34.597413072760091 ], [ -58.366496724830903, -34.59741307276628 ], [ -58.366490313681325, -34.597416258715363 ], [ -58.366490313667697, -34.597416258723378 ], [ -58.366484566564687, -34.597420218619405 ], [ -58.366484566552714, -34.59742021862904 ], [ -58.366479618775429, -34.597424857929731 ], [ -58.366476028611004, -34.597428151582378 ], [ -58.366476028599855, -34.597428151594528 ], [ -58.366473160626988, -34.597431899235985 ], [ -58.36647316061849, -34.597431899249479 ], [ -58.366471096719671, -34.597435991872267 ], [ -58.366471096714037, -34.597435991886798 ], [ -58.366469896977236, -34.597440314156557 ], [ -58.36646989697465, -34.597440314171614 ], [ -58.366469593157639, -34.597444740814495 ], [ -58.366468559375051, -34.597454472650256 ], [ -58.366467928972206, -34.597460401706471 ], [ -58.366465394153472, -34.597484233224833 ], [ -58.366461372757087, -34.597484410313768 ], [ -58.366456857437726, -34.597484608648962 ], [ -58.366456857415827, -34.59748460865179 ], [ -58.366456857395079, -34.597484608658213 ], [ -58.366456857376342, -34.597484608667969 ], [ -58.366456857360362, -34.597484608680674 ], [ -58.366456857347828, -34.597484608695773 ], [ -58.366456857339244, -34.597484608712669 ], [ -58.366456857334953, -34.597484608730646 ], [ -58.366450095392494, -34.597544896802546 ], [ -58.366450095392494, -34.597544896802546 ], [ -58.366450095392615, -34.597544896820189 ], [ -58.366450095396885, -34.597544896837476 ], [ -58.36645009540517, -34.597544896853748 ], [ -58.366450095417115, -34.597544896868385 ], [ -58.366450095432278, -34.597544896880812 ], [ -58.366450095450077, -34.597544896890554 ], [ -58.36645189643081, -34.597545684360263 ], [ -58.366452589367682, -34.59754598688675 ], [ -58.366464624188126, -34.597551252613258 ], [ -58.366464877251047, -34.597552038816325 ], [ -58.366468044469762, -34.597561898383283 ], [ -58.366471554914277, -34.597572823697014 ], [ -58.366474370982132, -34.597595021640579 ], [ -58.366473003232898, -34.597617312716338 ], [ -58.366467487166943, -34.597639161507793 ], [ -58.366457954200037, -34.597660042589744 ], [ -58.366444632764221, -34.597679454912409 ], [ -58.366435173146577, -34.597679447403614 ], [ -58.366435173126504, -34.597679447405135 ], [ -58.366435173107114, -34.597679447409689 ], [ -58.366435173089066, -34.597679447417121 ], [ -58.366435173072979, -34.59767944742719 ], [ -58.366435173059408, -34.597679447439518 ], [ -58.366435173048821, -34.5976794474537 ], [ -58.366435173041573, -34.597679447469268 ], [ -58.366435173037907, -34.597679447485667 ], [ -58.366376132047371, -34.59822114180345 ], [ -58.366094630354588, -34.598202957950733 ], [ -58.366092733862622, -34.598202835656508 ], [ -58.366113821915256, -34.598038716168062 ], [ -58.366159071311721, -34.597686561088679 ], [ -58.366162861999769, -34.597658985089794 ], [ -58.366163057686016, -34.597657565505394 ], [ -58.366163057686435, -34.597657565488625 ], [ -58.366163057683075, -34.597657565472083 ], [ -58.36616305767609, -34.597657565456352 ], [ -58.366163057665695, -34.597657565441949 ], [ -58.366163057652251, -34.597657565429408 ], [ -58.366163057636236, -34.597657565419127 ], [ -58.366163057618195, -34.597657565411481 ], [ -58.36616305759874, -34.597657565406728 ], [ -58.366163057578575, -34.597657565405029 ], [ -58.366159133331557, -34.597657539745548 ], [ -58.366157832963943, -34.597657531499443 ], [ -58.36614992673983, -34.597631246114204 ], [ -58.366147721628472, -34.597608679059995 ], [ -58.366147288576308, -34.597604249133063 ], [ -58.366149985238906, -34.597577255497811 ], [ -58.366157948303631, -34.597550981783932 ], [ -58.366170964364386, -34.597526127367331 ], [ -58.366177879126887, -34.597525713713722 ], [ -58.366177879149006, -34.597525713710482 ], [ -58.366177879169861, -34.597525713703547 ], [ -58.366177879188548, -34.597525713693244 ], [ -58.366177879204287, -34.597525713679985 ], [ -58.366177879216394, -34.597525713664325 ], [ -58.366177879224374, -34.597525713646959 ], [ -58.36617787922787, -34.597525713628599 ], [ -58.366182848320115, -34.597448457572789 ], [ -58.366184716722955, -34.597419408920537 ], [ -58.366184716722309, -34.597419408904813 ], [ -58.366183641659532, -34.597412130866267 ], [ -58.366183641655844, -34.597412130851588 ], [ -58.366181123046509, -34.597405101358113 ], [ -58.366181123039944, -34.597405101344165 ], [ -58.36617723260467, -34.597398513357163 ], [ -58.366177232595398, -34.597398513344295 ], [ -58.366172099809965, -34.597392576097086 ], [ -58.366172076950278, -34.597392549036613 ], [ -58.366172076937858, -34.597392549024384 ], [ -58.366167530243175, -34.597388801798097 ], [ -58.36616579650898, -34.597387373466368 ], [ -58.366165796495146, -34.597387373456733 ], [ -58.366158567709142, -34.597383129214165 ], [ -58.36615856769356, -34.597383129206541 ], [ -58.366150588807066, -34.597379933622037 ], [ -58.366150588790163, -34.597379933616644 ], [ -58.366142078804621, -34.597377875203819 ], [ -58.366142078781472, -34.597377875200394 ], [ -58.366058611934797, -34.597373144755089 ], [ -58.366056713265912, -34.597373036880498 ], [ -58.366058872651621, -34.597356231673807 ], [ -58.366059042059511, -34.597354913027843 ], [ -58.366059042059639, -34.597354913009788 ], [ -58.366059042055419, -34.597354912992081 ], [ -58.366059042047006, -34.59735491297544 ], [ -58.366059042034756, -34.597354912960498 ], [ -58.36605904201916, -34.597354912947885 ], [ -58.366059042000835, -34.597354912938094 ], [ -58.36605904198052, -34.597354912931515 ], [ -58.366059041959019, -34.597354912928402 ], [ -58.36578564361929, -34.597338476361372 ], [ -58.365785643596851, -34.597338476361941 ], [ -58.365785643575009, -34.597338476366303 ], [ -58.36578564355473, -34.597338476374276 ], [ -58.365785643536839, -34.597338476385517 ], [ -58.365785643522123, -34.59733847639955 ], [ -58.365785643511188, -34.597338476415779 ], [ -58.365785643504523, -34.597338476433514 ], [ -58.365782745257953, -34.59735039895493 ], [ -58.36550704443556, -34.597329667357492 ], [ -58.364838556658867, -34.597278567205002 ], [ -58.364328686461242, -34.597238086503481 ], [ -58.363834391191624, -34.59719713951835 ], [ -58.363830944984727, -34.597194830887666 ], [ -58.363830288203879, -34.597194390462754 ], [ -58.363826770079321, -34.597191133470822 ], [ -58.363823927211023, -34.597187453362132 ], [ -58.363821832520522, -34.597183444845278 ], [ -58.363820541478532, -34.597179210727248 ], [ -58.363820084476806, -34.597174860104602 ], [ -58.363820250186372, -34.597173015035274 ], [ -58.363820476639333, -34.597170507472889 ], [ -58.363823252130885, -34.59716304506631 ], [ -58.363823252132796, -34.597163045060476 ], [ -58.363824216520094, -34.597159660104111 ], [ -58.363824543826333, -34.597158506550159 ], [ -58.363824747437143, -34.597157786482022 ], [ -58.36389412457023, -34.596962297455292 ], [ -58.36440449602452, -34.595524149937567 ], [ -58.364404496025315, -34.595524149935173 ], [ -58.364404773930382, -34.595523278485082 ], [ -58.364405062735905, -34.595522407043873 ], [ -58.364405062736452, -34.595522407042189 ], [ -58.364405329741167, -34.595521535582876 ], [ -58.364405596750146, -34.595520660517771 ], [ -58.364405596750409, -34.59552066051689 ], [ -58.36440585285996, -34.595519784541629 ], [ -58.364406110059548, -34.595518908567328 ], [ -58.364406110060081, -34.59551890856546 ], [ -58.364406344372775, -34.595518028967341 ], [ -58.364406590673916, -34.595517151181767 ], [ -58.364406590674399, -34.595517151179948 ], [ -58.364406815180004, -34.595516268869112 ], [ -58.364407039685631, -34.595515386558276 ], [ -58.364407264191243, -34.59551450424744 ], [ -58.364407264191669, -34.595514504245649 ], [ -58.364407466899543, -34.595513619212888 ], [ -58.364407670698483, -34.595512733279641 ], [ -58.364407670698682, -34.59551273327876 ], [ -58.364407863598231, -34.59551184643518 ], [ -58.36440805540775, -34.595510959590648 ], [ -58.364408055407928, -34.595510959589831 ], [ -58.36440823740913, -34.595510070934601 ], [ -58.364408237409293, -34.595510070933791 ], [ -58.36440840960114, -34.595509181369167 ], [ -58.364408409601168, -34.595509181369053 ], [ -58.364408580705074, -34.595508290000708 ], [ -58.364408580705238, -34.595508289999856 ], [ -58.364408740907614, -34.595507399524081 ], [ -58.364408902203238, -34.595506506345004 ], [ -58.364408902203529, -34.595506506343213 ], [ -58.364409041699275, -34.595505612244985 ], [ -58.364409181193921, -34.595504719048193 ], [ -58.364409181193949, -34.59550471904808 ], [ -58.364409319601776, -34.595503823146103 ], [ -58.364409319602004, -34.595503823144504 ], [ -58.364409438387874, -34.595502928128084 ], [ -58.364409438387888, -34.595502928127992 ], [ -58.364409556084794, -34.595502032209239 ], [ -58.364409674870679, -34.595501137192905 ], [ -58.364409674870807, -34.595501137191896 ], [ -58.364409781669352, -34.595500239461472 ], [ -58.364409781669444, -34.595500239460669 ], [ -58.364409878658634, -34.595499340820894 ], [ -58.364409878658741, -34.595499340819998 ], [ -58.364409964746365, -34.595498443072792 ], [ -58.36441005083617, -34.595497543522733 ], [ -58.364410050836248, -34.595497543521937 ], [ -58.364410127113452, -34.595496645766787 ], [ -58.36441012711353, -34.595496645765778 ], [ -58.364410191403429, -34.595495745296645 ], [ -58.3644102567823, -34.595494845729903 ], [ -58.364410256782364, -34.595494845728908 ], [ -58.364410310171792, -34.595493945250951 ], [ -58.364410310171841, -34.595493945250141 ], [ -58.36441035374974, -34.595493045665634 ], [ -58.364410397330886, -34.595492143376873 ], [ -58.364410397330914, -34.595492143376063 ], [ -58.364410431099472, -34.59549124288219 ], [ -58.364410431099472, -34.595491242882105 ], [ -58.364410463780132, -34.59549034058449 ], [ -58.364410463780168, -34.595490340582778 ], [ -58.364410475746709, -34.595489440972678 ], [ -58.364410475746709, -34.595489440972585 ], [ -58.364410486626397, -34.595488538657307 ], [ -58.364410498594012, -34.595487638145869 ], [ -58.364410498594019, -34.595487638144967 ], [ -58.364410499663286, -34.595486735821758 ], [ -58.364410499663286, -34.595486735820863 ], [ -58.364410489828856, -34.59548583619307 ], [ -58.364410489828849, -34.595485836192267 ], [ -58.364410470187231, -34.595484933852255 ], [ -58.364410449455519, -34.595484031511276 ], [ -58.364410449455498, -34.595484031510459 ], [ -58.364410418911284, -34.595483130964482 ], [ -58.364410418911241, -34.595483130963579 ], [ -58.364410377465461, -34.595482231310179 ], [ -58.364410336022871, -34.595481328952523 ], [ -58.364410336022821, -34.595481328951621 ], [ -58.364410283677636, -34.595480428387965 ], [ -58.364410283677579, -34.595480428387063 ], [ -58.364410220430841, -34.595479528715998 ], [ -58.364410157181986, -34.595478630847744 ], [ -58.364410157181922, -34.595478630846955 ], [ -58.364410084125829, -34.595477730266516 ], [ -58.364410011068692, -34.595476830587486 ], [ -58.364410011068514, -34.595476830585696 ], [ -58.364409916208288, -34.595475932691826 ], [ -58.364409726487821, -34.595474136904151 ], [ -58.364409726487722, -34.595474136903235 ], [ -58.364409620724878, -34.5954732408034 ], [ -58.364409620724771, -34.595473240802633 ], [ -58.36440950515366, -34.595472342891995 ], [ -58.364409505153517, -34.595472342890957 ], [ -58.364409377586547, -34.59547144947782 ], [ -58.364409251112818, -34.595470553361217 ], [ -58.36440925111269, -34.5954705533603 ], [ -58.364409113735299, -34.595469659939134 ], [ -58.364409113735157, -34.595469659938232 ], [ -58.364408965457294, -34.595468766508269 ], [ -58.364408818269467, -34.595467873079158 ], [ -58.36440881826929, -34.595467873078171 ], [ -58.364408659088809, -34.595466981442151 ], [ -58.364408500998422, -34.595466089807118 ], [ -58.364408500998245, -34.595466089806152 ], [ -58.364408330917293, -34.595465198161278 ], [ -58.364408330917129, -34.595465198160454 ], [ -58.36440815102258, -34.595464309211927 ], [ -58.364408151022403, -34.595464309211089 ], [ -58.36440796131528, -34.595463422057485 ], [ -58.364407770518092, -34.595462534902857 ], [ -58.364407770517886, -34.595462534901984 ], [ -58.364407568820276, -34.595461647738624 ], [ -58.364407368209484, -34.595460763280457 ], [ -58.364407368209257, -34.595460763279512 ], [ -58.364407155607957, -34.595459878811589 ], [ -58.364407155607765, -34.595459878810765 ], [ -58.364406933193905, -34.595458996137737 ], [ -58.364406933193678, -34.595458996136834 ], [ -58.364406699877193, -34.595458115257813 ], [ -58.364406466559679, -34.595457235280186 ], [ -58.364406466559458, -34.595457235279369 ], [ -58.364406223429363, -34.595456357096666 ], [ -58.364405979210304, -34.595455478011587 ], [ -58.364405979210062, -34.595455478010734 ], [ -58.364405725176333, -34.595454602523461 ], [ -58.364405725176056, -34.595454602522537 ], [ -58.364405459152863, -34.595453726124106 ], [ -58.364405194216538, -34.595452852430874 ], [ -58.364405194216268, -34.595452852429993 ], [ -58.364404918377311, -34.595451980530719 ], [ -58.364404918377041, -34.595451980529887 ], [ -58.364404632724494, -34.595451111326952 ], [ -58.364404345981853, -34.595450242123007 ], [ -58.364404345981555, -34.595450242122126 ], [ -58.364404048336347, -34.595449374712317 ], [ -58.364404048336077, -34.595449374711563 ], [ -58.364403740880455, -34.595448507293774 ], [ -58.364403740880405, -34.595448507293654 ], [ -58.364403433419469, -34.595447644382993 ], [ -58.364403433419163, -34.595447644382169 ], [ -58.36440311505774, -34.59544678146267 ], [ -58.364402796694186, -34.595445920345945 ], [ -58.364402796693859, -34.595445920345043 ], [ -58.364402467426615, -34.59544506192384 ], [ -58.364402467426338, -34.595445061923101 ], [ -58.364402128348701, -34.595444203493919 ], [ -58.364402128348608, -34.595444203493706 ], [ -58.364401788175606, -34.595443349570722 ], [ -58.364401788175307, -34.595443349570012 ], [ -58.364401438192949, -34.595442494737711 ], [ -58.364401438192566, -34.595442494736794 ], [ -58.364401077305459, -34.595441643501282 ], [ -58.3644007164173, -34.595440793167214 ], [ -58.364400716416917, -34.595440793166325 ], [ -58.364400344625096, -34.595439945527687 ], [ -58.364400344624705, -34.595439945526813 ], [ -58.364399961929209, -34.595439100583626 ], [ -58.364399580321667, -34.595438257444158 ], [ -58.364399580321248, -34.595438257443227 ], [ -58.364399186721023, -34.595437416096942 ], [ -58.364398794209805, -34.595436575652883 ], [ -58.364398794209386, -34.595436575651981 ], [ -58.364398390793426, -34.595435738804795 ], [ -58.364398390792992, -34.595435738803921 ], [ -58.36439797647337, -34.595434904652159 ], [ -58.364397562153734, -34.595434070500382 ], [ -58.364397562153272, -34.595434070499493 ], [ -58.364397136928936, -34.595433239944569 ], [ -58.364396712791411, -34.59543241209478 ], [ -58.364396712790928, -34.595432412093849 ], [ -58.364396276659711, -34.595431586938631 ], [ -58.364396276659299, -34.595431586937877 ], [ -58.364395830715559, -34.595430763577546 ], [ -58.364395384769637, -34.595429942020012 ], [ -58.364395384769161, -34.595429942019152 ], [ -58.364394927919619, -34.595429123157075 ], [ -58.364394927919157, -34.595429123156272 ], [ -58.36439446016702, -34.595428306088209 ], [ -58.364393993501672, -34.595427491725268 ], [ -58.364393993501103, -34.595427491724294 ], [ -58.364393514839975, -34.595426681858783 ], [ -58.364393037266737, -34.595425873796998 ], [ -58.364393037266218, -34.595425873796131 ], [ -58.364392547700355, -34.595425067527444 ], [ -58.364392547699893, -34.595425067526691 ], [ -58.364392048320418, -34.595424263954321 ], [ -58.364391548938755, -34.595423462184741 ], [ -58.364391548938613, -34.595423462184513 ], [ -58.364391049550605, -34.595422665823527 ], [ -58.364391049549774, -34.595422665822241 ], [ -58.364390529451967, -34.595421868543035 ], [ -58.364390529451725, -34.595421868542672 ], [ -58.364390008255334, -34.595421078473976 ], [ -58.364389488150103, -34.595420287504801 ], [ -58.364389488149456, -34.595420287503806 ], [ -58.36438895604725, -34.595419501933357 ], [ -58.364388956046803, -34.595419501932703 ], [ -58.364388414133138, -34.595418717255733 ], [ -58.364388414133018, -34.595418717255576 ], [ -58.364387872215104, -34.595417936184276 ], [ -58.364387872214515, -34.595417936183445 ], [ -58.364387319391838, -34.595417158709004 ], [ -58.364386767656001, -34.595416383939664 ], [ -58.364386767655418, -34.595416383938854 ], [ -58.364386203926976, -34.595415610962682 ], [ -58.364386203926387, -34.595415610961879 ], [ -58.364385630382181, -34.595414842484878 ], [ -58.364385630382067, -34.595414842484722 ], [ -58.364385055745714, -34.595414075809671 ], [ -58.364384482196137, -34.595413311839685 ], [ -58.364384482194993, -34.5954133118382 ], [ -58.364383886839391, -34.595412552357956 ], [ -58.364383302379998, -34.595411796492243 ], [ -58.364383302378883, -34.595411796490808 ], [ -58.364382696114362, -34.595411044213158 ], [ -58.364382100749189, -34.595410292845756 ], [ -58.364382100748024, -34.595410292844306 ], [ -58.364381484665394, -34.59540954686836 ], [ -58.364381484665202, -34.595409546868126 ], [ -58.364380867488237, -34.595408804496969 ], [ -58.3643802514014, -34.595408062126758 ], [ -58.364380251400597, -34.595408062125813 ], [ -58.364379624404698, -34.595407326958075 ], [ -58.364379624404101, -34.595407326957385 ], [ -58.364378986505599, -34.595406593583661 ], [ -58.364378986505528, -34.595406593583569 ], [ -58.364378348604887, -34.595405862012676 ], [ -58.364378348604063, -34.595405862011731 ], [ -58.364377050984849, -34.595404413275027 ], [ -58.364377050984103, -34.595404413274203 ], [ -58.36437639235659, -34.595403695207835 ], [ -58.364376392356476, -34.595403695207708 ], [ -58.364375733725794, -34.595402979845588 ], [ -58.364375733725126, -34.595402979844863 ], [ -58.364375063101818, -34.595402266275912 ], [ -58.364375063101662, -34.595402266275727 ], [ -58.364374393563047, -34.595401557214736 ], [ -58.364374393562343, -34.595401557213997 ], [ -58.364373713119008, -34.595400851749865 ], [ -58.364373713118219, -34.595400851749048 ], [ -58.364373021768003, -34.595400151684579 ], [ -58.364373021767918, -34.595400151684494 ], [ -58.364372330415591, -34.595399453422871 ], [ -58.364372330415428, -34.595399453422708 ], [ -58.364371640147816, -34.59539875966906 ], [ -58.364371640147084, -34.595398759668349 ], [ -58.364370937885781, -34.595398068609263 ], [ -58.364370937885511, -34.595398068609008 ], [ -58.364370235617777, -34.595397382958424 ], [ -58.364370235617102, -34.595397382957778 ], [ -58.364369523534712, -34.595396700904949 ], [ -58.364369523533988, -34.59539670090426 ], [ -58.364368800546863, -34.595396022448263 ], [ -58.364368800546771, -34.595396022448185 ], [ -58.364368077557508, -34.595395345795033 ], [ -58.364368077557131, -34.595395345794671 ], [ -58.364367354559342, -34.595394676352896 ], [ -58.364367354558695, -34.595394676352313 ], [ -58.36436662065833, -34.595394008704524 ], [ -58.364366620657599, -34.595394008703856 ], [ -58.36436587694147, -34.59539334555523 ], [ -58.364365876941115, -34.595393345554911 ], [ -58.364365132128526, -34.595392687813934 ], [ -58.364364387314858, -34.59539203097431 ], [ -58.364364387313955, -34.595392030973521 ], [ -58.364363632681389, -34.595391381337365 ], [ -58.36436363268129, -34.595391381337279 ], [ -58.364363058810433, -34.595390888695221 ], [ -58.364362878046549, -34.595390733503976 ], [ -58.364362878045696, -34.595390733503251 ], [ -58.364362299806139, -34.595390248069037 ], [ -58.364362111415105, -34.595390090167264 ], [ -58.364362111414444, -34.595390090166717 ], [ -58.364361336058302, -34.595389451330902 ], [ -58.364360569417173, -34.59538881700923 ], [ -58.364360569415908, -34.595388817008214 ], [ -58.364359783148643, -34.595388187177775 ], [ -58.364359006686421, -34.595387561862388 ], [ -58.364359006685113, -34.595387561861351 ], [ -58.364358208417855, -34.595386940134048 ], [ -58.364357422137907, -34.595386321120721 ], [ -58.364357422136841, -34.595386321119889 ], [ -58.364356623857638, -34.595385709308076 ], [ -58.364356623856914, -34.595385709307521 ], [ -58.364355815763034, -34.59538510109342 ], [ -58.364355815762849, -34.595385101093285 ], [ -58.36435500766575, -34.595384495583438 ], [ -58.364355007665331, -34.595384495583126 ], [ -58.364354199560786, -34.595383896383225 ], [ -58.364354199560125, -34.595383896382742 ], [ -58.364353380552991, -34.595383298976834 ], [ -58.364353380551947, -34.595383298976088 ], [ -58.364352550636013, -34.595382708772881 ], [ -58.364351731618399, -34.595382120381345 ], [ -58.364351731616935, -34.5953821203803 ], [ -58.36435089188096, -34.59538153828187 ], [ -58.364350061952159, -34.595380958895625 ], [ -58.364350061951107, -34.5953809588949 ], [ -58.364349221113159, -34.59538038671112 ], [ -58.36434922111242, -34.595380386710623 ], [ -58.36434837045983, -34.595379818124556 ], [ -58.364348370459496, -34.595379818124336 ], [ -58.364347519801548, -34.595379254045355 ], [ -58.364347519801214, -34.595379254045135 ], [ -58.364346669137937, -34.59537869447329 ], [ -58.364346669137021, -34.595378694472679 ], [ -58.364345806477907, -34.595378139398207 ], [ -58.364345806477679, -34.595378139398065 ], [ -58.364344944904346, -34.595377587930152 ], [ -58.364344944903927, -34.595377587929882 ], [ -58.364344083324191, -34.595377041870499 ], [ -58.364344083323445, -34.59537704187003 ], [ -58.36434321192904, -34.59537649940836 ], [ -58.36434321192791, -34.595376499407664 ], [ -58.364342328534505, -34.595375964147671 ], [ -58.364341456036271, -34.59537543340366 ], [ -58.364341456035142, -34.595375433402978 ], [ -58.364340562823784, -34.595374904444931 ], [ -58.364339679415373, -34.595374381804767 ], [ -58.364339679414329, -34.595374381804156 ], [ -58.36433878618697, -34.595373866367446 ], [ -58.364338786186821, -34.595373866367368 ], [ -58.364337892957359, -34.595373352733475 ], [ -58.364337892956485, -34.59537335273297 ], [ -58.364336988821222, -34.595372843597353 ], [ -58.364336988820625, -34.595372843597019 ], [ -58.3643360846768, -34.595372341672764 ], [ -58.364336084676509, -34.595372341672601 ], [ -58.364335180528435, -34.595371843354009 ], [ -58.364335180527327, -34.595371843353412 ], [ -58.364334265470234, -34.595371352237358 ], [ -58.364334265470077, -34.595371352237272 ], [ -58.364333350410888, -34.595370862924071 ], [ -58.364333350409858, -34.595370862923531 ], [ -58.364332424442722, -34.595370379911415 ], [ -58.364332424442374, -34.595370379911252 ], [ -58.364331499559974, -34.595369901407118 ], [ -58.364331499559455, -34.595369901406841 ], [ -58.364330573580553, -34.595369428310384 ], [ -58.364330573580247, -34.595369428310214 ], [ -58.364329647597103, -34.595368958819414 ], [ -58.364329647596108, -34.595368958818909 ], [ -58.364328711795082, -34.595368495630105 ], [ -58.364328711794684, -34.595368495629913 ], [ -58.364327775988301, -34.59536803694818 ], [ -58.364327775987171, -34.595368036947633 ], [ -58.364326829271839, -34.595367585468473 ], [ -58.364326829271619, -34.595367585468381 ], [ -58.364325881464076, -34.595367135791129 ], [ -58.364325881463387, -34.595367135790802 ], [ -58.364324934736274, -34.595366694227252 ], [ -58.364324934735471, -34.595366694226875 ], [ -58.364323977103666, -34.595366256260164 ], [ -58.364323977103169, -34.595366256259929 ], [ -58.364323019464933, -34.595365823701741 ], [ -58.364323019464479, -34.595365823701535 ], [ -58.364322062909871, -34.595365396552751 ], [ -58.364322062909487, -34.595365396552573 ], [ -58.364321105260593, -34.595364973008557 ], [ -58.364321105259457, -34.595364973008067 ], [ -58.364320136701558, -34.59536455666661 ], [ -58.364320136701195, -34.595364556666453 ], [ -58.364319168139033, -34.595364143930681 ], [ -58.364319168137946, -34.595364143930226 ], [ -58.364318189756915, -34.595363738397886 ], [ -58.364317221184173, -34.59536333467635 ], [ -58.364317221182901, -34.595363334675831 ], [ -58.364316242788966, -34.595362939960495 ], [ -58.364316242788263, -34.595362939960218 ], [ -58.364315253490673, -34.595362547940297 ], [ -58.364315253490254, -34.595362547940148 ], [ -58.364314273993443, -34.595362164040964 ], [ -58.364314273992804, -34.595362164040722 ], [ -58.364313284682403, -34.595361782837834 ], [ -58.364313284681785, -34.5953617828376 ], [ -58.364312295363874, -34.595361407944672 ], [ -58.364312295363007, -34.595361407944353 ], [ -58.364311295139359, -34.595361037549701 ], [ -58.364311295139082, -34.595361037549601 ], [ -58.364310304718309, -34.595360673472818 ], [ -58.364310304717534, -34.595360673472527 ], [ -58.364309305571091, -34.595360313895789 ], [ -58.364309305570011, -34.595360313895398 ], [ -58.364308294425598, -34.595359960618893 ], [ -58.364308294425427, -34.595359960618836 ], [ -58.364307294175028, -34.595359612759665 ], [ -58.364307294174083, -34.595359612759339 ], [ -58.364306283016852, -34.595359270299888 ], [ -58.36430628301629, -34.595359270299696 ], [ -58.364305271852629, -34.595358933248733 ], [ -58.364305271852004, -34.595358933248527 ], [ -58.364304261770926, -34.595358602508398 ], [ -58.364304261770151, -34.595358602508142 ], [ -58.364303239694287, -34.595358275363978 ], [ -58.364303239693903, -34.595358275363864 ], [ -58.364302111918896, -34.595357918386973 ], [ -58.364302111910995, -34.595357918384764 ], [ -58.364141442357187, -34.595318405677951 ], [ -58.364140421337446, -34.595318110083767 ], [ -58.364140421336685, -34.595318110083539 ], [ -58.364139388319749, -34.595317818084595 ], [ -58.364139388318996, -34.595317818084389 ], [ -58.364138356383528, -34.595317533297674 ], [ -58.364138356382917, -34.595317533297504 ], [ -58.364137313543807, -34.595317251206211 ], [ -58.364136281600764, -34.595316972729421 ], [ -58.364136281599862, -34.595316972729186 ], [ -58.364135238750052, -34.595316699652088 ], [ -58.364134206796336, -34.595316430189492 ], [ -58.364134206795725, -34.595316430189335 ], [ -58.364133163938412, -34.595316163422154 ], [ -58.364133163937709, -34.595316163421977 ], [ -58.364132121072913, -34.595315902964764 ], [ -58.364132121072217, -34.595315902964586 ], [ -58.364131067302694, -34.595315646104183 ], [ -58.364131067302388, -34.595315646104112 ], [ -58.36413002442692, -34.5953153946611 ], [ -58.364130024426409, -34.595315394660979 ], [ -58.364128981545555, -34.595315147725039 ], [ -58.364128981545072, -34.595315147724918 ], [ -58.36412792776165, -34.595314902582992 ], [ -58.364127927760933, -34.595314902582835 ], [ -58.364126873970001, -34.595314663750827 ], [ -58.364126873969497, -34.595314663750713 ], [ -58.364125820173221, -34.595314429425805 ], [ -58.364125820172937, -34.595314429425741 ], [ -58.364124767463522, -34.595314197805969 ], [ -58.364124767462776, -34.595314197805806 ], [ -58.364123713655786, -34.595313972495113 ], [ -58.364123713655481, -34.595313972495049 ], [ -58.3641226598453, -34.595313749888597 ], [ -58.364122659844426, -34.595313749888419 ], [ -58.364121595127372, -34.595313532681615 ], [ -58.364121595127024, -34.595313532681544 ], [ -58.364120542394026, -34.595313320893055 ], [ -58.36412054239355, -34.595313320892956 ], [ -58.364119477667948, -34.595313110897528 ], [ -58.364119477667366, -34.595313110897408 ], [ -58.364118423833624, -34.59531290812221 ], [ -58.364118423833304, -34.595312908122146 ], [ -58.364117360188104, -34.595312706240392 ], [ -58.364117360187144, -34.595312706240215 ], [ -58.36411629544228, -34.595312512470329 ], [ -58.364115231786286, -34.595312319602762 ], [ -58.36411523178522, -34.595312319602563 ], [ -58.364114156130242, -34.595312133936623 ], [ -58.364113092462475, -34.595311950984659 ], [ -58.364113092461828, -34.595311950984559 ], [ -58.364112027697679, -34.595311773440237 ], [ -58.364112027696862, -34.595311773440102 ], [ -58.364110953115869, -34.595311601296338 ], [ -58.36410988834313, -34.595311430963378 ], [ -58.364109888342114, -34.595311430963214 ], [ -58.364108813750406, -34.595311267833665 ], [ -58.364107739157561, -34.595311105605511 ], [ -58.364107739156594, -34.595311105605354 ], [ -58.364106663464163, -34.595310951489104 ], [ -58.364106663463872, -34.595310951489061 ], [ -58.364105588858258, -34.595310800077961 ], [ -58.364105588857839, -34.595310800077904 ], [ -58.364104514247934, -34.59531065227246 ], [ -58.364104514247174, -34.59531065227236 ], [ -58.364103438539765, -34.595310510775988 ], [ -58.364103438539352, -34.595310510775938 ], [ -58.364102363917674, -34.595310372886125 ], [ -58.364102363917254, -34.595310372886075 ], [ -58.364101289291284, -34.595310238601947 ], [ -58.364101289290495, -34.595310238601847 ], [ -58.36410020375768, -34.595310109717367 ], [ -58.364100203757289, -34.595310109717325 ], [ -58.364099129119552, -34.59530998534882 ], [ -58.364099129118749, -34.595309985348742 ], [ -58.364098042484109, -34.595309866378969 ], [ -58.364096967838933, -34.595309748320417 ], [ -58.364096967837938, -34.595309748320318 ], [ -58.364095882283699, -34.595309637464233 ], [ -58.364095882283166, -34.595309637464176 ], [ -58.36409479672357, -34.595309531115205 ], [ -58.364094796723144, -34.59530953111517 ], [ -58.364093722058627, -34.595309429282182 ], [ -58.36409372205808, -34.595309429282125 ], [ -58.364092636488856, -34.595309331045918 ], [ -58.364092636488195, -34.595309331045854 ], [ -58.364091549822462, -34.595309238217304 ], [ -58.364091549822042, -34.595309238217268 ], [ -58.364090464242089, -34.595309148995263 ], [ -58.364090464241443, -34.595309148995213 ], [ -58.364089378655081, -34.595309065181731 ], [ -58.364089378654647, -34.595309065181702 ], [ -58.364088293063979, -34.595308984973926 ], [ -58.364088293063446, -34.59530898497389 ], [ -58.364087207467442, -34.595308909273164 ], [ -58.364087207466689, -34.595308909273108 ], [ -58.364086121863139, -34.595308839882357 ], [ -58.364086121862819, -34.595308839882335 ], [ -58.364085036256085, -34.595308773195832 ], [ -58.364085036255553, -34.595308773195804 ], [ -58.364083950643462, -34.595308711016415 ], [ -58.364083950643035, -34.595308711016393 ], [ -58.364082865026646, -34.595308652442661 ], [ -58.364082865025715, -34.595308652442618 ], [ -58.364081768500306, -34.595308601071387 ], [ -58.364081768500149, -34.59530860107138 ], [ -58.364080682873066, -34.595308551511863 ], [ -58.364080682872199, -34.59530855151182 ], [ -58.364079597236532, -34.595308509163672 ], [ -58.364079597236284, -34.595308509163658 ], [ -58.364078500698021, -34.59530846860946 ], [ -58.364078500697197, -34.595308468609431 ], [ -58.364077415050794, -34.59530843527547 ], [ -58.364077415050694, -34.595308435275463 ], [ -58.364076329403247, -34.595308402842932 ], [ -58.364076329402231, -34.595308402842896 ], [ -58.364075232844698, -34.595308378514261 ], [ -58.364075232844286, -34.595308378514261 ], [ -58.364074147182912, -34.595308357800171 ], [ -58.364074147182698, -34.595308357800171 ], [ -58.36407306151915, -34.595308338888927 ], [ -58.364073061518255, -34.59530833888892 ], [ -58.364071964945737, -34.595308327180142 ], [ -58.364071964945204, -34.595308327180142 ], [ -58.364070879267736, -34.59530831998736 ], [ -58.364070879267288, -34.59530831998736 ], [ -58.364069782685085, -34.595308316391375 ], [ -58.364069782684439, -34.595308316391375 ], [ -58.36406869699627, -34.595308318212808 ], [ -58.364068696995822, -34.595308318212808 ], [ -58.364067611303369, -34.595308323639884 ], [ -58.364067611302836, -34.595308323639884 ], [ -58.364066514704561, -34.595308333565221 ], [ -58.3640665147039, -34.595308333565228 ], [ -58.364065428999616, -34.595308348907935 ], [ -58.364065428999183, -34.595308348907935 ], [ -58.36406434329065, -34.595308367856326 ], [ -58.364064343290124, -34.59530836785634 ], [ -58.364063246675776, -34.595308391302964 ], [ -58.364063246675315, -34.595308391302986 ], [ -58.364062160957126, -34.595308418364134 ], [ -58.364062160956514, -34.595308418364141 ], [ -58.364061064331437, -34.595308450824973 ], [ -58.364061064330635, -34.595308450824994 ], [ -58.364059978598512, -34.595308489604633 ], [ -58.364059978598284, -34.595308489604633 ], [ -58.364058892864023, -34.595308530187097 ], [ -58.364058892863362, -34.595308530187125 ], [ -58.364057807122649, -34.595308576178105 ], [ -58.364057807122052, -34.595308576178134 ], [ -58.364056710474458, -34.595308627568762 ], [ -58.364056710474074, -34.595308627568784 ], [ -58.364055624723726, -34.595308681672556 ], [ -58.364055624722845, -34.595308681672591 ], [ -58.36405453896392, -34.595308742987726 ], [ -58.3640545389637, -34.59530874298774 ], [ -58.364053453202608, -34.595308806105692 ], [ -58.364053453201848, -34.595308806105734 ], [ -58.364052367433274, -34.595308875533632 ], [ -58.364052367432727, -34.595308875533675 ], [ -58.364051281658789, -34.595308949468688 ], [ -58.364051281658568, -34.595308949468702 ], [ -58.36405019588247, -34.595309025206532 ], [ -58.364050195881603, -34.595309025206596 ], [ -58.364049110096936, -34.595309108155789 ], [ -58.364049110096389, -34.595309108155838 ], [ -58.364048024306371, -34.595309195612131 ], [ -58.364048024305937, -34.595309195612167 ], [ -58.364046938511592, -34.595309286674158 ], [ -58.364046938511272, -34.59530928667418 ], [ -58.36404585271373, -34.595309380440419 ], [ -58.364045852712863, -34.595309380440504 ], [ -58.364044766906751, -34.595309481418091 ], [ -58.364044766906204, -34.595309481418148 ], [ -58.364043690906186, -34.5953095860094 ], [ -58.364043690905767, -34.595309586009442 ], [ -58.364042605089992, -34.595309695099814 ], [ -58.364042605089459, -34.595309695099871 ], [ -58.364041519268319, -34.595309808697337 ], [ -58.364041519267644, -34.595309808697415 ], [ -58.364040444341569, -34.595309926810835 ], [ -58.364040444341036, -34.595309926810899 ], [ -58.364039369409603, -34.595310049431454 ], [ -58.364039369409326, -34.595310049431482 ], [ -58.364038283573173, -34.595310175648841 ], [ -58.364038283572398, -34.595310175648926 ], [ -58.364037207540193, -34.59531030728278 ], [ -58.364037207539745, -34.59531030728283 ], [ -58.364036132593327, -34.595310442523243 ], [ -58.36403613259268, -34.595310442523321 ], [ -58.364035057639803, -34.595310583172264 ], [ -58.364035057639548, -34.595310583172299 ], [ -58.364033971781936, -34.595310727418045 ], [ -58.364033971780849, -34.595310727418195 ], [ -58.364032906626576, -34.595310877990762 ], [ -58.36403290662642, -34.595310877990777 ], [ -58.364031831658508, -34.595311031259563 ], [ -58.364031831657996, -34.595311031259634 ], [ -58.364030755594712, -34.595311189034675 ], [ -58.364030755594165, -34.595311189034753 ], [ -58.364029680615523, -34.595311351317775 ], [ -58.364029680614898, -34.595311351317861 ], [ -58.36402861653243, -34.595311517215421 ], [ -58.364028616531805, -34.595311517215521 ], [ -58.364027540450273, -34.595311690314695 ], [ -58.36402754044974, -34.59531169031478 ], [ -58.364026476355455, -34.595311866127958 ], [ -58.364026476355271, -34.595311866127993 ], [ -58.3640254002662, -34.595312045537085 ], [ -58.364025400265433, -34.59531204553722 ], [ -58.364024336161492, -34.595312229463183 ], [ -58.364024336160995, -34.595312229463268 ], [ -58.364023270961646, -34.59531241789545 ], [ -58.364023270960892, -34.595312417895592 ], [ -58.364022206844076, -34.595312612638587 ], [ -58.364022206843785, -34.595312612638629 ], [ -58.364021141633707, -34.595312810085019 ], [ -58.36402114163316, -34.595312810085119 ], [ -58.364020077507753, -34.595313012039455 ], [ -58.364020077507128, -34.59531301203959 ], [ -58.364019023187829, -34.595313217607611 ], [ -58.364019023187261, -34.595313217607725 ], [ -58.364017957958922, -34.595313430378212 ], [ -58.364017957958438, -34.595313430378312 ], [ -58.364016904718468, -34.595313644961429 ], [ -58.364016904718241, -34.595313644961479 ], [ -58.364015839482363, -34.595313864041927 ], [ -58.364015839481496, -34.595313864042105 ], [ -58.364014785139659, -34.595314088539936 ], [ -58.364014785139325, -34.595314088540007 ], [ -58.364013731884334, -34.595314315742996 ], [ -58.364013731883439, -34.595314315743195 ], [ -58.364012677528699, -34.595314551058067 ], [ -58.364012677528329, -34.595314551058152 ], [ -58.364011634072995, -34.595314787283328 ], [ -58.364011634072675, -34.595314787283407 ], [ -58.364010579710417, -34.595315028908196 ], [ -58.364010579710005, -34.595315028908288 ], [ -58.364009525343484, -34.595315274138805 ], [ -58.364009525342595, -34.595315274139011 ], [ -58.36400848187008, -34.595315524786898 ], [ -58.364008481869689, -34.59531552478699 ], [ -58.364007438392861, -34.595315779040554 ], [ -58.364007438392356, -34.595315779040675 ], [ -58.364006394910156, -34.595316037801332 ], [ -58.364006394909666, -34.595316037801453 ], [ -58.364005351422115, -34.595316301069225 ], [ -58.364005351421618, -34.595316301069353 ], [ -58.364004307928688, -34.595316568844218 ], [ -58.364004307928177, -34.595316568844353 ], [ -58.364003275333545, -34.595316838430918 ], [ -58.364003275333069, -34.595316838431039 ], [ -58.364002231829403, -34.595317115220098 ], [ -58.364002231828586, -34.595317115220311 ], [ -58.364001199219999, -34.595317396525353 ], [ -58.364001199219601, -34.595317396525459 ], [ -58.364000166606729, -34.595317681436207 ], [ -58.364000166606459, -34.595317681436271 ], [ -58.363999132900311, -34.595317969050342 ], [ -58.3639991328996, -34.595317969050534 ], [ -58.363998100275985, -34.595318262975461 ], [ -58.363998100275694, -34.595318262975546 ], [ -58.363997067648846, -34.595318559604685 ], [ -58.36399706764783, -34.595318559604991 ], [ -58.363996045914, -34.595318862552979 ], [ -58.363995012187544, -34.595319167293994 ], [ -58.363995012186678, -34.595319167294249 ], [ -58.363993990445231, -34.595319476552177 ], [ -58.36399399044479, -34.595319476552312 ], [ -58.363992967607942, -34.595319790316438 ], [ -58.363992967606976, -34.595319790316744 ], [ -58.363991956754283, -34.59532010949912 ], [ -58.363990933907772, -34.595320431376031 ], [ -58.363990933906805, -34.595320431376358 ], [ -58.363989923044365, -34.595320758671534 ], [ -58.363988900185944, -34.595321090464104 ], [ -58.363988900185191, -34.595321090464346 ], [ -58.363987888223022, -34.59532142587144 ], [ -58.363987888222361, -34.59532142587166 ], [ -58.363986887157381, -34.595321763991855 ], [ -58.363986887156983, -34.59532176399199 ], [ -58.363985876273048, -34.595322109315589 ], [ -58.363985876272508, -34.595322109315774 ], [ -58.36398487519682, -34.595322456450205 ], [ -58.363984875196564, -34.595322456450297 ], [ -58.36398386321288, -34.595322809885772 ], [ -58.363983863212304, -34.595322809885971 ], [ -58.363982862126932, -34.595323165133159 ], [ -58.36398286212637, -34.595323165133358 ], [ -58.36398186103456, -34.595323525789077 ], [ -58.363981861033793, -34.595323525789354 ], [ -58.363980870838141, -34.595323890059618 ], [ -58.363979869736603, -34.59532425882815 ], [ -58.363979869735928, -34.595324258828398 ], [ -58.363978879531636, -34.595324630310003 ], [ -58.363978879531011, -34.595324630310245 ], [ -58.363977889319244, -34.595325008101845 ], [ -58.363977889319067, -34.595325008101909 ], [ -58.363976899105133, -34.595325387696292 ], [ -58.363976899104301, -34.595325387696626 ], [ -58.363975918695395, -34.59532577180611 ], [ -58.363975918694898, -34.595325771806294 ], [ -58.363974939370678, -34.595326160423774 ], [ -58.363974939370564, -34.595326160423816 ], [ -58.363973949139442, -34.595326554440959 ], [ -58.363973949138362, -34.595326554441399 ], [ -58.363972979614864, -34.595326951179629 ], [ -58.363972979614736, -34.595326951179679 ], [ -58.363972000274366, -34.595327353318488 ], [ -58.363972000274245, -34.595327353318545 ], [ -58.363971019841685, -34.595327757259263 ], [ -58.363971019840683, -34.595327757259682 ], [ -58.363970051392187, -34.595328166618685 ], [ -58.363970051391881, -34.59532816661882 ], [ -58.363969081849035, -34.595328579582628 ], [ -58.363969081848154, -34.595328579583011 ], [ -58.363968123200387, -34.595328997062786 ], [ -58.363967153647984, -34.595329418139329 ], [ -58.363967153647273, -34.595329418139642 ], [ -58.36396619499196, -34.595329841929356 ], [ -58.363966194991235, -34.59532984192969 ], [ -58.363965237417403, -34.595330272931641 ], [ -58.363964277661239, -34.595330705734725 ], [ -58.363964277660273, -34.595330705735172 ], [ -58.363963330979544, -34.595331143055866 ], [ -58.363962371216125, -34.595331582168747 ], [ -58.363962371214903, -34.595331582169308 ], [ -58.363961424523225, -34.595332028504302 ], [ -58.363961424523104, -34.595332028504359 ], [ -58.363960476739223, -34.595332476641289 ], [ -58.363960476738384, -34.59533247664168 ], [ -58.363959538759538, -34.595332929293725 ], [ -58.363959538759097, -34.595332929293939 ], [ -58.363958601864923, -34.595333386453959 ], [ -58.363958601864759, -34.595333386454023 ], [ -58.363957664968432, -34.595333845416896 ], [ -58.363957664967849, -34.595333845417194 ], [ -58.363956726972873, -34.595334311590499 ], [ -58.363956726972184, -34.59533431159084 ], [ -58.363955800965762, -34.595334779576675 ], [ -58.363954862966651, -34.5953352493556 ], [ -58.363954862965493, -34.595335249356189 ], [ -58.363953936948107, -34.595335726356318 ], [ -58.36395393694751, -34.595335726356623 ], [ -58.363953020738379, -34.595336205167577 ], [ -58.363952094713532, -34.595336688477623 ], [ -58.363952094712708, -34.595336688478064 ], [ -58.363951178492826, -34.595337176303239 ], [ -58.363951178492584, -34.59533717630336 ], [ -58.363950262269498, -34.595337666832762 ], [ -58.363950262268467, -34.595337666833323 ], [ -58.363949356938299, -34.595338163681554 ], [ -58.363948451609232, -34.595338659628325 ], [ -58.363948451608621, -34.595338659628659 ], [ -58.363947546270921, -34.595339162786821 ], [ -58.363947546270694, -34.595339162786942 ], [ -58.363946640929754, -34.595339668649395 ], [ -58.363946640928958, -34.595339668649856 ], [ -58.36394574648417, -34.59534017812684 ], [ -58.363945746483779, -34.595340178127067 ], [ -58.363944850942488, -34.595340693011693 ], [ -58.363944850942282, -34.595340693011806 ], [ -58.36394395648891, -34.595341209700152 ], [ -58.363943956488619, -34.595341209700322 ], [ -58.36394306203092, -34.595341729994367 ], [ -58.363943062030032, -34.595341729994892 ], [ -58.363942177376288, -34.595342255705447 ], [ -58.363942177376096, -34.595342255705553 ], [ -58.363941293810235, -34.59534278321982 ], [ -58.363941293809994, -34.595342783219955 ], [ -58.363940409149791, -34.595343314339019 ], [ -58.363940409148846, -34.595343314339608 ], [ -58.363939535382656, -34.59534385087607 ], [ -58.363939535382464, -34.595343850876176 ], [ -58.363938662704143, -34.595344389216365 ], [ -58.363938662703852, -34.59534438921655 ], [ -58.36393778893013, -34.59534493206295 ], [ -58.363937788929391, -34.595344932063412 ], [ -58.363936926052894, -34.595345477622949 ], [ -58.363936926052681, -34.595345477623098 ], [ -58.363936062081805, -34.595346026787425 ], [ -58.363936062081358, -34.595346026787709 ], [ -58.363935200285226, -34.595346580460912 ], [ -58.363935200284395, -34.595346580461438 ], [ -58.363934347202346, -34.595347139550164 ], [ -58.363933485398853, -34.5953476995332 ], [ -58.363933485397695, -34.595347699533953 ], [ -58.363932643211584, -34.595348262237351 ], [ -58.363931791209836, -34.595348829439743 ], [ -58.363931791208984, -34.595348829440333 ], [ -58.363930950102201, -34.595349401158813 ], [ -58.363930107903101, -34.595349974679287 ], [ -58.363930107902192, -34.595349974679927 ], [ -58.363929277688477, -34.595350552717122 ], [ -58.363928434388839, -34.595351135250745 ], [ -58.363928434387532, -34.595351135251668 ], [ -58.363927613975591, -34.595351720508212 ], [ -58.363926784841127, -34.595352307560489 ], [ -58.36392678484026, -34.595352307561107 ], [ -58.36392596441852, -34.595352900930543 ], [ -58.363925143996745, -34.595353494299978 ], [ -58.36392514399644, -34.595353494300198 ], [ -58.363924323569279, -34.595354092176727 ], [ -58.363924323568426, -34.595354092177345 ], [ -58.363923514036358, -34.595354694569842 ], [ -58.363923514036237, -34.595354694569934 ], [ -58.363922704502002, -34.595355298765291 ], [ -58.363922704501164, -34.595355298765938 ], [ -58.363921904770869, -34.595355908377783 ], [ -58.363921904770756, -34.595355908377861 ], [ -58.363921106129467, -34.595356518892054 ], [ -58.363921106129112, -34.595356518892316 ], [ -58.36392030748133, -34.595357134815018 ], [ -58.363920307480718, -34.595357134815487 ], [ -58.363919518641232, -34.595357752549013 ], [ -58.363919518640984, -34.595357752549184 ], [ -58.363918728706047, -34.595358374788923 ], [ -58.363918728705769, -34.595358374789157 ], [ -58.36391794203881, -34.595358998834399 ], [ -58.363917942038583, -34.595358998834577 ], [ -58.363917153185071, -34.595359628286552 ], [ -58.363917153184474, -34.595359628287035 ], [ -58.363916375230353, -34.595360258649322 ], [ -58.363916375229472, -34.595360258650032 ], [ -58.363915608169592, -34.595360894429554 ], [ -58.363914829117057, -34.595361532002109 ], [ -58.363914829115586, -34.595361532003331 ], [ -58.363914074038696, -34.595362174102462 ], [ -58.363913306971334, -34.59536281619183 ], [ -58.363913306970417, -34.595362816192612 ], [ -58.363912550795668, -34.595363464601064 ], [ -58.363912550795568, -34.595363464601164 ], [ -58.363911793527528, -34.595364115712982 ], [ -58.363911793527379, -34.595364115713124 ], [ -58.363911037347258, -34.595364768628677 ], [ -58.363911037346675, -34.595364768629189 ], [ -58.363910290974758, -34.59536542335556 ], [ -58.363910290973855, -34.595365423356363 ], [ -58.363909556586222, -34.595366083500871 ], [ -58.363908810203775, -34.595366747241279 ], [ -58.363908810203093, -34.595366747241904 ], [ -58.363908074717685, -34.595367413695612 ], [ -58.363908074717031, -34.595367413696209 ], [ -58.363907350129914, -34.595368081961666 ], [ -58.363907350129772, -34.595368081961801 ], [ -58.363906625539414, -34.595368752931485 ], [ -58.363906625539229, -34.595368752931655 ], [ -58.363905900944573, -34.595369427507059 ], [ -58.363905900944431, -34.595369427507194 ], [ -58.363905176346556, -34.595370104786838 ], [ -58.363905176345781, -34.595370104787577 ], [ -58.36390446264295, -34.59537078658321 ], [ -58.363904462642374, -34.595370786583771 ], [ -58.363903758747995, -34.595371470190074 ], [ -58.363903045039983, -34.595372156492644 ], [ -58.363903045039272, -34.59537215649334 ], [ -58.363902341136097, -34.595372847311154 ], [ -58.363902341135407, -34.595372847311829 ], [ -58.363901649220601, -34.595373539942258 ], [ -58.363900955123569, -34.595374234373757 ], [ -58.363900955123327, -34.595374234373999 ], [ -58.363900263203085, -34.595374931511529 ], [ -58.363900263202332, -34.595374931512296 ], [ -58.363899582177233, -34.595375633165801 ], [ -58.36389889896985, -34.595376336620362 ], [ -58.363898898969623, -34.595376336620603 ], [ -58.363898217939102, -34.595377042781237 ], [ -58.363898217938463, -34.595377042781905 ], [ -58.363897546714043, -34.59537775255621 ], [ -58.363897546713446, -34.595377752556836 ], [ -58.36389688529637, -34.595378465043218 ], [ -58.36389621406569, -34.595379180225834 ], [ -58.363896214065079, -34.59537918022648 ], [ -58.363895553732512, -34.595379897221029 ], [ -58.363895553731886, -34.595379897221704 ], [ -58.363894902114296, -34.595380618730459 ], [ -58.363894251587787, -34.595381339338665 ], [ -58.363894251587347, -34.595381339339177 ], [ -58.363893603231283, -34.595382068061959 ], [ -58.363893603230906, -34.595382068062385 ], [ -58.363892963596257, -34.595382795890856 ], [ -58.363892963596179, -34.595382795890934 ], [ -58.363892323959405, -34.59538352552223 ], [ -58.363892323958673, -34.595383525523083 ], [ -58.363891695215884, -34.595384260571812 ], [ -58.363891066471979, -34.595384996521958 ], [ -58.363891066471872, -34.595384996522064 ], [ -58.363890436633667, -34.595385736076992 ], [ -58.363890436633085, -34.595385736077688 ], [ -58.36388981769317, -34.595386477444336 ], [ -58.363889817692993, -34.595386477444528 ], [ -58.363889200930984, -34.595387220615777 ], [ -58.363889200930515, -34.59538722061636 ], [ -58.363888592886752, -34.59538796559756 ], [ -58.363888592886546, -34.595387965597808 ], [ -58.363887984836325, -34.595388715987546 ], [ -58.363887984835699, -34.595388715988314 ], [ -58.363887388773811, -34.595389468190639 ], [ -58.363886791619734, -34.595390222194965 ], [ -58.363886194464541, -34.59539097710072 ], [ -58.363886194463852, -34.595390977101594 ], [ -58.363885608202679, -34.595391737424706 ], [ -58.363885021940412, -34.595392498649289 ], [ -58.363885021939851, -34.595392498650007 ], [ -58.363884446575902, -34.595393261686269 ], [ -58.363883870118649, -34.595394027425968 ], [ -58.363883870118485, -34.595394027426188 ], [ -58.363883294746998, -34.595394796772382 ], [ -58.363883294746522, -34.595394796773014 ], [ -58.363882729184375, -34.595395567028632 ], [ -58.363882729183736, -34.59539556702952 ], [ -58.363882175607806, -34.595396340900578 ], [ -58.363881620940759, -34.595397115672149 ], [ -58.363881620940646, -34.595397115672313 ], [ -58.363881066269236, -34.595397894049604 ], [ -58.363881066268689, -34.595397894050386 ], [ -58.363880522494533, -34.595398675140828 ], [ -58.363879978721485, -34.595399455329805 ], [ -58.363879978720853, -34.595399455330707 ], [ -58.363879445841775, -34.59540024093711 ], [ -58.363878912960487, -34.595401028346444 ], [ -58.36387838007925, -34.595401815755693 ], [ -58.363878380078702, -34.595401815756496 ], [ -58.363877857002478, -34.59540260768086 ], [ -58.363877857002016, -34.59540260768155 ], [ -58.363877344826278, -34.595403399614788 ], [ -58.363877344826115, -34.595403399615044 ], [ -58.36387683373502, -34.595404196056258 ], [ -58.363876320461749, -34.595404994298498 ], [ -58.363876320461216, -34.595404994299358 ], [ -58.363875820268426, -34.595405792552299 ], [ -58.363875820268348, -34.595405792552398 ], [ -58.363875318980106, -34.595406595311573 ], [ -58.363875318979673, -34.595406595312291 ], [ -58.363874828591918, -34.595407398080333 ], [ -58.363874337110865, -34.595408203551763 ], [ -58.363874337110381, -34.595408203552566 ], [ -58.363873856527654, -34.595409010835709 ], [ -58.363873856527512, -34.59540901083593 ], [ -58.363873378122719, -34.595409819923667 ], [ -58.363872897534641, -34.595410631713897 ], [ -58.363872897534172, -34.595410631714699 ], [ -58.363872427844349, -34.595411445316657 ], [ -58.36387242784388, -34.595411445317495 ], [ -58.363871969051281, -34.595412261632617 ], [ -58.363871510256523, -34.595413079750642 ], [ -58.363871510256459, -34.595413079750749 ], [ -58.363871052550685, -34.595413898771007 ], [ -58.363871052550429, -34.595413898771483 ], [ -58.363870444076682, -34.595415004321303 ], [ -58.36387044407148, -34.595415004332757 ], [ -58.363865781877067, -34.595427862933867 ], [ -58.363441761419502, -34.596597080923182 ], [ -58.363441761419082, -34.596597080924383 ], [ -58.363420573301731, -34.596658589202086 ], [ -58.363420289999347, -34.596658569145234 ], [ -58.363212936465814, -34.596641722932652 ], [ -58.36307172972203, -34.596626219750888 ], [ -58.363014981187497, -34.596617014674692 ], [ -58.362991507219192, -34.596612937177362 ], [ -58.36290693894027, -34.596594887858757 ], [ -58.362906938939659, -34.596594887858629 ], [ -58.362787998227887, -34.596570105393454 ], [ -58.36248186421156, -34.596496811490752 ], [ -58.36221559491787, -34.596371675690392 ], [ -58.362215594916151, -34.596371675689618 ], [ -58.361944395710296, -34.596249534239682 ], [ -58.361590022893338, -34.596080720244387 ], [ -58.361590022891534, -34.596080720243556 ], [ -58.361102917531426, -34.595858726477005 ], [ -58.361100861842758, -34.595857790023381 ], [ -58.36112261057503, -34.595824818051668 ], [ -58.361122942566624, -34.595824315335896 ], [ -58.36112294257498, -34.595824315319625 ], [ -58.361122942579328, -34.595824315302323 ], [ -58.36112294257952, -34.595824315284645 ], [ -58.361122942575541, -34.595824315267272 ], [ -58.361122942567526, -34.595824315250887 ], [ -58.361122942555809, -34.595824315236101 ], [ -58.361122942540817, -34.595824315223503 ], [ -58.361122942523146, -34.595824315213555 ], [ -58.36110492735888, -34.595816190028714 ], [ -58.360932591610919, -34.595738467350003 ], [ -58.36093084740299, -34.595737680747732 ], [ -58.360930847383692, -34.595737680740932 ], [ -58.360930847363186, -34.595737680737301 ], [ -58.360930847342217, -34.595737680737003 ], [ -58.360930847321569, -34.595737680740029 ], [ -58.360930847302001, -34.595737680746254 ], [ -58.36093084728423, -34.595737680755477 ], [ -58.360930847268939, -34.595737680767336 ], [ -58.360930847256661, -34.595737680781411 ], [ -58.360911489241353, -34.595765092047586 ], [ -58.360473366885465, -34.595553649285371 ], [ -58.360473366882907, -34.595553649284177 ], [ -58.36038689256376, -34.595514462767675 ], [ -58.360355213728958, -34.595477228944183 ], [ -58.360355213715721, -34.595477228931351 ], [ -58.360355213699812, -34.595477228920792 ], [ -58.360333308687309, -34.595465285537671 ], [ -58.360326985313321, -34.595447631282106 ], [ -58.360322223437777, -34.595431294404555 ], [ -58.36033404071528, -34.595339357486587 ], [ -58.360348521450106, -34.595291192275752 ], [ -58.360348521450398, -34.595291192274779 ], [ -58.360369859422391, -34.595216695072821 ], [ -58.360369859424985, -34.595216695059229 ], [ -58.360369859425042, -34.595216695045472 ], [ -58.360364264964346, -34.595153351862969 ], [ -58.360364264961802, -34.59515335184912 ], [ -58.360364264956701, -34.595153351835755 ], [ -58.360347004072132, -34.595118038463958 ], [ -58.360347004068331, -34.595118038457031 ], [ -58.360327431458224, -34.595086062902936 ], [ -58.360327431447168, -34.59508606288847 ], [ -58.360327431433006, -34.595086062876 ], [ -58.360327431416245, -34.59508606286596 ], [ -58.360327431397486, -34.595086062858719 ], [ -58.360327431377428, -34.595086062854534 ], [ -58.360327431356765, -34.595086062853582 ], [ -58.360324029275446, -34.595086171756563 ], [ -58.360319561119368, -34.595076533640658 ], [ -58.360319561110494, -34.595076533625772 ], [ -58.360319561098457, -34.595076533612477 ], [ -58.36028249353825, -34.595042617846829 ], [ -58.360282493526256, -34.5950426178374 ], [ -58.360282493512663, -34.595042617829591 ], [ -58.360232704127505, -34.595018387912035 ], [ -58.360229506774786, -34.595016832060196 ], [ -58.360229506758678, -34.595016832053766 ], [ -58.360229506741504, -34.595016832049588 ], [ -58.360229506723734, -34.595016832047804 ], [ -58.360229217873957, -34.595016822789589 ], [ -58.360225337474148, -34.59501670052417 ], [ -58.360181060589412, -34.595015307377011 ], [ -58.360131406860809, -34.595011007989562 ], [ -58.360060096983744, -34.594992838101035 ], [ -58.360060096967928, -34.594992838098051 ], [ -58.360060096951756, -34.594992838097035 ], [ -58.359861817430996, -34.594992670186016 ], [ -58.35951703095062, -34.594964345899122 ], [ -58.359306520741114, -34.594942701105033 ], [ -58.359306520729277, -34.594942701104358 ], [ -58.359202870288328, -34.594941428259801 ], [ -58.358859698526423, -34.594914900028428 ], [ -58.358859698498648, -34.594914900029238 ], [ -58.358758170106235, -34.594928658043585 ], [ -58.358758170086226, -34.594928658047934 ], [ -58.358758170067588, -34.594928658055345 ], [ -58.358724172253268, -34.594945606315981 ], [ -58.358692977435652, -34.594956064020906 ], [ -58.358660287501372, -34.594962702912738 ], [ -58.358626783904299, -34.594965384755589 ], [ -58.358593161080485, -34.594964054256685 ], [ -58.358570821270952, -34.594958384071795 ], [ -58.358549227016695, -34.594950998212333 ], [ -58.358484369532881, -34.594924110774826 ], [ -58.358484369512958, -34.594924110768481 ], [ -58.358484369491912, -34.594924110765497 ], [ -58.358264324256702, -34.59491090321518 ], [ -58.357794737557569, -34.59488271717278 ], [ -58.357640302538435, -34.594873446731718 ], [ -58.357066949115008, -34.594839027506488 ], [ -58.35654603612435, -34.594807755073262 ], [ -58.355826317943503, -34.59476454282229 ], [ -58.354943058456165, -34.594711506249169 ], [ -58.354148001201686, -34.59466376054575 ], [ -58.35414800117421, -34.594663760546972 ], [ -58.353809106733543, -34.5947149317849 ], [ -58.353735782761234, -34.594726003049935 ], [ -58.350963684352344, -34.595144536228538 ], [ -58.350963684332562, -34.595144536233157 ], [ -58.350963684314173, -34.595144536240767 ], [ -58.350963684297838, -34.595144536251084 ], [ -58.350963684284153, -34.59514453626376 ], [ -58.35096368427358, -34.595144536278326 ], [ -58.350939979476678, -34.595185537293673 ], [ -58.350939979476678, -34.595185537293673 ], [ -58.350939979469175, -34.595185537311039 ], [ -58.350939979466098, -34.595185537329314 ], [ -58.350939979467583, -34.595185537347724 ], [ -58.350939979473566, -34.595185537365509 ], [ -58.350939979483805, -34.595185537381887 ], [ -58.350939979497866, -34.595185537396226 ], [ -58.350952655651092, -34.595196043428821 ], [ -58.350952655668095, -34.595196043440332 ], [ -58.350952655687564, -34.59519604344878 ], [ -58.350952655708667, -34.595196043453832 ], [ -58.35095265573058, -34.595196043455282 ], [ -58.350952655752394, -34.595196043453065 ], [ -58.35095265577322, -34.595196043447267 ], [ -58.350952655792227, -34.595196043438136 ], [ -58.350952655808626, -34.59519604342605 ], [ -58.350952655821771, -34.595196043411477 ], [ -58.350952655831108, -34.595196043395013 ], [ -58.35095565533247, -34.595188979905046 ], [ -58.350956706174074, -34.595186506516804 ], [ -58.354116275382871, -34.594701459587583 ], [ -58.354124581886495, -34.59470196640671 ], [ -58.354158146934871, -34.594704012914065 ], [ -58.354649082972145, -34.594733937451586 ], [ -58.356587660354613, -34.594852085767322 ], [ -58.356674757591691, -34.594857392856994 ], [ -58.356674757597133, -34.5948573928572 ], [ -58.35668384394026, -34.594857570263592 ], [ -58.356692863918518, -34.594858495790994 ], [ -58.356706211126578, -34.594861306364976 ], [ -58.356718891323929, -34.594865750631975 ], [ -58.356730615781423, -34.59487172738114 ], [ -58.356741114345049, -34.594879099360732 ], [ -58.356741989668834, -34.594879932133061 ], [ -58.356742999985734, -34.594880894822353 ], [ -58.356746632681244, -34.594888039952977 ], [ -58.356767752577838, -34.594929583291659 ], [ -58.35675522803534, -34.594950936903579 ], [ -58.35672953723266, -34.594957500252356 ], [ -58.356729537219771, -34.594957500256392 ], [ -58.356705055139045, -34.594966692313278 ], [ -58.356577812177292, -34.595007784223114 ], [ -58.356447714922403, -34.595038150177345 ], [ -58.356315583499367, -34.595061751738044 ], [ -58.356315583485767, -34.595061751741234 ], [ -58.356257287752022, -34.595078943929067 ], [ -58.356219133124945, -34.595083082236883 ], [ -58.356147320891864, -34.595090870591356 ], [ -58.35614732088424, -34.595090870592408 ], [ -58.356038650525875, -34.595109209213462 ], [ -58.355935938336167, -34.595119893592141 ], [ -58.355935938313095, -34.595119893596681 ], [ -58.355831494200174, -34.595150747498074 ], [ -58.355831494192984, -34.595150747500448 ], [ -58.355729953723333, -34.595187643403378 ], [ -58.355729953717336, -34.59518764340573 ], [ -58.35544090696105, -34.59531050636653 ], [ -58.35544090696105, -34.59531050636653 ], [ -58.355440906935108, -34.595310506381907 ], [ -58.355386714846581, -34.595353841235337 ], [ -58.355386714842382, -34.595353841238889 ], [ -58.355335485615278, -34.595399572867677 ], [ -58.35533548561132, -34.595399572871415 ], [ -58.355287373119964, -34.59544756439923 ], [ -58.355287373116646, -34.595447564402704 ], [ -58.355203309439077, -34.595540342797257 ], [ -58.355112825208927, -34.595628894977878 ], [ -58.355016231475005, -34.595712918330634 ], [ -58.354963377391556, -34.595753810421762 ], [ -58.35491385780707, -34.595792122875913 ], [ -58.354806054464724, -34.595866238484021 ], [ -58.354693192402237, -34.595935012170422 ], [ -58.35454446783649, -34.596010093500865 ], [ -58.354544467833115, -34.596010093502642 ], [ -58.354399162147985, -34.596089622618024 ], [ -58.354399162144702, -34.596089622619893 ], [ -58.354281180232086, -34.596159458640926 ], [ -58.354257470589715, -34.596173493336799 ], [ -58.354257470586525, -34.596173493338775 ], [ -58.35411958187899, -34.59626159225926 ], [ -58.354119581875885, -34.596261592261321 ], [ -58.353985682566908, -34.596353802375667 ], [ -58.353951444659913, -34.596370613872651 ], [ -58.353951444649056, -34.596370613878754 ], [ -58.35354512131341, -34.596629361159138 ], [ -58.353441211269541, -34.596691277400062 ], [ -58.353441211257064, -34.596691277408731 ], [ -58.353441211246285, -34.596691277418842 ], [ -58.353299684606519, -34.596846176532502 ], [ -58.353051392748569, -34.59703913897502 ], [ -58.35305139273428, -34.597039138988606 ], [ -58.353051392723529, -34.597039139004259 ], [ -58.353038943894397, -34.597062423213025 ], [ -58.352893724197386, -34.59733401213461 ], [ -58.352814306525147, -34.597482537896511 ], [ -58.35266958149009, -34.597620832764946 ], [ -58.352669581486182, -34.597620832768897 ], [ -58.352409636565611, -34.597899643768088 ], [ -58.352262435660357, -34.597980600030951 ], [ -58.352106626980152, -34.598028158703961 ], [ -58.352106626957124, -34.598028158713689 ], [ -58.35210662693752, -34.598028158727637 ], [ -58.351953580392461, -34.59816635050997 ], [ -58.351953580383061, -34.598166350519747 ], [ -58.351788917294748, -34.5983641560519 ], [ -58.351607294506671, -34.59853376647694 ], [ -58.351607294501783, -34.598533766481843 ], [ -58.351534777389645, -34.598611965142048 ], [ -58.351344262914822, -34.598728657151653 ], [ -58.351344262895992, -34.598728657166355 ], [ -58.351156874094386, -34.598914421405503 ], [ -58.350965678107087, -34.599022265632826 ], [ -58.350854569879068, -34.599071056422019 ], [ -58.350854569860914, -34.599071056432031 ], [ -58.350829813978535, -34.599087906433319 ], [ -58.350796832314927, -34.599110355684083 ], [ -58.350782298622057, -34.599116420567206 ], [ -58.350677070183124, -34.599160330910685 ], [ -58.350677070167031, -34.599160330918927 ], [ -58.350677070152912, -34.599160330929337 ], [ -58.35058824631033, -34.599238259767837 ], [ -58.350495881315247, -34.599290644378975 ], [ -58.350495881298684, -34.599290644390528 ], [ -58.350495881285212, -34.599290644404569 ], [ -58.350458719514492, -34.599338443999983 ], [ -58.35032541356442, -34.599509908107969 ], [ -58.350305235705889, -34.599525276688723 ], [ -58.350212813100846, -34.599595665134409 ], [ -58.350212813082656, -34.599595665152421 ], [ -58.350013449164472, -34.599855446677637 ], [ -58.34987774663108, -34.599960261433338 ], [ -58.349877746620038, -34.599960261443229 ], [ -58.349736217557954, -34.600108000835633 ], [ -58.349717583402906, -34.600119100719489 ], [ -58.349550564100291, -34.600218587398224 ], [ -58.34936008465565, -34.600305701562661 ], [ -58.349360084640843, -34.600305701570811 ], [ -58.349360084627811, -34.600305701580851 ], [ -58.348777649214171, -34.600834535160338 ], [ -58.348613149284823, -34.600903545834555 ], [ -58.348613149263819, -34.600903545846066 ], [ -58.348613149246582, -34.60090354586125 ], [ -58.348573363211322, -34.600947920589732 ], [ -58.348415814935528, -34.601023805462006 ], [ -58.348415814931478, -34.60102380546406 ], [ -58.348330723241958, -34.601069000122976 ], [ -58.348262406549203, -34.601105284661209 ], [ -58.348262406535426, -34.601105284669885 ], [ -58.348147214580038, -34.60119050368403 ], [ -58.3480029500464, -34.601282697363779 ], [ -58.348002950033411, -34.601282697373556 ], [ -58.348002950022497, -34.601282697384946 ], [ -58.347899717764221, -34.601410154556142 ], [ -58.347791408148908, -34.601517378017583 ], [ -58.347613899989788, -34.601606647990643 ], [ -58.347613899976317, -34.601606647998643 ], [ -58.347613899964472, -34.601606648008243 ], [ -58.347492600718347, -34.601721013477722 ], [ -58.347361520749729, -34.601816359452854 ], [ -58.347361520735063, -34.601816359465857 ], [ -58.347301895579101, -34.601880971675804 ], [ -58.347247540324069, -34.601929700412796 ], [ -58.347247540317539, -34.601929700419227 ], [ -58.34722097297761, -34.6019584899881 ], [ -58.347220972974817, -34.601958489991269 ], [ -58.347116774753914, -34.602082210979475 ], [ -58.34711677474516, -34.60208221099186 ], [ -58.347032135971361, -34.602227461123476 ], [ -58.346861880175766, -34.602309838315421 ], [ -58.346861880166855, -34.602309838320231 ], [ -58.346781841786459, -34.602357802270312 ], [ -58.346781841772263, -34.602357802280473 ], [ -58.346781841760375, -34.602357802292502 ], [ -58.346781841751181, -34.602357802306031 ], [ -58.346781841744907, -34.602357802320675 ], [ -58.34675866354246, -34.602431715673276 ], [ -58.346758663539084, -34.602431715691651 ], [ -58.346742403336371, -34.602715517172776 ], [ -58.346652853822377, -34.602812025186296 ], [ -58.346652853812436, -34.602812025199114 ], [ -58.346652853805253, -34.602812025213133 ], [ -58.346652853801025, -34.602812025227948 ], [ -58.346645585814699, -34.602852563311792 ], [ -58.34664558581359, -34.60285256332827 ], [ -58.346645585816141, -34.602852563344626 ], [ -58.346645585822245, -34.602852563360337 ], [ -58.346645585831709, -34.60285256337486 ], [ -58.346645585844229, -34.602852563387721 ], [ -58.346672811315308, -34.602875810926605 ], [ -58.346673384982054, -34.60287640911379 ], [ -58.346676157543669, -34.602879297213711 ], [ -58.346703196252513, -34.602907473520773 ], [ -58.346716788991181, -34.603057452325828 ], [ -58.346662019541093, -34.603167726723427 ], [ -58.346662019536431, -34.603167726734988 ], [ -58.346635943795022, -34.603250700174122 ], [ -58.346635943794588, -34.603250700175543 ], [ -58.346599426276128, -34.603375163255294 ], [ -58.346599426275581, -34.60337516325724 ], [ -58.346582753856389, -34.603438024149426 ], [ -58.346582753853866, -34.603438024168085 ], [ -58.346582753856069, -34.603438024186765 ], [ -58.346619895409702, -34.603588403231186 ], [ -58.346562621393574, -34.603705690935037 ], [ -58.34656262138617, -34.603705690959941 ], [ -58.34653635309671, -34.603926041682229 ], [ -58.34653635309644, -34.603926041697257 ], [ -58.346543161434006, -34.604007615094737 ], [ -58.346495629041328, -34.604118427263614 ], [ -58.346461556001515, -34.604197861227732 ], [ -58.346461556001515, -34.604197861227732 ], [ -58.346461555996704, -34.604197861243165 ], [ -58.346461555995255, -34.604197861259053 ], [ -58.346461555997202, -34.604197861274912 ], [ -58.34646287587568, -34.604203529773713 ], [ -58.346472569093343, -34.604245147755094 ], [ -58.346479829526309, -34.604276319514526 ], [ -58.346424366379765, -34.604389939188273 ], [ -58.346424366377626, -34.60438993919302 ], [ -58.346391805447283, -34.604469209622287 ], [ -58.346391805443353, -34.604469209634722 ], [ -58.346356251467405, -34.604626586226594 ], [ -58.346356251467355, -34.604626586226885 ], [ -58.346336398399011, -34.604716019720257 ], [ -58.346333754401265, -34.604727927637249 ], [ -58.346242883006767, -34.604810547659469 ], [ -58.346242883002049, -34.604810547664059 ], [ -58.346179009225153, -34.604877054511647 ], [ -58.346179009217494, -34.604877054520706 ], [ -58.346155388297746, -34.604909017865644 ], [ -58.346105556466973, -34.604962632505348 ], [ -58.346105556461666, -34.604962632511594 ], [ -58.346082438928839, -34.60499242300336 ], [ -58.346082438918991, -34.60499242301934 ], [ -58.346082438913172, -34.604992423036634 ], [ -58.346082438911608, -34.604992423054526 ], [ -58.346082438914372, -34.604992423072332 ], [ -58.346082438921343, -34.604992423089314 ], [ -58.346082438932243, -34.604992423104839 ], [ -58.346106449549389, -34.605019887223655 ], [ -58.346118428799549, -34.605038965549404 ], [ -58.346111189107383, -34.60505982733843 ], [ -58.346085920395517, -34.605081268589117 ], [ -58.346085920381206, -34.605081268604174 ], [ -58.346085920371067, -34.605081268621397 ], [ -58.346085920365553, -34.605081268640006 ], [ -58.346083010635027, -34.605099153643764 ], [ -58.346083010634096, -34.605099153658593 ], [ -58.34608301063615, -34.605099153673358 ], [ -58.346087312397685, -34.605117044703547 ], [ -58.346087312404059, -34.605117044720799 ], [ -58.346087312414468, -34.605117044736666 ], [ -58.346087312428487, -34.605117044750507 ], [ -58.346087312445562, -34.605117044761741 ], [ -58.346087312464988, -34.605117044769948 ], [ -58.34608731248602, -34.605117044774786 ], [ -58.346087312507784, -34.605117044776073 ], [ -58.346111109545603, -34.605116471797494 ], [ -58.34611613357113, -34.605133171771307 ], [ -58.346116133579358, -34.605133171789767 ], [ -58.346130521968433, -34.605157035390839 ], [ -58.34613693974606, -34.605208319767144 ], [ -58.346131020052347, -34.605316235805027 ], [ -58.346128067610813, -34.605364529303877 ], [ -58.346128067611524, -34.605364529319701 ], [ -58.346128067615581, -34.605364529335176 ], [ -58.346128067622843, -34.605364529349828 ], [ -58.346128067633103, -34.605364529363207 ], [ -58.346144355226691, -34.605382138037072 ], [ -58.346144627353461, -34.605382433059432 ], [ -58.346148843848233, -34.605388087211026 ], [ -58.346169099347193, -34.605415250222933 ], [ -58.346164669456435, -34.605488585544684 ], [ -58.346150180512154, -34.60553627211916 ], [ -58.346150180508872, -34.605536272141848 ], [ -58.346150810098727, -34.60560186013074 ], [ -58.346142061630623, -34.605669228433676 ], [ -58.346129697032815, -34.605744344582952 ], [ -58.346119547516096, -34.605783091425543 ], [ -58.346119547513716, -34.605783091441019 ], [ -58.346117319009096, -34.605829000471616 ], [ -58.346117319009046, -34.605829000472816 ], [ -58.346115812454642, -34.605875506937011 ], [ -58.346113554627209, -34.605942285634868 ], [ -58.346111333906819, -34.605983424347485 ], [ -58.346103332198865, -34.606032906464485 ], [ -58.346087383213906, -34.60609311236577 ], [ -58.346087383213906, -34.60609311236577 ], [ -58.346087383212129, -34.606093112374623 ], [ -58.34607864218016, -34.606155114522039 ], [ -58.346063358458956, -34.606254674384353 ], [ -58.345986630916457, -34.606460904310019 ], [ -58.345986630915057, -34.606460904314126 ], [ -58.345973301785762, -34.606503853205389 ], [ -58.345924726022631, -34.606586804798575 ], [ -58.345924726019163, -34.606586804805154 ], [ -58.345870913460971, -34.606701082923387 ], [ -58.345743520465007, -34.606882433361392 ], [ -58.345667933660494, -34.606945947623977 ], [ -58.345667933645124, -34.606945947640263 ], [ -58.345625306057066, -34.607003742574207 ], [ -58.345206513866657, -34.607230126372379 ], [ -58.345206513853668, -34.607230126380621 ], [ -58.345206513842307, -34.607230126390384 ], [ -58.345158597032949, -34.60727803558359 ], [ -58.345111190021527, -34.607325435041211 ], [ -58.344929283769162, -34.607454049164339 ], [ -58.344779192083351, -34.60752306855791 ], [ -58.344779192062106, -34.607523068570679 ], [ -58.344704333042579, -34.607580620941732 ], [ -58.344601133852294, -34.607635971472043 ], [ -58.344272059600918, -34.607803794666793 ], [ -58.344219397176488, -34.607817457489269 ], [ -58.344219397152209, -34.607817457498385 ], [ -58.344060633944792, -34.607897796597257 ], [ -58.344060633932607, -34.607897796604419 ], [ -58.344000000902973, -34.607938878168198 ], [ -58.34400000089726, -34.607938878172376 ], [ -58.34393358196656, -34.607990687260092 ], [ -58.343933581960762, -34.607990687264966 ], [ -58.343783391935915, -34.608127082914223 ], [ -58.343609886149686, -34.608275591320073 ], [ -58.34342753367509, -34.608363445918911 ], [ -58.343427533654541, -34.60836344593173 ], [ -58.343225887187984, -34.608523255195188 ], [ -58.343058397906603, -34.608651881597133 ], [ -58.34305839790099, -34.608651881601773 ], [ -58.342682924508082, -34.608985412438734 ], [ -58.342480925140059, -34.609148242558383 ], [ -58.342424118719272, -34.609179951440055 ], [ -58.342424118705566, -34.609179951449114 ], [ -58.342424118693799, -34.609179951459872 ], [ -58.342392916755486, -34.609213548925375 ], [ -58.34220449428048, -34.609354403685749 ], [ -58.342024549336877, -34.609464147751176 ], [ -58.342024549323547, -34.609464147760782 ], [ -58.341946790811264, -34.609530074238251 ], [ -58.341873886190989, -34.609577073867328 ], [ -58.341873886176678, -34.609577073878398 ], [ -58.341873886164997, -34.609577073891415 ], [ -58.341834145202753, -34.609630848219396 ], [ -58.341721255748922, -34.60974766168966 ], [ -58.341524189243046, -34.609833591345378 ], [ -58.341524189226149, -34.609833591354494 ], [ -58.34147011952777, -34.609869047023381 ], [ -58.341470119512394, -34.609869047035687 ], [ -58.341411988197237, -34.609925691914597 ], [ -58.341411988189975, -34.609925691922498 ], [ -58.341285195195439, -34.610081128686502 ], [ -58.341285195191276, -34.61008112869203 ], [ -58.341245524997618, -34.610138267900467 ], [ -58.3412455249874, -34.610138267920391 ], [ -58.341221771345708, -34.610206455511857 ], [ -58.341044620924606, -34.610433659547141 ], [ -58.341013714375578, -34.610456196520467 ], [ -58.341013714360479, -34.610456196533988 ], [ -58.341013714349003, -34.610456196549762 ], [ -58.341013714341649, -34.610456196567128 ], [ -58.341013714338722, -34.610456196585375 ], [ -58.341013066608149, -34.61047412876411 ], [ -58.340866074642705, -34.610662651266011 ], [ -58.340866074632984, -34.610662651281622 ], [ -58.340866074627122, -34.610662651298504 ], [ -58.340817847240245, -34.610878911272032 ], [ -58.34081784723994, -34.61087891127346 ], [ -58.340797507627691, -34.610979062062569 ], [ -58.340742335223432, -34.611227047708262 ], [ -58.340707546177732, -34.611345070836329 ], [ -58.340551012673338, -34.611863653614535 ], [ -58.340424971500205, -34.612242744184627 ], [ -58.340338115189638, -34.612457307284622 ], [ -58.340338115185503, -34.612457307298293 ], [ -58.340277093303747, -34.612757757522949 ], [ -58.340172663856762, -34.613151178703333 ], [ -58.340172663856073, -34.613151178706133 ], [ -58.340056830559583, -34.613664566309019 ], [ -58.339981525515199, -34.613869601043987 ], [ -58.339981525510822, -34.613869601063193 ], [ -58.339940493467601, -34.614306017048712 ], [ -58.339940493467275, -34.614306017056435 ], [ -58.339943007935254, -34.614556445666288 ], [ -58.339864656913434, -34.614868802925358 ], [ -58.339864656911423, -34.614868802937302 ], [ -58.339849979118249, -34.615040508500016 ], [ -58.339849979117972, -34.615040508506368 ], [ -58.339849955102963, -34.615662115608984 ], [ -58.339849955103091, -34.615662115613453 ], [ -58.339875901984101, -34.616094020897087 ], [ -58.339875901987519, -34.616094020915448 ], [ -58.33987590199542, -34.616094020932827 ], [ -58.339970601454347, -34.616251088062121 ], [ -58.339985255388406, -34.616275391618672 ], [ -58.339985255405466, -34.616275391639228 ], [ -58.340140827881328, -34.616416264854777 ], [ -58.340140827883054, -34.616416264856298 ], [ -58.340449109724979, -34.616682742266029 ], [ -58.340449109729079, -34.616682742269397 ], [ -58.340449814362302, -34.61668329014045 ], [ -58.340670412031912, -34.616854686190472 ], [ -58.340672140273959, -34.616856118478999 ], [ -58.340717088777723, -34.616893369731251 ], [ -58.340717088792303, -34.616893369741383 ], [ -58.340717088808802, -34.616893369749263 ], [ -58.340717088826693, -34.616893369754656 ], [ -58.340872819872885, -34.61692787021056 ], [ -58.340872819874896, -34.616927870210986 ], [ -58.340992215320206, -34.616952317473732 ], [ -58.341087383592701, -34.616973878345334 ], [ -58.34108738360743, -34.616973878347778 ], [ -58.341194682321948, -34.61698543381587 ], [ -58.341194682345602, -34.616985433816275 ], [ -58.341291070082164, -34.616978412648436 ], [ -58.34140460320063, -34.616980357826613 ], [ -58.341560374390035, -34.616987668838505 ], [ -58.341560374404025, -34.616987668838412 ], [ -58.341737807070672, -34.61697711257419 ], [ -58.341921934817165, -34.616981939121963 ], [ -58.341921934831227, -34.61698193912158 ], [ -58.342109965632126, -34.616966750551107 ], [ -58.342294037264494, -34.616960650379689 ], [ -58.342659170320701, -34.617012332509304 ], [ -58.342659170324978, -34.617012332509837 ], [ -58.34280656421268, -34.617028258423282 ], [ -58.342886168741117, -34.617060268891088 ], [ -58.34288616874462, -34.61706026889243 ], [ -58.343002372456688, -34.617102874635222 ], [ -58.343002372475063, -34.617102874640395 ], [ -58.343002372494261, -34.617102874642796 ], [ -58.343161279916323, -34.617110890711466 ], [ -58.343363170678693, -34.617144479734144 ], [ -58.34406969595981, -34.617326433281569 ], [ -58.344069695961103, -34.617326433281896 ], [ -58.34457667157416, -34.617451335289161 ], [ -58.344649346252979, -34.617470098723814 ], [ -58.344649346262656, -34.617470098725924 ], [ -58.3447237963573, -34.617483273241355 ], [ -58.344723796367177, -34.617483273242726 ], [ -58.344799393990414, -34.61749074554826 ], [ -58.344799394000397, -34.617490745548864 ], [ -58.344875502457981, -34.617492454629009 ], [ -58.344956531987464, -34.617506172630407 ], [ -58.345026022222861, -34.617540859017581 ], [ -58.345026022242301, -34.617540859025233 ], [ -58.345026022263205, -34.617540859029575 ], [ -58.345026022284721, -34.617540859030434 ], [ -58.345026022306016, -34.617540859027791 ], [ -58.345099820751898, -34.617525382881105 ], [ -58.345198963547851, -34.617540271186584 ], [ -58.345198963568507, -34.617540271188027 ], [ -58.345198963589148, -34.617540271186208 ], [ -58.345198963608979, -34.617540271181198 ], [ -58.345198963627311, -34.617540271173169 ], [ -58.345198963643469, -34.617540271162419 ], [ -58.345250133740741, -34.61749900956994 ], [ -58.345318705203354, -34.617490343862542 ], [ -58.345318705221381, -34.617490343858933 ], [ -58.345378492029269, -34.617473854313445 ], [ -58.345487139716703, -34.617446772484257 ], [ -58.345487139737216, -34.617446772477201 ], [ -58.345581326895008, -34.61740453997632 ], [ -58.345652731228405, -34.617401837897198 ], [ -58.345717080612118, -34.617424237097232 ], [ -58.345717080623125, -34.617424237100494 ], [ -58.345783960217219, -34.617440812839547 ], [ -58.345783960240823, -34.6174408128431 ], [ -58.345783960264804, -34.617440812842318 ], [ -58.345783960287996, -34.617440812837216 ], [ -58.345880109150585, -34.617409945283214 ], [ -58.345949724045369, -34.617414371530309 ], [ -58.345949724057057, -34.617414371530529 ], [ -58.346019512325981, -34.617412611466165 ], [ -58.34601951233762, -34.617412611465348 ], [ -58.346088671412481, -34.617404685951954 ], [ -58.346140746994337, -34.617408483174003 ], [ -58.346140747022872, -34.617408483172973 ], [ -58.346843794206315, -34.617305928513289 ], [ -58.347296555454783, -34.617303373482699 ], [ -58.347296555482863, -34.617303373479494 ], [ -58.347422172006908, -34.61727491426808 ], [ -58.347422172024658, -34.617274914262659 ], [ -58.347498125465442, -34.617245262085355 ], [ -58.34749812548236, -34.617245262077127 ], [ -58.347498125497218, -34.617245262066533 ], [ -58.347536789821127, -34.617212241926772 ], [ -58.347609035103801, -34.617182463575062 ], [ -58.347609035123469, -34.617182463564632 ], [ -58.347609035139996, -34.617182463550989 ], [ -58.347609035152644, -34.617182463534753 ], [ -58.347609035160801, -34.617182463516663 ], [ -58.347609035164119, -34.617182463497535 ], [ -58.347609779193689, -34.617164868546546 ], [ -58.347642503211276, -34.617147613086246 ], [ -58.347723325493504, -34.617114300215157 ], [ -58.347723325519247, -34.617114300200399 ], [ -58.347812851222344, -34.617045219093463 ], [ -58.347922531102085, -34.617004777953056 ], [ -58.347931056043649, -34.617005792897018 ], [ -58.34800329265682, -34.617014394925924 ], [ -58.348003292677852, -34.61701439492672 ], [ -58.348003292698685, -34.617014394924183 ], [ -58.348007384779386, -34.617013553260257 ], [ -58.348118719444962, -34.616990653306843 ], [ -58.348118719447712, -34.616990653306246 ], [ -58.348222606099618, -34.616966901595653 ], [ -58.348222606115392, -34.616966901590935 ], [ -58.348222606130115, -34.61696690158427 ], [ -58.348297667848705, -34.616926427439438 ], [ -58.348395767891454, -34.616914594105054 ], [ -58.348402226172084, -34.616915182503476 ], [ -58.348536352445578, -34.616927408505617 ], [ -58.348536352471392, -34.616927408505425 ], [ -58.348536352496431, -34.61692740850021 ], [ -58.348538846071037, -34.616926621202687 ], [ -58.348568855126778, -34.616917142164283 ], [ -58.348652521352548, -34.616912450511805 ], [ -58.34865495316366, -34.616912955785679 ], [ -58.348744809833548, -34.616931617546939 ], [ -58.348744809851631, -34.616931617549376 ], [ -58.348857307623156, -34.616938878602149 ], [ -58.348857307644998, -34.616938878601751 ], [ -58.348857307666307, -34.61693887859775 ], [ -58.348857307686217, -34.616938878590325 ], [ -58.348857307703938, -34.616938878579766 ], [ -58.34885730771876, -34.616938878566501 ], [ -58.348857930144341, -34.616938194973159 ], [ -58.348917981162181, -34.616872154742467 ], [ -58.349070938535931, -34.616826982835683 ], [ -58.34907433384538, -34.616829313446765 ], [ -58.34914965048646, -34.61688100191482 ], [ -58.349150729646084, -34.616881988171151 ], [ -58.349235332495233, -34.616959344179499 ], [ -58.349235332510659, -34.616959344191123 ], [ -58.349235332528465, -34.616959344200119 ], [ -58.349235332548034, -34.616959344206144 ], [ -58.349235546188133, -34.616959391279693 ], [ -58.349590212485175, -34.617037937627671 ], [ -58.349749871018417, -34.617101674256809 ], [ -58.349749871034312, -34.617101674261932 ], [ -58.349749871050975, -34.61710167426493 ], [ -58.349814941701339, -34.617109071461769 ], [ -58.349816492383994, -34.61711048360128 ], [ -58.349859764144938, -34.617149903249974 ], [ -58.34985976415868, -34.617149903260511 ], [ -58.34985976417439, -34.617149903268938 ], [ -58.349859764191628, -34.617149903275028 ], [ -58.34985976420986, -34.617149903278573 ], [ -58.349859944084884, -34.617149925079907 ], [ -58.349947992414755, -34.617160555329065 ], [ -58.349983468096013, -34.61717770802985 ], [ -58.350051448190882, -34.617221793765616 ], [ -58.350051448209356, -34.617221793775293 ], [ -58.350051448229792, -34.617221793781724 ], [ -58.350051448251364, -34.617221793784658 ], [ -58.350051448273213, -34.617221793783976 ], [ -58.350060989082756, -34.617220695697625 ], [ -58.350220094463516, -34.617202384022313 ], [ -58.35022209809302, -34.617203458550236 ], [ -58.350270347239139, -34.617229333407117 ], [ -58.350270356359644, -34.61722984357079 ], [ -58.35027310085318, -34.617380969054217 ], [ -58.350273100855382, -34.617380969070936 ], [ -58.350273100861301, -34.617380969087009 ], [ -58.350273100870716, -34.617380969101909 ], [ -58.350301475771445, -34.617417147708728 ], [ -58.350349882631356, -34.617478867642028 ], [ -58.350349882642689, -34.617478867654086 ], [ -58.350349882656317, -34.617478867664403 ], [ -58.350351090796835, -34.617479636792176 ], [ -58.350515401435693, -34.617584185766013 ], [ -58.35051572670578, -34.617584725096883 ], [ -58.350586241024075, -34.617701643921222 ], [ -58.350562386769944, -34.617841026331135 ], [ -58.350562386769013, -34.617841026348415 ], [ -58.350562386772097, -34.617841026365532 ], [ -58.350606561973265, -34.617987809210291 ], [ -58.350606561978381, -34.617987809223081 ], [ -58.350606561985728, -34.61798780923511 ], [ -58.350674477005548, -34.618080808270527 ], [ -58.350674477017442, -34.618080808283878 ], [ -58.350674477032086, -34.61808080829519 ], [ -58.350675760346093, -34.618081630672812 ], [ -58.350814608650161, -34.618170624095363 ], [ -58.350357869139295, -34.618134320232052 ], [ -58.350357869114781, -34.618134320232393 ], [ -58.350357869090978, -34.618134320237253 ], [ -58.350357869069079, -34.618134320246376 ], [ -58.350150637406863, -34.618246629807551 ], [ -58.35005007640072, -34.618231862301712 ], [ -58.349925924862127, -34.618160822435897 ], [ -58.349925924841514, -34.618160822426638 ], [ -58.349925924818997, -34.618160822421252 ], [ -58.349925924795613, -34.618160822419945 ], [ -58.349925924772421, -34.618160822422816 ], [ -58.349925924750515, -34.618160822429722 ], [ -58.349798646605571, -34.618214508883035 ], [ -58.349798646586486, -34.618214508893296 ], [ -58.349798646570392, -34.618214508906597 ], [ -58.349798646557986, -34.618214508922378 ], [ -58.349798646549822, -34.618214508939936 ], [ -58.349798646546247, -34.61821450895853 ], [ -58.349798646547406, -34.618214508977331 ], [ -58.349798646553268, -34.6182145089955 ], [ -58.349846193894159, -34.618317400639164 ], [ -58.349866486563585, -34.618361314113578 ], [ -58.349866486573916, -34.618361314130411 ], [ -58.349866486588276, -34.618361314145091 ], [ -58.34986821611141, -34.618362746305408 ], [ -58.349916721166167, -34.618402936998656 ], [ -58.349916721177827, -34.618402937007041 ], [ -58.349987660351793, -34.618447025524482 ], [ -58.349987660366978, -34.618447025532369 ], [ -58.349987660383498, -34.61844702553811 ], [ -58.350105948160198, -34.618478929288493 ], [ -58.350106116872034, -34.618479940781384 ], [ -58.350111335282143, -34.618511264528252 ], [ -58.35012062028035, -34.618566987995536 ], [ -58.349976765572315, -34.618640381367207 ], [ -58.349976765555482, -34.618640381377787 ], [ -58.349976765541435, -34.618640381390854 ], [ -58.349976765530698, -34.618640381405925 ], [ -58.349976765523692, -34.618640381422416 ], [ -58.349976765520658, -34.618640381439711 ], [ -58.349972502999634, -34.61871603718761 ], [ -58.3499725030007, -34.618716037205054 ], [ -58.349972503005816, -34.618716037222015 ], [ -58.349972503014797, -34.618716037237832 ], [ -58.349972503027296, -34.618716037251922 ], [ -58.349972503042849, -34.618716037263738 ], [ -58.349972503060869, -34.618716037272868 ], [ -58.349972503080686, -34.618716037278944 ], [ -58.350253458043539, -34.618777440310872 ], [ -58.350253458043539, -34.618777440310872 ], [ -58.350253458063428, -34.618777440313607 ], [ -58.350253458083593, -34.618777440313288 ], [ -58.350253458103339, -34.618777440309906 ], [ -58.350253458121983, -34.618777440303575 ], [ -58.350253458138909, -34.618777440294501 ], [ -58.350253458153524, -34.618777440283019 ], [ -58.350253458165334, -34.618777440269518 ], [ -58.350254968994591, -34.618775322433365 ], [ -58.350342375182073, -34.618652792414139 ], [ -58.350413387591324, -34.618643075954566 ], [ -58.350413387609748, -34.618643075950658 ], [ -58.350413387627064, -34.618643075944156 ], [ -58.35041338764276, -34.618643075935282 ], [ -58.350413387656346, -34.618643075924261 ], [ -58.350534836881067, -34.618525794677211 ], [ -58.350544779085489, -34.618527068550442 ], [ -58.350727092007233, -34.618550429518855 ], [ -58.350691490112389, -34.618626212177411 ], [ -58.350549415697408, -34.618682332186431 ], [ -58.350549415680561, -34.618682332194709 ], [ -58.350549415665768, -34.618682332205339 ], [ -58.350549415653518, -34.618682332217993 ], [ -58.350516620311815, -34.618723257873967 ], [ -58.350401618138491, -34.618840435127126 ], [ -58.350401618125375, -34.618840435144058 ], [ -58.350401618117118, -34.618840435162973 ], [ -58.350374535568001, -34.618934076547994 ], [ -58.35037453556513, -34.618934076564777 ], [ -58.350374535566118, -34.618934076581716 ], [ -58.350374535570921, -34.618934076598208 ], [ -58.350374535579377, -34.618934076613662 ], [ -58.350374535591186, -34.618934076627546 ], [ -58.350438877191358, -34.618996275491433 ], [ -58.350445442354854, -34.619002622146503 ], [ -58.350445442373044, -34.619002622160487 ], [ -58.350445442394594, -34.61900262217069 ], [ -58.35044544241839, -34.619002622176616 ], [ -58.350445734574627, -34.619002665714994 ], [ -58.350572634840248, -34.619021763318074 ], [ -58.350573923949348, -34.619023129230619 ], [ -58.35059043335275, -34.619040634718296 ], [ -58.350670108214096, -34.619125113559974 ], [ -58.350681881289127, -34.619169147008968 ], [ -58.350681881295387, -34.619169147025033 ], [ -58.350681881305142, -34.619169147039848 ], [ -58.350681881318067, -34.619169147052894 ], [ -58.35068188133372, -34.619169147063737 ], [ -58.350681881351527, -34.619169147071965 ], [ -58.350681881370889, -34.619169147077315 ], [ -58.350681881391118, -34.619169147079582 ], [ -58.350829790374775, -34.619174175536322 ], [ -58.35103712635523, -34.619191945087053 ], [ -58.351151617210483, -34.619209793023984 ], [ -58.351223144064456, -34.619223215073021 ], [ -58.351250746807878, -34.619291928506058 ], [ -58.351264537950108, -34.619333917547941 ], [ -58.351264537950144, -34.619333917548062 ], [ -58.351270165267174, -34.619350954014216 ], [ -58.351229822464163, -34.619351477639256 ], [ -58.351229822445049, -34.619351477640897 ], [ -58.35120028037889, -34.619356228018084 ], [ -58.351200280357759, -34.619356228023364 ], [ -58.351154664709817, -34.619371944703929 ], [ -58.350872985305379, -34.619468994509205 ], [ -58.350872190061843, -34.619469268709082 ], [ -58.350872190042438, -34.619469268717765 ], [ -58.350872190025555, -34.619469268729517 ], [ -58.35087219001187, -34.619469268743813 ], [ -58.350872190001958, -34.619469268760106 ], [ -58.35087218999621, -34.619469268777728 ], [ -58.350872189994874, -34.619469268795925 ], [ -58.350879221444352, -34.619612615260593 ], [ -58.350775716257743, -34.619670186275194 ], [ -58.350775594139392, -34.619670253717203 ], [ -58.35068668865847, -34.619552760137481 ], [ -58.350686652741174, -34.619552712329273 ], [ -58.350686652727745, -34.619552712314857 ], [ -58.350686652711076, -34.619552712302983 ], [ -58.350686652691877, -34.619552712294116 ], [ -58.350686652670916, -34.619552712288602 ], [ -58.350686652649031, -34.619552712286684 ], [ -58.350686652627125, -34.619552712288431 ], [ -58.350686652606107, -34.619552712293796 ], [ -58.350172748819951, -34.619732272700901 ], [ -58.350163841778887, -34.619735385147735 ], [ -58.349740376307949, -34.619774047454747 ], [ -58.349577063880695, -34.61978895802784 ], [ -58.349576931955319, -34.619788969621098 ], [ -58.349072007052577, -34.619642068688648 ], [ -58.348311599043925, -34.619043687402389 ], [ -58.348311599029088, -34.619043687392612 ], [ -58.348311599012433, -34.619043687385101 ], [ -58.348311598994457, -34.619043687380092 ], [ -58.347843220454607, -34.61894975251289 ], [ -58.347843220432701, -34.618949752510403 ], [ -58.347294292283941, -34.618933964414225 ], [ -58.347294292283621, -34.618933964414218 ], [ -58.347294150542709, -34.618933960673743 ], [ -58.347294150526196, -34.618933960674347 ], [ -58.347294150509988, -34.618933960677005 ], [ -58.346567617939264, -34.619101225415619 ], [ -58.346567515448911, -34.619101248746247 ], [ -58.346379653800362, -34.619038075890337 ], [ -58.345973535380573, -34.618852906805287 ], [ -58.345973535359391, -34.618852906797912 ], [ -58.345973535336803, -34.618852906794373 ], [ -58.345223937692111, -34.618802236829573 ], [ -58.345223937668827, -34.618802236830064 ], [ -58.34522393764621, -34.618802236834618 ], [ -58.344612079120139, -34.618984811411103 ], [ -58.34461207910168, -34.618984811418287 ], [ -58.344612079085167, -34.618984811428192 ], [ -58.344612079071176, -34.618984811440463 ], [ -58.344547359234362, -34.619053437481007 ], [ -58.344547359223206, -34.619053437495495 ], [ -58.344547359215575, -34.619053437511482 ], [ -58.344547359211759, -34.619053437528358 ], [ -58.344547359211873, -34.619053437545539 ], [ -58.34458158132388, -34.61933203995055 ], [ -58.344581581327297, -34.619332039965578 ], [ -58.34468040443776, -34.619625968907584 ], [ -58.34468040443776, -34.619625968907584 ], [ -58.344680404446322, -34.619625968925405 ], [ -58.344680404459247, -34.619625968941342 ], [ -58.344680404475966, -34.619625968954658 ], [ -58.344680404495698, -34.619625968964741 ], [ -58.345197093130153, -34.619830627233291 ], [ -58.345197093156706, -34.619830627240518 ], [ -58.34545091055849, -34.619870940775236 ], [ -58.345450910581796, -34.619870940776835 ], [ -58.345450910604988, -34.61987094077427 ], [ -58.345450910626973, -34.619870940767683 ], [ -58.345450910646768, -34.619870940757366 ], [ -58.345921738914285, -34.619562575807414 ], [ -58.345921738915891, -34.619562575806356 ], [ -58.346242070974, -34.619344508569263 ], [ -58.346242070988197, -34.619344508557631 ], [ -58.346242070999594, -34.61934450854406 ], [ -58.34633303438428, -34.61921153824872 ], [ -58.346337854884133, -34.619204492039039 ], [ -58.34656634267121, -34.619276102337921 ], [ -58.346898158077686, -34.619622450669041 ], [ -58.346902045006956, -34.6196265080535 ], [ -58.347155529794492, -34.619987907600944 ], [ -58.347103953349034, -34.620546393759582 ], [ -58.346971263223764, -34.62098721697371 ], [ -58.346584518406523, -34.621469791594926 ], [ -58.346457512408158, -34.621618244527063 ], [ -58.346457512398025, -34.621618244541608 ], [ -58.346457512391339, -34.621618244557474 ], [ -58.346457512388305, -34.62161824457408 ], [ -58.346457512389073, -34.621618244590863 ], [ -58.346516491296569, -34.62198895624028 ], [ -58.346467501998532, -34.622071472932824 ], [ -58.346467501998049, -34.622071472933655 ], [ -58.346380167616502, -34.622222461590482 ], [ -58.346380167616424, -34.622222461590631 ], [ -58.346320524710599, -34.622326047704632 ], [ -58.346320524708879, -34.622326047707759 ], [ -58.34628217217999, -34.622399790220207 ], [ -58.346201231340316, -34.622536731757144 ], [ -58.346184192518116, -34.622564822517774 ], [ -58.346095441301834, -34.622650218778482 ], [ -58.346095441301607, -34.622650218778716 ], [ -58.346066356606258, -34.622678393508565 ], [ -58.346066356592303, -34.622678393525753 ], [ -58.346066356583449, -34.622678393545115 ], [ -58.34602596643812, -34.622811295007587 ], [ -58.346025966434965, -34.622811295025038 ], [ -58.346025966435995, -34.622811295042652 ], [ -58.346041921484414, -34.622901045621781 ], [ -58.345937473212672, -34.622954042292946 ], [ -58.345937473212558, -34.62295404229301 ], [ -58.34593731948668, -34.622954120501348 ], [ -58.345924589165186, -34.622904451057273 ], [ -58.345941550389554, -34.622804566804341 ], [ -58.345961726828818, -34.622751410647773 ], [ -58.345961726833679, -34.622751410625419 ], [ -58.345964915375561, -34.622700138308723 ], [ -58.345964915374928, -34.622700138293375 ], [ -58.345964915371148, -34.622700138278333 ], [ -58.345951237281689, -34.6226622286013 ], [ -58.34595116520088, -34.62265069038903 ], [ -58.345951077888635, -34.622636803954151 ], [ -58.345951077885324, -34.622636803932586 ], [ -58.34595107787586, -34.622636803912293 ], [ -58.345937182759059, -34.62261520429869 ], [ -58.345938979765521, -34.622574910854425 ], [ -58.345945975475175, -34.622551892662742 ], [ -58.34594597547833, -34.622551892645134 ], [ -58.345945975477242, -34.622551892627357 ], [ -58.345945975471956, -34.622551892610097 ], [ -58.345937322616663, -34.6225321233999 ], [ -58.345933851032868, -34.622508707528631 ], [ -58.345933851026714, -34.622508707507905 ], [ -58.34592088273488, -34.622480169679456 ], [ -58.345928686747847, -34.622466968766368 ], [ -58.345946105072244, -34.622459789514821 ], [ -58.345946105089659, -34.622459789505854 ], [ -58.345946105104744, -34.622459789494343 ], [ -58.345946105116944, -34.622459789480708 ], [ -58.345946105125854, -34.62245978946541 ], [ -58.345946105131134, -34.622459789449024 ], [ -58.345946105132597, -34.622459789432099 ], [ -58.345944449941101, -34.622399345954328 ], [ -58.345978682568429, -34.622350090244382 ], [ -58.345978682578618, -34.622350090224543 ], [ -58.345978682582832, -34.622350090203277 ], [ -58.345980901743474, -34.622306559233742 ], [ -58.345980919695975, -34.622306199584955 ], [ -58.345980919694796, -34.622306199567461 ], [ -58.345980919689538, -34.622306199550501 ], [ -58.345980919680407, -34.622306199534677 ], [ -58.345980919667745, -34.622306199520636 ], [ -58.34598091965205, -34.62230619950887 ], [ -58.345979259318653, -34.622305180210574 ], [ -58.345969179657729, -34.62229899219367 ], [ -58.345969179638935, -34.622298992184398 ], [ -58.345969179618287, -34.622298992178408 ], [ -58.345969179596608, -34.622298992175956 ], [ -58.345956732121181, -34.622298625043889 ], [ -58.345956732120847, -34.622298625043882 ], [ -58.345956558780124, -34.622298620370721 ], [ -58.345943077017779, -34.622292491287226 ], [ -58.345943077001024, -34.622292491281058 ], [ -58.345943076983275, -34.622292491277314 ], [ -58.345930323990352, -34.622290722142907 ], [ -58.345930023138415, -34.622290680393597 ], [ -58.345912638783823, -34.622273753981517 ], [ -58.345912638766499, -34.622273753967995 ], [ -58.345912638746043, -34.622273753957884 ], [ -58.345912638723398, -34.622273753951703 ], [ -58.34591263869968, -34.622273753949734 ], [ -58.345871685067081, -34.622274072395989 ], [ -58.345871685066868, -34.622274072395989 ], [ -58.345871511861311, -34.622274074030329 ], [ -58.345878493280068, -34.622261128453658 ], [ -58.345878664387435, -34.622261135826555 ], [ -58.345889664749301, -34.622261608842543 ], [ -58.345897763736794, -34.622261957373709 ], [ -58.345897763755062, -34.622261957373226 ], [ -58.345897763772975, -34.62226195737022 ], [ -58.345899458827176, -34.622261548856166 ], [ -58.345908262377058, -34.622259426385703 ], [ -58.345908322271086, -34.622259453467983 ], [ -58.34591223211406, -34.622261233024894 ], [ -58.345932431889068, -34.622270422591917 ], [ -58.345932431905702, -34.622270422598071 ], [ -58.345932431923352, -34.622270422601815 ], [ -58.345932431941506, -34.622270422603094 ], [ -58.345939231656608, -34.622270429145217 ], [ -58.345939231677256, -34.622270429143619 ], [ -58.345939231697159, -34.622270429138801 ], [ -58.345939231715604, -34.622270429130957 ], [ -58.345941361762911, -34.622269299900033 ], [ -58.345948759077473, -34.622265378643192 ], [ -58.345960321485862, -34.622263141638378 ], [ -58.345960383575317, -34.622263163320767 ], [ -58.345964414977736, -34.622264570707152 ], [ -58.345973235204937, -34.622267651214308 ], [ -58.345974129888162, -34.622268792345984 ], [ -58.345982059210783, -34.622278902166208 ], [ -58.345986130772594, -34.622285089809658 ], [ -58.345986130784333, -34.622285089824025 ], [ -58.345986130799169, -34.622285089836247 ], [ -58.34598613081657, -34.62228508984591 ], [ -58.345994965128057, -34.622289033934685 ], [ -58.345994965145664, -34.622289033940966 ], [ -58.345994965164337, -34.62228903394459 ], [ -58.346009243724218, -34.622290733327048 ], [ -58.346009243746686, -34.622290733327787 ], [ -58.346009361518213, -34.622290727131109 ], [ -58.346009416041596, -34.622290724479292 ], [ -58.346009416042321, -34.622290724479257 ], [ -58.346017033057535, -34.622290311741885 ], [ -58.346019444112066, -34.622290181551449 ], [ -58.346019444131286, -34.622290181548983 ], [ -58.346019444149668, -34.622290181543718 ], [ -58.346019444166629, -34.622290181535845 ], [ -58.346030332848088, -34.622284008273304 ], [ -58.34603033286146, -34.622284008264373 ], [ -58.346030332872957, -34.622284008253821 ], [ -58.346039186151145, -34.622274459940243 ], [ -58.346048712687796, -34.622269971941549 ], [ -58.346062312089025, -34.622269985012437 ], [ -58.346062312108515, -34.622269985010988 ], [ -58.34606231212738, -34.62226998500671 ], [ -58.346062312145015, -34.62226998499969 ], [ -58.346062312160853, -34.622269984990204 ], [ -58.346067758774488, -34.622266055533032 ], [ -58.346067758791257, -34.622266055517798 ], [ -58.346067758803422, -34.622266055499828 ], [ -58.346067758810328, -34.622266055480033 ], [ -58.346069128021831, -34.622259310579949 ], [ -58.346069128023331, -34.622259310565127 ], [ -58.346069148575971, -34.622244694994436 ], [ -58.346071200562619, -34.622236265106643 ], [ -58.34607120056473, -34.622236265091161 ], [ -58.346071200563586, -34.622236265075614 ], [ -58.346071200559209, -34.622236265060465 ], [ -58.346069167542382, -34.622231203444713 ], [ -58.346069167531724, -34.622231203425812 ], [ -58.346069167516085, -34.622231203409434 ], [ -58.346064412378652, -34.622227264147831 ], [ -58.346064412360128, -34.622227264135525 ], [ -58.346064412338805, -34.622227264126806 ], [ -58.346064412315705, -34.622227264122138 ], [ -58.346048775166906, -34.622225562542503 ], [ -58.34603562366528, -34.62221565504894 ], [ -58.346033830837889, -34.622214304854467 ], [ -58.346048136679023, -34.622195768415303 ], [ -58.346060378957318, -34.622194655219779 ], [ -58.346060406166671, -34.622194668751547 ], [ -58.346062171375877, -34.622195546626848 ], [ -58.346077366340737, -34.622203104299466 ], [ -58.346077366361087, -34.622203104307353 ], [ -58.346077366382971, -34.622203104311623 ], [ -58.346077366405453, -34.622203104312092 ], [ -58.346077366427579, -34.622203104308738 ], [ -58.346077366448391, -34.622203104301697 ], [ -58.346077366467014, -34.622203104291287 ], [ -58.34607736648266, -34.622203104277943 ], [ -58.346077422175192, -34.622203045739312 ], [ -58.346081031264987, -34.622199257841238 ], [ -58.346084857665176, -34.622195241191577 ], [ -58.346084857675763, -34.622195241178169 ], [ -58.346084857683309, -34.622195241163411 ], [ -58.346084857687579, -34.622195241147807 ], [ -58.346084857688446, -34.622195241131791 ], [ -58.346084857685867, -34.622195241115925 ], [ -58.346081596720261, -34.622183314919987 ], [ -58.346081475220778, -34.622182870403925 ], [ -58.346081475214874, -34.622182870388727 ], [ -58.346081475205828, -34.62218287037463 ], [ -58.346081475193913, -34.622182870362074 ], [ -58.34608147517951, -34.622182870351466 ], [ -58.346064007945309, -34.622172129389675 ], [ -58.346063029627047, -34.622171528112553 ], [ -58.346048873264102, -34.62215585599693 ], [ -58.346048202348996, -34.622149110083612 ], [ -58.34605365892611, -34.622137309469352 ], [ -58.346053658931922, -34.622137309451411 ], [ -58.346053658933172, -34.622137309432865 ], [ -58.346053658929797, -34.622137309414498 ], [ -58.346053658921939, -34.622137309397104 ], [ -58.346053658909931, -34.622137309381394 ], [ -58.346048081043556, -34.622131453813999 ], [ -58.346044985614533, -34.622128205732018 ], [ -58.346043474376387, -34.622126618684256 ], [ -58.346043474361153, -34.622126618671217 ], [ -58.346043474343062, -34.622126618660943 ], [ -58.346043474322862, -34.622126618653873 ], [ -58.346043474301361, -34.622126618650299 ], [ -58.346043474279426, -34.622126618650356 ], [ -58.346043474257954, -34.622126618654022 ], [ -58.346043474237803, -34.622126618661191 ], [ -58.346043474219783, -34.622126618671544 ], [ -58.346030118865123, -34.622136072505199 ], [ -58.346012887219942, -34.622134631701051 ], [ -58.346012712818691, -34.622134617114135 ], [ -58.345989093598611, -34.622113074909656 ], [ -58.345995227076735, -34.622102962476447 ], [ -58.346017674398119, -34.622097924425319 ], [ -58.34601770265828, -34.622097956852571 ], [ -58.346018979589637, -34.622099451730406 ], [ -58.346029215739165, -34.622111427000675 ], [ -58.346029215754065, -34.62211142701473 ], [ -58.346029215772141, -34.622111427025963 ], [ -58.346029215792626, -34.622111427033857 ], [ -58.346029215814646, -34.622111427038085 ], [ -58.34602975984302, -34.622111483449032 ], [ -58.346040094191835, -34.622112562465823 ], [ -58.346040094214125, -34.622112562466249 ], [ -58.346040094236045, -34.622112562462924 ], [ -58.346040094256693, -34.622112562455968 ], [ -58.346040126988648, -34.622112548064827 ], [ -58.34604228948109, -34.62211160455557 ], [ -58.346051660648129, -34.622107513911786 ], [ -58.346051660665523, -34.622107513902336 ], [ -58.346051660680423, -34.622107513890334 ], [ -58.346051660692289, -34.622107513876209 ], [ -58.346051660700702, -34.622107513860477 ], [ -58.346051660705342, -34.622107513843723 ], [ -58.346054405748248, -34.622090090259491 ], [ -58.346054405748731, -34.622090090239922 ], [ -58.346054405744106, -34.62209009022073 ], [ -58.346054405734577, -34.622090090202803 ], [ -58.346054405720594, -34.622090090187015 ], [ -58.346039464533725, -34.622076584339482 ], [ -58.346046962773492, -34.622063661688202 ], [ -58.346063970181362, -34.622058619286435 ], [ -58.346063970199417, -34.622058619279478 ], [ -58.346063970215653, -34.622058619269929 ], [ -58.346063970229501, -34.622058619258091 ], [ -58.346063970240522, -34.62205861924437 ], [ -58.346063970248331, -34.622058619229215 ], [ -58.346063970252686, -34.622058619213142 ], [ -58.346067400926287, -34.622036698246113 ], [ -58.346089036222182, -34.622022946285753 ], [ -58.346089036236314, -34.622022946274996 ], [ -58.346089036247946, -34.622022946262383 ], [ -58.346089036256721, -34.622022946248258 ], [ -58.346096897568174, -34.622006969848371 ], [ -58.346096897574277, -34.622006969831276 ], [ -58.346096897576196, -34.622006969813505 ], [ -58.346096897573858, -34.622006969795791 ], [ -58.346096897567328, -34.622006969778781 ], [ -58.34609689755689, -34.622006969763184 ], [ -58.346096897542942, -34.622006969749584 ], [ -58.346096897526024, -34.622006969738521 ], [ -58.346096897506797, -34.622006969730435 ], [ -58.346078093460264, -34.622000904047994 ], [ -58.346061382756709, -34.621992679684453 ], [ -58.346020685374377, -34.621948144756679 ], [ -58.346020685359875, -34.621948144743691 ], [ -58.346020685342573, -34.621948144733288 ], [ -58.346020685323161, -34.62194814472587 ], [ -58.346020685302371, -34.621948144721742 ], [ -58.345978452458098, -34.621943295946998 ], [ -58.345941808517985, -34.621925604622831 ], [ -58.345941808492306, -34.621925604613843 ], [ -58.34592311321984, -34.62192129136703 ], [ -58.34592311321952, -34.621921291366959 ], [ -58.345923002035043, -34.621921266020252 ], [ -58.345923002015439, -34.621921266017338 ], [ -58.345923001995523, -34.621921266017438 ], [ -58.345923001975962, -34.621921266020507 ], [ -58.345923001957409, -34.62192126602649 ], [ -58.345910452965079, -34.62192643800897 ], [ -58.345910452947315, -34.621926438018136 ], [ -58.34591045293201, -34.621926438029945 ], [ -58.345910452919725, -34.62192643804395 ], [ -58.345901551872267, -34.621938957362666 ], [ -58.345884918465615, -34.621943237503935 ], [ -58.345884823603228, -34.621943261741677 ], [ -58.345862885975471, -34.621936328565042 ], [ -58.345839399220395, -34.621916001535887 ], [ -58.345836811728184, -34.62189742264124 ], [ -58.345836811724645, -34.621897422626617 ], [ -58.34583681171825, -34.621897422612676 ], [ -58.345836811709148, -34.621897422599794 ], [ -58.345823247948253, -34.621881425584647 ], [ -58.345823247930909, -34.621881425568652 ], [ -58.3458232479095, -34.621881425556502 ], [ -58.345811323004511, -34.621876267873446 ], [ -58.345811235826638, -34.621876229929946 ], [ -58.34581123580702, -34.621876229923323 ], [ -58.345811235786222, -34.621876229919977 ], [ -58.345811235765026, -34.621876229920012 ], [ -58.345811235744236, -34.621876229923437 ], [ -58.345811235724646, -34.621876229930116 ], [ -58.345795549420131, -34.62188312689846 ], [ -58.345795549402013, -34.621883126908465 ], [ -58.345795549386658, -34.62188312692124 ], [ -58.345786653175566, -34.621892191129128 ], [ -58.345786653164623, -34.621892191142571 ], [ -58.345786653156786, -34.62189219115745 ], [ -58.345786653152288, -34.621892191173231 ], [ -58.345786653151279, -34.621892191189431 ], [ -58.345786653153809, -34.621892191205504 ], [ -58.34579445009539, -34.621921142364087 ], [ -58.345794450102424, -34.621921142381552 ], [ -58.345794450113608, -34.621921142397476 ], [ -58.345794450128466, -34.621921142411189 ], [ -58.345794450146393, -34.621921142422124 ], [ -58.345812197158374, -34.621929804107467 ], [ -58.345812795620006, -34.621930684447214 ], [ -58.345826286317177, -34.621950549357976 ], [ -58.345825744060029, -34.621963941141622 ], [ -58.345808640985908, -34.621974199012314 ], [ -58.345808485072681, -34.621974292522509 ], [ -58.345804854838747, -34.621954416499619 ], [ -58.345804854832934, -34.621954416481216 ], [ -58.345804854822575, -34.621954416464227 ], [ -58.345804854808122, -34.621954416449412 ], [ -58.345789718188179, -34.621941873954356 ], [ -58.345789718170963, -34.621941873942745 ], [ -58.345789718151259, -34.621941873934254 ], [ -58.345789718129886, -34.621941873929238 ], [ -58.345789718107724, -34.621941873927916 ], [ -58.34578971808569, -34.621941873930339 ], [ -58.345789718064708, -34.6219418739364 ], [ -58.345789718045665, -34.621941873945843 ], [ -58.345779257497462, -34.621948344166441 ], [ -58.345779257483329, -34.621948344176886 ], [ -58.345779257471598, -34.621948344189192 ], [ -58.345779257462617, -34.621948344202998 ], [ -58.345779257456677, -34.621948344217877 ], [ -58.345771242780003, -34.621976386838035 ], [ -58.34577124277719, -34.621976386854683 ], [ -58.34577124277817, -34.621976386871474 ], [ -58.345771242782902, -34.621976386887823 ], [ -58.345771242791223, -34.621976386903157 ], [ -58.345771242802847, -34.621976386916955 ], [ -58.345771242817364, -34.621976386928729 ], [ -58.345790538679218, -34.62198934445788 ], [ -58.345790599295015, -34.621989656373117 ], [ -58.345792853053887, -34.622001321998319 ], [ -58.345792853059407, -34.622001322015649 ], [ -58.345792853068964, -34.622001322031707 ], [ -58.345801527263802, -34.622012853220099 ], [ -58.345801661131965, -34.622013030928528 ], [ -58.345801661152066, -34.622013030948253 ], [ -58.345803118590588, -34.622014102335839 ], [ -58.34581496760029, -34.622022816022373 ], [ -58.345815013115427, -34.622023010742652 ], [ -58.34581612623024, -34.622027773065824 ], [ -58.345806455963199, -34.622037535997443 ], [ -58.345806455948747, -34.622037536016435 ], [ -58.3457997780665, -34.622049367879725 ], [ -58.3457879935916, -34.622052897287134 ], [ -58.345787993570276, -34.622052897295795 ], [ -58.345787993551724, -34.622052897308059 ], [ -58.345787993536831, -34.622052897323371 ], [ -58.345787993526308, -34.622052897340971 ], [ -58.345783799558895, -34.62206239695611 ], [ -58.345783799553601, -34.622062396973114 ], [ -58.345783799552379, -34.622062396990621 ], [ -58.345785323083668, -34.62209393454453 ], [ -58.345769105968863, -34.622106879468738 ], [ -58.345755348908838, -34.622108889893006 ], [ -58.345755348908675, -34.62210888989302 ], [ -58.345755178903204, -34.622108914949386 ], [ -58.345757973812233, -34.622022137291552 ], [ -58.345757973811608, -34.622022137279245 ], [ -58.345749434357941, -34.621958356394344 ], [ -58.345749434356094, -34.621958356385058 ], [ -58.345739306422303, -34.621919943491299 ], [ -58.345736917063228, -34.621910881932337 ], [ -58.345715615686153, -34.62183008799029 ], [ -58.345715615681186, -34.621830087976697 ], [ -58.345670099117292, -34.621733704986191 ], [ -58.345670099110585, -34.621733704974545 ], [ -58.345618112752788, -34.621657841025183 ], [ -58.345618112742713, -34.621657841012954 ], [ -58.345485199776689, -34.621521923924135 ], [ -58.345484317837027, -34.621521021653784 ], [ -58.345484317818084, -34.621521021638593 ], [ -58.345431961214572, -34.621488216213514 ], [ -58.345377955267473, -34.621454377047137 ], [ -58.345377955255707, -34.621454377040713 ], [ -58.345297517711735, -34.621416377477708 ], [ -58.345297517706243, -34.621416377475278 ], [ -58.345175553792636, -34.621366174813247 ], [ -58.345175553775483, -34.621366174807626 ], [ -58.345047467712007, -34.621334266689516 ], [ -58.345039771215681, -34.621332349122326 ], [ -58.345039771192155, -34.621332349118745 ], [ -58.345034750394341, -34.621332045881658 ], [ -58.344944523227674, -34.621326597637236 ], [ -58.344944523219176, -34.621326597636994 ], [ -58.344805177602865, -34.621327178086176 ], [ -58.344805177586679, -34.621327178087249 ], [ -58.344709184288455, -34.621339494634014 ], [ -58.344708668441619, -34.621339560837505 ], [ -58.344708668434123, -34.621339560838692 ], [ -58.344707811160951, -34.621339722260608 ], [ -58.344604336338719, -34.621359180602198 ], [ -58.344604336320714, -34.621359180606987 ], [ -58.344522073978887, -34.621387720576777 ], [ -58.344522073969934, -34.621387720580287 ], [ -58.34434181056595, -34.621466889592462 ], [ -58.344340942073082, -34.621467270946987 ], [ -58.344340942050025, -34.621467270960551 ], [ -58.34426035801598, -34.621529133327464 ], [ -58.344260358013152, -34.621529133329702 ], [ -58.344196493937339, -34.621581804879369 ], [ -58.344196493921665, -34.621581804895683 ], [ -58.344116013661093, -34.621689147438765 ], [ -58.344116013660177, -34.621689147440009 ], [ -58.344114110436557, -34.621691779525484 ], [ -58.344068895327837, -34.621754330504771 ], [ -58.344062920042148, -34.621696369154016 ], [ -58.344068098930464, -34.621679158037757 ], [ -58.344068098933484, -34.621679158021522 ], [ -58.344069903362026, -34.621654877382923 ], [ -58.344091623837322, -34.62159622708986 ], [ -58.344091623841187, -34.621596227075102 ], [ -58.344091623842012, -34.621596227060003 ], [ -58.344088265197641, -34.621523957993965 ], [ -58.344114259152782, -34.621503949422532 ], [ -58.344137624113621, -34.621506119423287 ], [ -58.344137624133126, -34.621506119423643 ], [ -58.344137624152403, -34.62150611942112 ], [ -58.34413762417082, -34.621506119415805 ], [ -58.344137624187795, -34.621506119407854 ], [ -58.344168537952861, -34.621488453853935 ], [ -58.344168537972187, -34.621488453839824 ], [ -58.34416853798696, -34.62148845382238 ], [ -58.344224321860437, -34.621402456165448 ], [ -58.344224321868374, -34.621402456149838 ], [ -58.344224321872652, -34.621402456133289 ], [ -58.344233805050877, -34.621335212351099 ], [ -58.344237437930722, -34.621309453360197 ], [ -58.344270364308265, -34.621211697805542 ], [ -58.344270364308265, -34.621211697805542 ], [ -58.344270364312244, -34.621211697780289 ], [ -58.344268882721458, -34.621108428013656 ], [ -58.344268882718374, -34.621108427993448 ], [ -58.34425481425712, -34.621060557956227 ], [ -58.344250830776517, -34.621021834539143 ], [ -58.344250830772097, -34.621021834520327 ], [ -58.344229145794806, -34.620963442023474 ], [ -58.344246631786859, -34.620931676902174 ], [ -58.344246631793162, -34.620931676887459 ], [ -58.344246631796302, -34.620931676872068 ], [ -58.344246631796189, -34.620931676856465 ], [ -58.344246631792807, -34.620931676841103 ], [ -58.34423557084223, -34.620898172032362 ], [ -58.344234435214602, -34.620894733814545 ], [ -58.344231981571916, -34.620887301030344 ], [ -58.344223161864058, -34.620841238091593 ], [ -58.344274514332845, -34.620800766766727 ], [ -58.344274514346189, -34.620800766754037 ], [ -58.344274514356457, -34.620800766739528 ], [ -58.344274514363285, -34.620800766723683 ], [ -58.344274514366425, -34.62080076670707 ], [ -58.344274514365793, -34.620800766690259 ], [ -58.344269458960106, -34.620767455298356 ], [ -58.344294484588211, -34.620755709920793 ], [ -58.3442944846065, -34.620755709910007 ], [ -58.344294484621742, -34.620755709896343 ], [ -58.344294484633259, -34.62075570988037 ], [ -58.344294484640571, -34.62075570986282 ], [ -58.344301522783084, -34.620730676218869 ], [ -58.344301522784242, -34.620730676214222 ], [ -58.344340070888819, -34.620551120559838 ], [ -58.34434934800472, -34.620519647560215 ], [ -58.344349348007597, -34.620519647544754 ], [ -58.344349348007192, -34.620519647529115 ], [ -58.344339223418118, -34.620442783596658 ], [ -58.344335648636836, -34.620415648307933 ], [ -58.344335648635997, -34.620415648302931 ], [ -58.344308531809503, -34.620280644317873 ], [ -58.344301371086544, -34.620176159296882 ], [ -58.344301371080256, -34.620176159271431 ], [ -58.344276926524607, -34.620120073485424 ], [ -58.344276926511107, -34.620120073464008 ], [ -58.344211136810941, -34.620043009183092 ], [ -58.344206915606897, -34.61996847307784 ], [ -58.344206915600971, -34.61996847305246 ], [ -58.344197588649479, -34.619946297156673 ], [ -58.34419758864901, -34.619946297155579 ], [ -58.344134125775447, -34.619801485351196 ], [ -58.344102498437124, -34.61965670552344 ], [ -58.344102498435632, -34.619656705517706 ], [ -58.344051804143177, -34.619488220450194 ], [ -58.344051804133301, -34.619488220429112 ], [ -58.344010509874153, -34.619425016733622 ], [ -58.344010509859579, -34.619425016716448 ], [ -58.343923255016044, -34.619344149815142 ], [ -58.343852005476471, -34.619230725752701 ], [ -58.343851617103603, -34.619230107900449 ], [ -58.343851617089676, -34.619230107883389 ], [ -58.343851617071429, -34.619230107869392 ], [ -58.343708486177597, -34.619143117728868 ], [ -58.343611450139747, -34.619075296257989 ], [ -58.343480879843284, -34.618971421073802 ], [ -58.343479154722971, -34.618970049247046 ], [ -58.343463675138096, -34.618745368922298 ], [ -58.343463654852876, -34.618745068729901 ], [ -58.343463654849224, -34.61874506871127 ], [ -58.343463654840953, -34.618745068693684 ], [ -58.34346365482844, -34.618745068677889 ], [ -58.343463654812219, -34.618745068664609 ], [ -58.343409613955259, -34.618709240951155 ], [ -58.343409613938469, -34.618709240941989 ], [ -58.34330150022096, -34.618661434253539 ], [ -58.343301500193832, -34.618661434245148 ], [ -58.343063560995617, -34.618616480564832 ], [ -58.342859884852921, -34.618566491573738 ], [ -58.342859884841779, -34.618566491571507 ], [ -58.3426586116477, -34.618535633628419 ], [ -58.342658611640687, -34.618535633627523 ], [ -58.342478509369357, -34.618517936306894 ], [ -58.342478509368121, -34.61851793630678 ], [ -58.342322554980427, -34.618504101813386 ], [ -58.34232255497097, -34.618504101812896 ], [ -58.34218767550356, -34.618501865870797 ], [ -58.342111398572683, -34.618492444208258 ], [ -58.342111398561833, -34.618492444207376 ], [ -58.342048352804198, -34.618489921587702 ], [ -58.342048352787074, -34.618489921588143 ], [ -58.342000616487226, -34.618494241506319 ], [ -58.341832211351083, -34.61849101542559 ], [ -58.341562040295329, -34.618477606130163 ], [ -58.341562040276884, -34.61847760613054 ], [ -58.34141897952032, -34.618490603267659 ], [ -58.341418979516398, -34.618490603268079 ], [ -58.341159630992379, -34.618522082840805 ], [ -58.34115963097593, -34.618522082843874 ], [ -58.341095739767198, -34.618538458035403 ], [ -58.341042750633292, -34.618550585814873 ], [ -58.340979561017328, -34.618557677032577 ], [ -58.340901658262595, -34.618565470085102 ], [ -58.340901658253067, -34.618565470086409 ], [ -58.340694757900614, -34.618601752661299 ], [ -58.340694757891974, -34.618601752663132 ], [ -58.340562293133459, -34.618634532068747 ], [ -58.340562293111653, -34.618634532076371 ], [ -58.340532847858697, -34.618648097640175 ], [ -58.340493894314257, -34.618653066713819 ], [ -58.340493894292337, -34.618653066718601 ], [ -58.340393454007248, -34.61868444760988 ], [ -58.340375025881791, -34.618677889264468 ], [ -58.340184445290539, -34.618581340801349 ], [ -58.340184445272186, -34.618581340793902 ], [ -58.339903789479514, -34.61849345913609 ], [ -58.339903789458745, -34.618493459131457 ], [ -58.339835450451574, -34.618484089145291 ], [ -58.339835450436887, -34.618484089144118 ], [ -58.339741983610352, -34.618481847332717 ], [ -58.33974198360356, -34.618481847332731 ], [ -58.339176339809278, -34.618497434653676 ], [ -58.339176339782874, -34.618497434657101 ], [ -58.338785299388526, -34.61859005177206 ], [ -58.338718753433206, -34.618599345066229 ], [ -58.338718753420189, -34.618599345068731 ], [ -58.33865408161752, -34.618615295418394 ], [ -58.338654081604972, -34.618615295422202 ], [ -58.338592254715884, -34.618637664044385 ], [ -58.338592254703997, -34.618637664049423 ], [ -58.338534200016639, -34.618666115667487 ], [ -58.338534200011004, -34.618666115670443 ], [ -58.338190608153127, -34.618858949570729 ], [ -58.33819060814956, -34.618858949572811 ], [ -58.338144101164829, -34.618887365071039 ], [ -58.338144101152515, -34.618887365079814 ], [ -58.338103219890286, -34.618921179523049 ], [ -58.338103219879685, -34.618921179533238 ], [ -58.338068872641948, -34.618959642076142 ], [ -58.338068872633293, -34.618959642087518 ], [ -58.338041820686449, -34.619001897169255 ], [ -58.338041820682911, -34.619001897175323 ], [ -58.337816156388101, -34.619428581724542 ], [ -58.337646984009119, -34.619696721198387 ], [ -58.337646984000884, -34.61969672121549 ], [ -58.337583235650513, -34.61988268672269 ], [ -58.337556849237437, -34.61992286549814 ], [ -58.337556849232975, -34.619922865505778 ], [ -58.337535148546721, -34.619964916854492 ], [ -58.337535148543132, -34.619964916862436 ], [ -58.337518324970965, -34.62000846868947 ], [ -58.337518324968308, -34.620008468697662 ], [ -58.33750652738901, -34.620053135351341 ], [ -58.337506527386559, -34.620053135373517 ], [ -58.337511397990134, -34.620176044322172 ], [ -58.337449440544518, -34.620608262942405 ], [ -58.337449440544191, -34.620608262945055 ], [ -58.337416520798307, -34.620915299017859 ], [ -58.337354200520785, -34.621060100757596 ], [ -58.337354200518433, -34.621060100763778 ], [ -58.337343135531206, -34.621093159675532 ], [ -58.337326405250295, -34.621124548711464 ], [ -58.337304360675788, -34.621153608402771 ], [ -58.337064498563066, -34.621424058201946 ], [ -58.337033108883233, -34.621453322714423 ], [ -58.337033108872099, -34.621453322726801 ], [ -58.337008215096219, -34.621486583637775 ], [ -58.337008215087785, -34.621486583651539 ], [ -58.336990548168451, -34.621522867285243 ], [ -58.33699054816298, -34.621522867299994 ], [ -58.336980625473913, -34.621561109620053 ], [ -58.33698062547235, -34.62156110962767 ], [ -58.336967275331297, -34.621648512655923 ], [ -58.33694973390174, -34.621702686858924 ], [ -58.336949733900191, -34.621702686864396 ], [ -58.336936307463652, -34.621757659482668 ], [ -58.336936307462523, -34.621757659488217 ], [ -58.336927049781671, -34.621813216936722 ], [ -58.336927049780869, -34.621813216943359 ], [ -58.336921185402531, -34.621890345243642 ], [ -58.336921185402353, -34.62189034525138 ], [ -58.3369233461151, -34.621967605358932 ], [ -58.336923346115711, -34.621967605366649 ], [ -58.336933518631646, -34.62204442666944 ], [ -58.336933518633074, -34.622044426677093 ], [ -58.336951626414113, -34.622120243003145 ], [ -58.336951626416329, -34.62212024301067 ], [ -58.336977535119956, -34.622194496239388 ], [ -58.336977535122934, -34.622194496246728 ], [ -58.337011055871159, -34.622266637213933 ], [ -58.337011055874903, -34.622266637221017 ], [ -58.337051939788026, -34.62233613472749 ], [ -58.337051939792474, -34.622336134734304 ], [ -58.337099885619814, -34.622402476455477 ], [ -58.337099885624959, -34.62240247646195 ], [ -58.337130043888713, -34.622437071644015 ], [ -58.337154540829317, -34.62246517255489 ], [ -58.337154540835122, -34.622465172560965 ], [ -58.337215500493791, -34.622523761072053 ], [ -58.337215500500193, -34.622523761077694 ], [ -58.33721700341561, -34.622524976841625 ], [ -58.337282317115566, -34.622577809755938 ], [ -58.337282317122536, -34.622577809761111 ], [ -58.337354496253582, -34.622626920561011 ], [ -58.337354496261064, -34.622626920565665 ], [ -58.337431506336856, -34.622670729657763 ], [ -58.337431506344792, -34.622670729661856 ], [ -58.337512778652538, -34.622708915545736 ], [ -58.337512778660873, -34.622708915549275 ], [ -58.337597716074789, -34.622741195457245 ], [ -58.337597716083465, -34.622741195460172 ], [ -58.337685689783058, -34.622767332565537 ], [ -58.337685689791996, -34.62276733256784 ], [ -58.337776051261223, -34.622787133293244 ], [ -58.337776051270367, -34.622787133294906 ], [ -58.337868135562559, -34.622800451822997 ], [ -58.337868135571846, -34.622800451823991 ], [ -58.337961261310483, -34.62280719009761 ], [ -58.337961261319833, -34.622807190097944 ], [ -58.337972686566069, -34.622807203639674 ], [ -58.337972801058463, -34.622807203757304 ], [ -58.338054630382175, -34.622807297717209 ], [ -58.338054743784177, -34.622807297833653 ], [ -58.33805474380425, -34.622807297832132 ], [ -58.338650921549032, -34.622715585225365 ], [ -58.33865092155159, -34.622715585224952 ], [ -58.339203742917078, -34.622619183297878 ], [ -58.339309297050171, -34.622600942263624 ], [ -58.339416160072702, -34.622588997973175 ], [ -58.339523782357759, -34.622583412062717 ], [ -58.339534032023124, -34.622583488266002 ], [ -58.339631613233323, -34.622584213718802 ], [ -58.339739097716887, -34.622591397871673 ], [ -58.339845684147434, -34.622604927907695 ], [ -58.339845684147711, -34.622604927907723 ], [ -58.340231484851891, -34.622653018101808 ], [ -58.34023148486127, -34.622653018102632 ], [ -58.340344362338264, -34.622658920839555 ], [ -58.340344362343863, -34.622658920839733 ], [ -58.340457457348542, -34.622660029948449 ], [ -58.34045745735412, -34.622660029948392 ], [ -58.340459825823672, -34.622659953008672 ], [ -58.340570471103554, -34.622656340620551 ], [ -58.340570471114255, -34.62265634061977 ], [ -58.340956409194092, -34.622612009841149 ], [ -58.340966702370309, -34.622612158081061 ], [ -58.341016806407737, -34.622612878071791 ], [ -58.341076892067122, -34.622618006964437 ], [ -58.341136228979543, -34.622627360024886 ], [ -58.341194382169739, -34.622640868307791 ], [ -58.34126375714564, -34.622682395756101 ], [ -58.34126375715028, -34.622682395758737 ], [ -58.341335631467679, -34.622720907727086 ], [ -58.341335631481456, -34.622720907733338 ], [ -58.34139260943634, -34.622742550052656 ], [ -58.341392609445286, -34.622742550055669 ], [ -58.341451679583287, -34.622759944250625 ], [ -58.341451679601185, -34.622759944254518 ], [ -58.341737879176769, -34.62280110100874 ], [ -58.341737879180052, -34.622801101009166 ], [ -58.341830871485676, -34.62281207646793 ], [ -58.341838721054913, -34.622813002829396 ], [ -58.341860377138225, -34.622815559178399 ], [ -58.341881412114994, -34.622820070982584 ], [ -58.341881412133688, -34.622820070985192 ], [ -58.341903074224724, -34.622821503264618 ], [ -58.341903074243675, -34.622821503264504 ], [ -58.341908257530896, -34.622821098277377 ], [ -58.341924709259999, -34.622819812999971 ], [ -58.341924709278636, -34.622819812997143 ], [ -58.341945663989797, -34.622815051821057 ], [ -58.341945664007561, -34.622815051815607 ], [ -58.341965303586434, -34.622807363323801 ], [ -58.341965303602791, -34.622807363315886 ], [ -58.341983037800865, -34.622796979487916 ], [ -58.341983037815332, -34.622796979477783 ], [ -58.34199832860493, -34.622784214374448 ], [ -58.341998328620377, -34.622784214358184 ], [ -58.341998328630936, -34.622784214339433 ], [ -58.342007913112397, -34.622760355213067 ], [ -58.342007913116099, -34.622760355201201 ], [ -58.342013495958604, -34.622735642959235 ], [ -58.342013495960323, -34.622735642947056 ], [ -58.342014974007157, -34.622710532703692 ], [ -58.342014974006865, -34.622710532691443 ], [ -58.342012320416636, -34.622685488650625 ], [ -58.342012320411662, -34.622685488630502 ], [ -58.342003643311358, -34.622663526859505 ], [ -58.341975490301962, -34.622592269689342 ], [ -58.341974117639957, -34.622585421156764 ], [ -58.341974117635544, -34.622585421142276 ], [ -58.341960542903792, -34.622552672631201 ], [ -58.341960542896537, -34.622552672617516 ], [ -58.341940615419276, -34.622522225419594 ], [ -58.341927923110589, -34.622497534664049 ], [ -58.341923957651169, -34.622489820893136 ], [ -58.341913393354595, -34.622455712440292 ], [ -58.341909162368054, -34.622420677321273 ], [ -58.3419113605649, -34.622385515189976 ], [ -58.341919939881784, -34.622351028260262 ], [ -58.341934702890292, -34.622318004178986 ], [ -58.341947703498775, -34.622303160855125 ], [ -58.341969017862269, -34.622288685453206 ], [ -58.341988426504784, -34.622275504388327 ], [ -58.341989156525223, -34.622275126521636 ], [ -58.342014735828982, -34.622261873165229 ], [ -58.342043107880109, -34.62225144402106 ], [ -58.342072974259693, -34.622244426419591 ], [ -58.342103740503475, -34.622240958587476 ], [ -58.342114841758274, -34.622241012884466 ], [ -58.342134790438806, -34.622241110222639 ], [ -58.34217047337436, -34.622245839345204 ], [ -58.342234821724048, -34.622254367543299 ], [ -58.342238419754011, -34.622255308587327 ], [ -58.342249217138615, -34.62225813172801 ], [ -58.342249782841193, -34.622258279220603 ], [ -58.342264835523359, -34.622262214424929 ], [ -58.342311695575667, -34.622277107270996 ], [ -58.342427819674249, -34.62231926093903 ], [ -58.342540272072718, -34.622367741522467 ], [ -58.342648549337511, -34.622422333996234 ], [ -58.3427521655221, -34.622482792706187 ], [ -58.342761868973156, -34.62248884450171 ], [ -58.342877300631613, -34.622560827698095 ], [ -58.342877300632161, -34.622560827698436 ], [ -58.342877448794994, -34.622560918887878 ], [ -58.342917840412269, -34.622585940665061 ], [ -58.34297095112727, -34.622618842552605 ], [ -58.342991942641213, -34.622635345689133 ], [ -58.342991942654365, -34.622635345697965 ], [ -58.342992103901111, -34.622635437801669 ], [ -58.34299210390121, -34.622635437801726 ], [ -58.343026659797395, -34.622655127298565 ], [ -58.34302767456343, -34.622656153201902 ], [ -58.343028561942731, -34.622657050081131 ], [ -58.343034032139258, -34.622664850026688 ], [ -58.343037925808495, -34.622673272198256 ], [ -58.343040142945341, -34.622682100157334 ], [ -58.343040628266529, -34.622691106692436 ], [ -58.343039367926558, -34.622700062830035 ], [ -58.343036394971129, -34.622708736938506 ], [ -58.343031786047405, -34.62271690914347 ], [ -58.343016260494736, -34.622732291855137 ], [ -58.342761310904635, -34.62298489615609 ], [ -58.342644633528444, -34.623100498580712 ], [ -58.342561328848973, -34.623183036551872 ], [ -58.342394175189774, -34.623348649926839 ], [ -58.342394175181298, -34.623348649936467 ], [ -58.342376332729351, -34.623372014966193 ], [ -58.342202042628884, -34.623286243430613 ], [ -58.342200540062528, -34.623285504597405 ], [ -58.342150280660874, -34.623131801668137 ], [ -58.342149987551537, -34.623130906268628 ], [ -58.342149987542761, -34.623130906250175 ], [ -58.342149987529325, -34.623130906233769 ], [ -58.342149987511881, -34.623130906220169 ], [ -58.342149987491261, -34.623130906210065 ], [ -58.341889321062894, -34.623033338939848 ], [ -58.341889321041499, -34.623033338933972 ], [ -58.341889321019096, -34.623033338931833 ], [ -58.340686850909584, -34.623022595575328 ], [ -58.34068685088809, -34.623022595576899 ], [ -58.340686850867392, -34.623022595581929 ], [ -58.340051825653184, -34.623235652157554 ], [ -58.340051825634013, -34.623235652165903 ], [ -58.34005182561723, -34.623235652177215 ], [ -58.339201233813625, -34.623936175197301 ], [ -58.338437394449159, -34.624565236355949 ], [ -58.33821237315972, -34.624617912735374 ], [ -58.338212373139825, -34.62461791274184 ], [ -58.338212373121834, -34.624617912751383 ], [ -58.338212373106444, -34.624617912763647 ], [ -58.338212373094244, -34.624617912778142 ], [ -58.338212373085696, -34.624617912794342 ], [ -58.338212373081141, -34.624617912811608 ], [ -58.338212373080744, -34.624617912829279 ], [ -58.338212373084524, -34.624617912846666 ], [ -58.338239610443281, -34.624697427730347 ], [ -58.338225797581003, -34.624700661352527 ], [ -58.337804624290712, -34.624799254950922 ], [ -58.337803633830568, -34.62479948649775 ], [ -58.337803460496929, -34.624799526858496 ], [ -58.337784310237843, -34.624741680375372 ], [ -58.33778411702103, -34.624741096057718 ], [ -58.337784117014237, -34.624741096042627 ], [ -58.337784117004325, -34.624741096028799 ], [ -58.337784116991592, -34.624741096016635 ], [ -58.337784116976437, -34.624741096006538 ], [ -58.337762936632316, -34.624729391833093 ], [ -58.337762936612812, -34.624729391824523 ], [ -58.337762936591616, -34.624729391819407 ], [ -58.337762936569618, -34.624729391817908 ], [ -58.337762936547698, -34.624729391820104 ], [ -58.337483762232452, -34.624781499110348 ], [ -58.337362167775936, -34.624804193930643 ], [ -58.337362167769662, -34.624804193931979 ], [ -58.337026521591028, -34.624884419282751 ], [ -58.337026521573925, -34.624884419288165 ], [ -58.33702652155818, -34.624884419295846 ], [ -58.337026521544196, -34.624884419305609 ], [ -58.336066339677835, -34.62567843700414 ], [ -58.335269289892132, -34.62633753549779 ], [ -58.335268390217955, -34.626338279124518 ], [ -58.335172087809966, -34.626417912911791 ], [ -58.335172087802889, -34.626417912918228 ], [ -58.33516654738424, -34.626423476958564 ], [ -58.335166547373987, -34.6264234769708 ], [ -58.335162189054472, -34.626429718315961 ], [ -58.335162189046791, -34.626429718329419 ], [ -58.335159131946256, -34.626436467638172 ], [ -58.33515913194136, -34.626436467652489 ], [ -58.335157460308878, -34.62644354022278 ], [ -58.335157460307016, -34.626443540235094 ], [ -58.335157452493718, -34.626443657411187 ], [ -58.335157452493704, -34.626443657411308 ], [ -58.335157139776975, -34.626448464343561 ], [ -58.335157139777017, -34.626448464353729 ], [ -58.335157492059281, -34.626453386461876 ], [ -58.335155892623625, -34.627080943658342 ], [ -58.335155892623852, -34.627080943664318 ], [ -58.335156390932973, -34.627087347858719 ], [ -58.335156390934088, -34.627087347867075 ], [ -58.335157538726378, -34.627093323668973 ], [ -58.335157538733583, -34.627093323689841 ], [ -58.335158158427447, -34.627094539451825 ], [ -58.335158158435014, -34.627094539464004 ], [ -58.335166174191073, -34.627105326135244 ], [ -58.335166174200801, -34.627105326146356 ], [ -58.33517607710295, -34.627114983520187 ], [ -58.335176077108557, -34.62711498352526 ], [ -58.335177797825068, -34.627116423093803 ], [ -58.335187334732822, -34.627124402544055 ], [ -58.335647155924299, -34.627509116586879 ], [ -58.335648876657075, -34.6275105561487 ], [ -58.336260678150708, -34.628022419379192 ], [ -58.336203129716473, -34.628177471694514 ], [ -58.336203129712302, -34.628177471711368 ], [ -58.336203129712075, -34.628177471728549 ], [ -58.336203129715791, -34.628177471745452 ], [ -58.336203129723323, -34.628177471761475 ], [ -58.336203129734386, -34.628177471776027 ], [ -58.336203129748597, -34.628177471788568 ], [ -58.33620312976543, -34.628177471798658 ], [ -58.336203129784273, -34.628177471805927 ], [ -58.336205169152159, -34.628178069767856 ], [ -58.336348047063808, -34.628219956892266 ], [ -58.336348047084584, -34.62821995689653 ], [ -58.336348047105972, -34.628219956897333 ], [ -58.336348047127139, -34.628219956894689 ], [ -58.336348047147268, -34.628219956888657 ], [ -58.336348047165572, -34.628219956879498 ], [ -58.336351745181361, -34.628217670226498 ], [ -58.336362486635629, -34.628211028065493 ], [ -58.336372121314461, -34.628212218041682 ], [ -58.336381958828348, -34.62821343347337 ], [ -58.33638195885041, -34.62821343347423 ], [ -58.336381958872224, -34.628213433471387 ], [ -58.336381958892915, -34.628213433464978 ], [ -58.336381958911602, -34.628213433455265 ], [ -58.336381958927539, -34.62821343344261 ], [ -58.336381958940073, -34.628213433427575 ], [ -58.336381958948671, -34.628213433410764 ], [ -58.336382462625778, -34.628212081808627 ], [ -58.336428715280704, -34.628088070540812 ], [ -58.336438041968442, -34.628063065092888 ], [ -58.336448492861486, -34.628065999229229 ], [ -58.336984300394107, -34.628216427627059 ], [ -58.336983973078048, -34.628217282649111 ], [ -58.336976424349857, -34.628237007761825 ], [ -58.33694302709597, -34.628324258325762 ], [ -58.336924717424665, -34.628372091103536 ], [ -58.33692471742026, -34.628372091120681 ], [ -58.336924717419969, -34.628372091138196 ], [ -58.33692471742377, -34.628372091155441 ], [ -58.336924717431536, -34.628372091171748 ], [ -58.336924717442969, -34.628372091186506 ], [ -58.336924717457649, -34.628372091199154 ], [ -58.336924717475021, -34.628372091209215 ], [ -58.336924717494391, -34.62837209121632 ], [ -58.336926779824175, -34.628372654936101 ], [ -58.338163340415861, -34.62871046951328 ], [ -58.33816334043685, -34.628710469517173 ], [ -58.338163340458351, -34.628710469517578 ], [ -58.338163340479518, -34.628710469514488 ], [ -58.338163340499563, -34.628710469508029 ], [ -58.33816334051766, -34.628710469498436 ], [ -58.338163340533143, -34.628710469486101 ], [ -58.3381633405454, -34.628710469471486 ], [ -58.338163340553933, -34.628710469455186 ], [ -58.338164429806284, -34.628707657248853 ], [ -58.338219618113186, -34.628565184432546 ], [ -58.33821961811428, -34.628565184429533 ], [ -58.338223231458116, -34.628554602881607 ], [ -58.338233643148214, -34.62855758189415 ], [ -58.338795416961766, -34.628718322238008 ], [ -58.338795083139424, -34.628719164638298 ], [ -58.338732993197887, -34.628876061455706 ], [ -58.338732993193283, -34.628876061472859 ], [ -58.338732993192785, -34.628876061490416 ], [ -58.338732993196423, -34.628876061507732 ], [ -58.338732993204047, -34.628876061524132 ], [ -58.33873299321538, -34.628876061538996 ], [ -58.338732993229982, -34.628876061551757 ], [ -58.338732993247312, -34.62887606156194 ], [ -58.338732993266689, -34.628876061569152 ], [ -58.338735061054813, -34.628876637883764 ], [ -58.338871346592498, -34.628914599560659 ], [ -58.338882831170288, -34.628917797786308 ], [ -58.338882831192599, -34.628917797790422 ], [ -58.33888283121545, -34.628917797790621 ], [ -58.338882831237868, -34.628917797786862 ], [ -58.338882831258836, -34.62891779777933 ], [ -58.338882831277431, -34.628917797768345 ], [ -58.338885966580214, -34.628915500549148 ], [ -58.338893229524651, -34.62891017697455 ], [ -58.338893229538414, -34.628910176962414 ], [ -58.338893229549242, -34.628910176948395 ], [ -58.338893229556774, -34.628910176932962 ], [ -58.338915801801662, -34.628847871445998 ], [ -58.338928378299912, -34.628813563703389 ], [ -58.338950458840181, -34.62875332474642 ], [ -58.338960944859195, -34.628756221745483 ], [ -58.339214710299466, -34.628826337285936 ], [ -58.33921443421503, -34.628827215805558 ], [ -58.33920093988953, -34.628870147405955 ], [ -58.339200939886247, -34.628870147422845 ], [ -58.339200939886886, -34.62887014743994 ], [ -58.339200939891427, -34.628870147456631 ], [ -58.339200939899698, -34.628870147472334 ], [ -58.3392009399114, -34.628870147486431 ], [ -58.339200939926123, -34.628870147498446 ], [ -58.339200939943325, -34.628870147507968 ], [ -58.339200939962396, -34.628870147514625 ], [ -58.339202954399155, -34.628870670583396 ], [ -58.339282777565657, -34.628891397834003 ], [ -58.339282777586938, -34.628891397837656 ], [ -58.33928277760868, -34.628891397837748 ], [ -58.339282777630004, -34.628891397834266 ], [ -58.33928277765007, -34.628891397827353 ], [ -58.339282777668082, -34.628891397817299 ], [ -58.339282777683323, -34.628891397804473 ], [ -58.339282777695196, -34.628891397789424 ], [ -58.339282777703211, -34.628891397772726 ], [ -58.339283722869098, -34.628888657523333 ], [ -58.339306013628267, -34.628824047654327 ], [ -58.339306322478642, -34.628823151057915 ], [ -58.339306322482422, -34.628823151040862 ], [ -58.33930632248218, -34.628823151023539 ], [ -58.339306322477938, -34.628823151006578 ], [ -58.339306322469852, -34.628823150990605 ], [ -58.339306322458206, -34.628823150976189 ], [ -58.339306322443448, -34.628823150963896 ], [ -58.339306322426111, -34.628823150954148 ], [ -58.339306322406834, -34.628823150947326 ], [ -58.339225566622709, -34.628801901744019 ], [ -58.339225566601705, -34.628801901740324 ], [ -58.339225566580247, -34.628801901740104 ], [ -58.339225566559136, -34.628801901743373 ], [ -58.339225566539213, -34.628801901749988 ], [ -58.33922556652125, -34.628801901759701 ], [ -58.339225566505931, -34.628801901772135 ], [ -58.339225566493859, -34.628801901786808 ], [ -58.339225566485503, -34.628801901803165 ], [ -58.339220859896294, -34.628814417615494 ], [ -58.339204811442031, -34.628809961837511 ], [ -58.339127038687188, -34.628788364952428 ], [ -58.339123883300466, -34.628787488337785 ], [ -58.339178384345544, -34.628766244313482 ], [ -58.339178384364416, -34.62876624430411 ], [ -58.33917838438061, -34.628766244291775 ], [ -58.339178384393485, -34.62876624427701 ], [ -58.339188566143996, -34.628751659787781 ], [ -58.339188566152835, -34.628751659771616 ], [ -58.339225704567362, -34.62866093924066 ], [ -58.339229063456102, -34.628652733486398 ], [ -58.339229158334568, -34.628652699345032 ], [ -58.339229158336451, -34.628652699344336 ], [ -58.339229198672825, -34.628652684074254 ], [ -58.339239773196716, -34.628654775294301 ], [ -58.339275549009223, -34.628661850845383 ], [ -58.339343935914229, -34.628675375820492 ], [ -58.339344545314482, -34.628675496328306 ], [ -58.339344545336566, -34.628675496330743 ], [ -58.339344545358792, -34.628675496329407 ], [ -58.339344545380229, -34.628675496324377 ], [ -58.339344610840882, -34.628675474757003 ], [ -58.33934886140068, -34.628674101710729 ], [ -58.33939245908779, -34.628660020795451 ], [ -58.339392459109163, -34.628660020786178 ], [ -58.339392459127531, -34.628660020773253 ], [ -58.339449813754527, -34.628609625786432 ], [ -58.339449813769477, -34.628609625769826 ], [ -58.339449813779453, -34.62860962575084 ], [ -58.339501669818105, -34.628468407345721 ], [ -58.339505511914602, -34.628458635373384 ], [ -58.3397532847058, -34.627828453278688 ], [ -58.339763717310397, -34.627831279845644 ], [ -58.340266748872992, -34.62796757871881 ], [ -58.340266748892446, -34.627967578722497 ], [ -58.340266748912377, -34.627967578723194 ], [ -58.340266748932123, -34.627967578720863 ], [ -58.340266748951045, -34.627967578715612 ], [ -58.340266748968475, -34.627967578707583 ], [ -58.340266748983851, -34.627967578697067 ], [ -58.340269598575851, -34.627965236082808 ], [ -58.340524099365545, -34.627755934563332 ], [ -58.340540339876931, -34.627743251738785 ], [ -58.340555257135925, -34.627731601567049 ], [ -58.340556954956959, -34.627733059000754 ], [ -58.34066737383791, -34.627827863081258 ], [ -58.340667373854181, -34.627827863092726 ], [ -58.34066737387284, -34.627827863101338 ], [ -58.340667373893176, -34.627827863106795 ], [ -58.340667373914407, -34.627827863108855 ], [ -58.34066737393573, -34.627827863107456 ], [ -58.3406673739563, -34.627827863102652 ], [ -58.340667373975336, -34.627827863094616 ], [ -58.340667373992112, -34.627827863083667 ], [ -58.340667405652859, -34.627827837875799 ], [ -58.340667405653214, -34.627827837875522 ], [ -58.340673326275073, -34.627823081638688 ], [ -58.340774778083933, -34.62774158907061 ], [ -58.340774778096197, -34.627741589058914 ], [ -58.340774778105853, -34.627741589045641 ], [ -58.340774778112618, -34.627741589031196 ], [ -58.340784102299011, -34.627715168832623 ], [ -58.340784102303097, -34.6277151688139 ], [ -58.340784102302329, -34.627715168794879 ], [ -58.340784102296745, -34.627715168776412 ], [ -58.340784102286605, -34.627715168759345 ], [ -58.340784102272359, -34.627715168744402 ], [ -58.340697587488847, -34.627641913748349 ], [ -58.340674600770654, -34.627622449831662 ], [ -58.341072975673278, -34.627296938641138 ], [ -58.341078814728263, -34.62730160746446 ], [ -58.341184435498832, -34.62738605078971 ], [ -58.34118686548122, -34.627387993073249 ], [ -58.341186865498294, -34.627387993084405 ], [ -58.341186865517706, -34.627387993092526 ], [ -58.341186865538674, -34.627387993097315 ], [ -58.341186865560395, -34.627387993098566 ], [ -58.341186865581953, -34.627387993096207 ], [ -58.341186865602538, -34.62738799309038 ], [ -58.341186865621303, -34.627387993081271 ], [ -58.341186865637518, -34.627387993069256 ], [ -58.341192273878683, -34.627383101081229 ], [ -58.341236162184792, -34.627343395193613 ], [ -58.341305893773566, -34.627280309829381 ], [ -58.341305893786057, -34.62728030981566 ], [ -58.341305893795166, -34.627280309800234 ], [ -58.341305893800573, -34.627280309783664 ], [ -58.341305893802087, -34.62728030976654 ], [ -58.34130589379965, -34.627280309749494 ], [ -58.341305893793333, -34.627280309733145 ], [ -58.341305893783385, -34.627280309718074 ], [ -58.341305893770169, -34.627280309704837 ], [ -58.341204171937768, -34.627196253488599 ], [ -58.341202440274635, -34.627194823071875 ], [ -58.341419585643116, -34.627015495922016 ], [ -58.341419585643543, -34.627015495921654 ], [ -58.341557273770619, -34.626900483616581 ], [ -58.341600708395035, -34.62686420169068 ], [ -58.341606605205946, -34.626868895785996 ], [ -58.341697296912884, -34.626941085229348 ], [ -58.341697296928537, -34.626941085239693 ], [ -58.341697296946208, -34.626941085247495 ], [ -58.3416972969653, -34.62694108525249 ], [ -58.341697296985188, -34.626941085254522 ], [ -58.341697297005183, -34.626941085253499 ], [ -58.341697297024623, -34.62694108524947 ], [ -58.341697297042828, -34.626941085242571 ], [ -58.341704516523357, -34.626937657136644 ], [ -58.341770064700611, -34.626906537914969 ], [ -58.34177006471775, -34.626906537904894 ], [ -58.341770064732238, -34.626906537892282 ], [ -58.341770064743521, -34.626906537877609 ], [ -58.341796550503737, -34.6268634233112 ], [ -58.341796550511475, -34.626863423294829 ], [ -58.341796550515213, -34.62686342327752 ], [ -58.341798015439466, -34.626848161029912 ], [ -58.341798015439259, -34.626848161013783 ], [ -58.341798015435586, -34.626848160997952 ], [ -58.341798015428544, -34.626848160982902 ], [ -58.34179801541837, -34.626848160969118 ], [ -58.341790526363368, -34.626839805508709 ], [ -58.341794724522742, -34.626814439324285 ], [ -58.341794724523616, -34.626814439307672 ], [ -58.341794724520781, -34.626814439291174 ], [ -58.34179472451433, -34.626814439275421 ], [ -58.341794724504481, -34.626814439260897 ], [ -58.341794724491585, -34.626814439248143 ], [ -58.341736000651586, -34.626766188239905 ], [ -58.341734264618097, -34.626764761429143 ], [ -58.341747377147051, -34.626752898381419 ], [ -58.34175394709515, -34.626746953768162 ], [ -58.341918839685874, -34.626597771968612 ], [ -58.341922117547057, -34.626594806863672 ], [ -58.342127817498486, -34.626430608156525 ], [ -58.342127917626179, -34.626430689322163 ], [ -58.342133538801185, -34.626435265094351 ], [ -58.342220013045591, -34.626505659748986 ], [ -58.342220013063397, -34.626505659760717 ], [ -58.342220013083768, -34.626505659769144 ], [ -58.342220013105802, -34.626505659773883 ], [ -58.342220013128561, -34.626505659774729 ], [ -58.342220013151028, -34.626505659771659 ], [ -58.342220013172252, -34.626505659764796 ], [ -58.342220013191273, -34.626505659754436 ], [ -58.342226300399389, -34.626501395077582 ], [ -58.34235628172965, -34.626413230150156 ], [ -58.342356281745239, -34.626413230137189 ], [ -58.342356281757347, -34.626413230121869 ], [ -58.342356281765468, -34.626413230104852 ], [ -58.342356281769256, -34.626413230086825 ], [ -58.342356281768559, -34.626413230068543 ], [ -58.342356281763415, -34.626413230050744 ], [ -58.342356281754043, -34.626413230034181 ], [ -58.342356281740813, -34.626413230019523 ], [ -58.342257168243762, -34.626323980646973 ], [ -58.342437709174668, -34.626182300898797 ], [ -58.342437709188317, -34.626182300885809 ], [ -58.342450224520888, -34.62616781672741 ], [ -58.342460859162919, -34.626168876507201 ], [ -58.342739146319957, -34.626196611758438 ], [ -58.342739012580623, -34.626197859101559 ], [ -58.342727724184059, -34.626303440031336 ], [ -58.342727724184471, -34.626303440050393 ], [ -58.342727724189722, -34.626303440068945 ], [ -58.34272772419957, -34.626303440086176 ], [ -58.342727724213589, -34.626303440101317 ], [ -58.342727724231132, -34.626303440113681 ], [ -58.3427294991248, -34.626304443343315 ], [ -58.342743579517027, -34.626312399652974 ], [ -58.342743579537228, -34.626312399661977 ], [ -58.342743579559276, -34.62631239966727 ], [ -58.342743579582176, -34.626312399668656 ], [ -58.342754567403915, -34.626312098637278 ], [ -58.342904051277621, -34.626308005102032 ], [ -58.342904051299563, -34.626308005099581 ], [ -58.342904051320467, -34.626308005093499 ], [ -58.342904051339445, -34.626308005084041 ], [ -58.342904051355731, -34.626308005071621 ], [ -58.342904051368635, -34.626308005056735 ], [ -58.342904051377644, -34.626308005039995 ], [ -58.342904051382362, -34.626308005022096 ], [ -58.342909987054036, -34.626264731105337 ], [ -58.342916101246153, -34.626220151300181 ], [ -58.342927481570193, -34.626221317236336 ], [ -58.34298475443854, -34.626227186083874 ], [ -58.34304200220344, -34.626233076513792 ], [ -58.343331502060835, -34.626262893827423 ], [ -58.343331411947595, -34.626264139413891 ], [ -58.343325613836051, -34.626344574437596 ], [ -58.343325613836825, -34.626344574455011 ], [ -58.343325613841664, -34.626344574471965 ], [ -58.34332561385034, -34.626344574487845 ], [ -58.343325613862554, -34.626344574502056 ], [ -58.343325613877845, -34.626344574514036 ], [ -58.343325613895644, -34.626344574523387 ], [ -58.343327392441111, -34.626345319040993 ], [ -58.343445038031604, -34.626394589010069 ], [ -58.343445038054767, -34.626394589017167 ], [ -58.34344503807926, -34.626394589019789 ], [ -58.343484877048446, -34.626395079768983 ], [ -58.343484877071191, -34.626395079767292 ], [ -58.343484877093012, -34.626395079761714 ], [ -58.343484877112942, -34.626395079752513 ], [ -58.343484877130123, -34.626395079740071 ], [ -58.343484877143787, -34.626395079724951 ], [ -58.343484877153337, -34.626395079707805 ], [ -58.34348487715836, -34.626395079689388 ], [ -58.343484895885204, -34.626394948100781 ], [ -58.343484895885226, -34.626394948100646 ], [ -58.343500251588075, -34.626285717741034 ], [ -58.343511611023317, -34.626287013404962 ], [ -58.343559895909138, -34.626292521602622 ], [ -58.343559895910296, -34.626292521602743 ], [ -58.343577778787676, -34.62629440058393 ], [ -58.344120416658022, -34.62635540179032 ], [ -58.344209005999275, -34.626365360642936 ], [ -58.34427637744956, -34.626372933405165 ], [ -58.344383597303121, -34.626449239256509 ], [ -58.344383463110603, -34.626449346325664 ], [ -58.344383463110503, -34.626449346325749 ], [ -58.344363664054626, -34.626465184764776 ], [ -58.344363664054384, -34.626465184764967 ], [ -58.344363573442799, -34.626465257691379 ], [ -58.343824533232528, -34.626896477520006 ], [ -58.343715433574985, -34.626810879305829 ], [ -58.34371543355828, -34.626810879295078 ], [ -58.343715433539387, -34.626810879287184 ], [ -58.343715433519009, -34.626810879282459 ], [ -58.343715433497906, -34.626810879281095 ], [ -58.343715433476873, -34.626810879283113 ], [ -58.343715433456708, -34.626810879288442 ], [ -58.343715433438184, -34.626810879296904 ], [ -58.343715433421977, -34.626810879308167 ], [ -58.343706253726481, -34.626818634219596 ], [ -58.343706170750856, -34.626818704448894 ], [ -58.343580104796843, -34.626925204081488 ], [ -58.343580104783747, -34.62692520409491 ], [ -58.343580104773977, -34.62692520411013 ], [ -58.343580104767909, -34.626925204126621 ], [ -58.343580104765735, -34.626925204143753 ], [ -58.34358010476754, -34.626925204160926 ], [ -58.343580104773281, -34.626925204177496 ], [ -58.343580104782717, -34.626925204192858 ], [ -58.343580104795528, -34.626925204206458 ], [ -58.343677534908146, -34.627010420610198 ], [ -58.343677447638655, -34.627010494378844 ], [ -58.343677447638463, -34.627010494379 ], [ -58.343329994665787, -34.627305732454204 ], [ -58.343263485604339, -34.627251656840144 ], [ -58.34321545896492, -34.627212607927952 ], [ -58.343215458948897, -34.627212607917187 ], [ -58.343215458930707, -34.627212607909122 ], [ -58.343215458911011, -34.627212607904028 ], [ -58.343215458890505, -34.627212607902088 ], [ -58.343215458869921, -34.627212607903388 ], [ -58.343215458850011, -34.627212607907865 ], [ -58.343215458831473, -34.627212607915361 ], [ -58.343215458814974, -34.627212607925614 ], [ -58.343085907269895, -34.627310266108566 ], [ -58.343085907255343, -34.627310266121981 ], [ -58.343085907244301, -34.627310266137528 ], [ -58.343085907237224, -34.627310266154552 ], [ -58.343085907234375, -34.627310266172422 ], [ -58.343085907235888, -34.627310266190385 ], [ -58.343085907241701, -34.627310266207751 ], [ -58.343085907251563, -34.627310266223823 ], [ -58.343085907265099, -34.627310266237949 ], [ -58.343096432576374, -34.627319235801174 ], [ -58.343168412960225, -34.627380575173092 ], [ -58.343168412960374, -34.627380575173227 ], [ -58.343168681976088, -34.627380803496756 ], [ -58.343197024347994, -34.627404956949967 ], [ -58.343207512582268, -34.627413894857291 ], [ -58.343195250329778, -34.627425271230294 ], [ -58.343178583473211, -34.62743901585862 ], [ -58.34304050686297, -34.627552882998806 ], [ -58.342824959024824, -34.627730636216555 ], [ -58.342824547394763, -34.627730296940356 ], [ -58.342728132674708, -34.627650969767657 ], [ -58.342724353247291, -34.627647859746496 ], [ -58.342722618196156, -34.627646431988644 ], [ -58.342722618179891, -34.627646431977617 ], [ -58.342722618161368, -34.627646431969389 ], [ -58.342722618141281, -34.627646431964244 ], [ -58.342722618120369, -34.627646431962383 ], [ -58.342722618099415, -34.627646431963882 ], [ -58.3427226180792, -34.627646431968671 ], [ -58.342722618060471, -34.627646431976586 ], [ -58.342722618043929, -34.627646431987316 ], [ -58.34270851745385, -34.627657557766803 ], [ -58.342708431209282, -34.627657625287746 ], [ -58.342708431208976, -34.627657625287988 ], [ -58.342597965899962, -34.627744786775516 ], [ -58.34259796588605, -34.627744786788895 ], [ -58.342597965875541, -34.627744786804243 ], [ -58.342597965868862, -34.627744786820976 ], [ -58.34259796586624, -34.627744786838484 ], [ -58.342597965867803, -34.62774478685607 ], [ -58.342597965873466, -34.627744786873073 ], [ -58.34259796588303, -34.627744786888833 ], [ -58.342597965896125, -34.627744786902753 ], [ -58.342634054161735, -34.627776247829985 ], [ -58.34269782504736, -34.62783184176606 ], [ -58.342682309152657, -34.627844415560276 ], [ -58.342682309152451, -34.627844415560446 ], [ -58.342682217444818, -34.627844490287345 ], [ -58.342507892799269, -34.627985763722961 ], [ -58.342321617164423, -34.628136723404303 ], [ -58.342321584491224, -34.62813674945 ], [ -58.342213487803662, -34.628043777314431 ], [ -58.342209458085094, -34.628040311870507 ], [ -58.342207760157855, -34.628038851691251 ], [ -58.342207760140965, -34.62803885167942 ], [ -58.342207760121532, -34.628038851670645 ], [ -58.342207760100365, -34.628038851665281 ], [ -58.342207760078317, -34.628038851663582 ], [ -58.342207760056311, -34.6280388516656 ], [ -58.342207760035244, -34.628038851671249 ], [ -58.342207760015995, -34.628038851680287 ], [ -58.342207759999354, -34.628038851692352 ], [ -58.342157651186184, -34.62808342841636 ], [ -58.342088590426123, -34.62814486533162 ], [ -58.342088590413603, -34.628144865345092 ], [ -58.34208859040438, -34.628144865360291 ], [ -58.342088590398767, -34.628144865376647 ], [ -58.342088590396962, -34.62814486539358 ], [ -58.342088590399037, -34.628144865410484 ], [ -58.342088590404913, -34.628144865426776 ], [ -58.342088590414377, -34.628144865441861 ], [ -58.34208859042711, -34.628144865455212 ], [ -58.342095424549711, -34.628150785545451 ], [ -58.34209551385581, -34.628150863156094 ], [ -58.342095513855924, -34.628150863156193 ], [ -58.342199531968625, -34.628240972050328 ], [ -58.34218600917351, -34.628252140646204 ], [ -58.342185918555423, -34.628252215373834 ], [ -58.342124407244071, -34.62830301856939 ], [ -58.34205754062917, -34.628358245074729 ], [ -58.341869382337691, -34.628513647072985 ], [ -58.341827501112846, -34.628548236930385 ], [ -58.341817884859161, -34.628556038980527 ], [ -58.341811832189784, -34.62855194958464 ], [ -58.341766633363058, -34.628514965373057 ], [ -58.341764893940542, -34.628513543005923 ], [ -58.341721642604213, -34.628478152618236 ], [ -58.341719904273731, -34.628476730251542 ], [ -58.341719904256607, -34.628476730240116 ], [ -58.341719904237038, -34.628476730231768 ], [ -58.341719904215857, -34.628476730226829 ], [ -58.341719904193901, -34.628476730225515 ], [ -58.341700572596011, -34.628477187804883 ], [ -58.341700572574865, -34.628477187807107 ], [ -58.34170057255465, -34.628477187812678 ], [ -58.341700572536141, -34.628477187821396 ], [ -58.341648882201213, -34.628507425710524 ], [ -58.341648882186917, -34.628507425720507 ], [ -58.341641665364811, -34.628513420160417 ], [ -58.341609306473273, -34.62854029970083 ], [ -58.341609306459802, -34.628540299714452 ], [ -58.341609306449797, -34.62854029972997 ], [ -58.341609306443615, -34.628540299746817 ], [ -58.341609306441519, -34.62854029976431 ], [ -58.341609284851948, -34.628555086563324 ], [ -58.341588769928705, -34.628575815798989 ], [ -58.341588769916164, -34.628575815814784 ], [ -58.341588769907879, -34.628575815832399 ], [ -58.341588769904227, -34.62857581585105 ], [ -58.341588769905364, -34.628575815869922 ], [ -58.341588769911226, -34.62857581588819 ], [ -58.341588769921572, -34.628575815905045 ], [ -58.341588769935932, -34.628575815919739 ], [ -58.341590499527918, -34.628577248195157 ], [ -58.341636320675931, -34.628615186795038 ], [ -58.341638047002057, -34.628616616362237 ], [ -58.341639776595748, -34.628618048636937 ], [ -58.341689957641243, -34.628659598072268 ], [ -58.341671045909301, -34.628675004207849 ], [ -58.341670952016145, -34.62867508073473 ], [ -58.34140455591151, -34.628892089764015 ], [ -58.341404555897476, -34.628892089778027 ], [ -58.341404555887131, -34.628892089794064 ], [ -58.341404555880899, -34.628892089811508 ], [ -58.341404555879016, -34.628892089829648 ], [ -58.341404736151631, -34.628901548583052 ], [ -58.341404736151631, -34.628901548583229 ], [ -58.341404739214788, -34.628901691010164 ], [ -58.341405628381153, -34.628948377209319 ], [ -58.341405628383505, -34.628948377226543 ], [ -58.341405628389786, -34.628948377243077 ], [ -58.341405628399777, -34.628948377258304 ], [ -58.341405628413106, -34.628948377271669 ], [ -58.341407360193266, -34.628949807748931 ], [ -58.341562396246786, -34.629077800700813 ], [ -58.341562396267065, -34.629077800713986 ], [ -58.341562396290541, -34.629077800722868 ], [ -58.341668326680981, -34.62910588910259 ], [ -58.3416876350203, -34.629111008574924 ], [ -58.341787524344923, -34.629137495318965 ], [ -58.341868691721665, -34.629159017238905 ], [ -58.341868337155617, -34.629159897484215 ], [ -58.341846973501845, -34.62921295617776 ], [ -58.341846973496942, -34.629212956196177 ], [ -58.341846973496779, -34.629212956215014 ], [ -58.341846973501362, -34.629212956233474 ], [ -58.341846973510492, -34.629212956250754 ], [ -58.341846973523765, -34.629212956266073 ], [ -58.341846973540591, -34.629212956278785 ], [ -58.341846973560266, -34.629212956288328 ], [ -58.341848976784831, -34.62921370736084 ], [ -58.342004334659777, -34.629271982643161 ], [ -58.342004482884747, -34.629272038678408 ], [ -58.342004482885052, -34.629272038678522 ], [ -58.34200954217841, -34.629273935784674 ], [ -58.342009542197758, -34.629273935790188 ], [ -58.342009542218001, -34.629273935792618 ], [ -58.342009542238443, -34.629273935791872 ], [ -58.342009542258353, -34.629273935787985 ], [ -58.342009542277033, -34.6292739357811 ], [ -58.342009542293837, -34.629273935771444 ], [ -58.342009542308148, -34.629273935759365 ], [ -58.342009542319495, -34.629273935745289 ], [ -58.342009542327446, -34.629273935729721 ], [ -58.342010947874584, -34.6292702539359 ], [ -58.342029872382774, -34.629220689387111 ], [ -58.342037418940755, -34.629200923485556 ], [ -58.342047585673853, -34.629203777534954 ], [ -58.342207455939587, -34.629248664686152 ], [ -58.342378194139783, -34.6292966019818 ], [ -58.342384445456425, -34.629298356901124 ], [ -58.34238414107827, -34.62929921917295 ], [ -58.342378165695266, -34.629316158994897 ], [ -58.342358371480728, -34.629372266123603 ], [ -58.34235837147677, -34.629372266141118 ], [ -58.342358371477054, -34.629372266158946 ], [ -58.342358371481581, -34.629372266176368 ], [ -58.342358371490157, -34.629372266192711 ], [ -58.342365209394217, -34.629382409374386 ], [ -58.342357249917114, -34.62939969243142 ], [ -58.342357249911579, -34.629399692448075 ], [ -58.342357249909988, -34.629399692465284 ], [ -58.342357249912403, -34.629399692482444 ], [ -58.342357249918742, -34.629399692498907 ], [ -58.342357249928739, -34.629399692514049 ], [ -58.342357249942062, -34.62939969252735 ], [ -58.342357249958205, -34.629399692538321 ], [ -58.34235724997658, -34.629399692546528 ], [ -58.342359307781855, -34.62940041121373 ], [ -58.34237803402366, -34.62940695514034 ], [ -58.34242512376283, -34.62942340941408 ], [ -58.342506388594991, -34.629451804340903 ], [ -58.342506537916343, -34.629451856770956 ], [ -58.34250653791652, -34.62945185677102 ], [ -58.342512975104384, -34.629454105872171 ], [ -58.34251297512391, -34.629454105877265 ], [ -58.342512975144253, -34.629454105879255 ], [ -58.342512975164688, -34.629454105878068 ], [ -58.342512975184484, -34.629454105873741 ], [ -58.342512975202958, -34.629454105866429 ], [ -58.342512975219442, -34.629454105856389 ], [ -58.34251297523339, -34.62945410584399 ], [ -58.342512975244261, -34.629454105829652 ], [ -58.342512975251708, -34.629454105813878 ], [ -58.342514183135663, -34.62945060680633 ], [ -58.342527939635943, -34.629410763357249 ], [ -58.342544414134345, -34.629363043308274 ], [ -58.342544428368001, -34.629363003660458 ], [ -58.342544428368321, -34.629363003659542 ], [ -58.342549193061338, -34.629349201456037 ], [ -58.34255950175389, -34.629351943828588 ], [ -58.342850651239594, -34.629429393014945 ], [ -58.342850651259425, -34.629429393018583 ], [ -58.342850651279733, -34.629429393019095 ], [ -58.342850651299798, -34.629429393016501 ], [ -58.342850651318933, -34.629429393010888 ], [ -58.342850651336477, -34.629429393002425 ], [ -58.342850651351817, -34.629429392991433 ], [ -58.342853288184671, -34.629427113206468 ], [ -58.34318800644516, -34.629137686311445 ], [ -58.34319465477332, -34.629141678879733 ], [ -58.343284836498178, -34.629195836466458 ], [ -58.34328574518068, -34.629196381816683 ], [ -58.343324649636486, -34.629219746068401 ], [ -58.343324649656232, -34.629219746077823 ], [ -58.343324649677932, -34.629219746083663 ], [ -58.343324649700619, -34.629219746085617 ], [ -58.3433246497233, -34.629219746083649 ], [ -58.343324649744993, -34.629219746077808 ], [ -58.343324649764739, -34.629219746068372 ], [ -58.343324649781671, -34.629219746055732 ], [ -58.343329087404229, -34.629215665196817 ], [ -58.343400054345672, -34.629150416468079 ], [ -58.343400054357581, -34.629150416454884 ], [ -58.343400054366384, -34.629150416440126 ], [ -58.343400054371791, -34.629150416424288 ], [ -58.343400054373639, -34.62915041640791 ], [ -58.343400071357557, -34.629138610560496 ], [ -58.343400071355688, -34.629138610543748 ], [ -58.343400071350075, -34.629138610527583 ], [ -58.343400071340945, -34.629138610512555 ], [ -58.343400071328574, -34.629138610499197 ], [ -58.34340007131344, -34.629138610487971 ], [ -58.343392112311506, -34.629133735009916 ], [ -58.343390126201975, -34.629132518909664 ], [ -58.343397787364459, -34.629126057943431 ], [ -58.343397877985119, -34.629125981411967 ], [ -58.343408004547669, -34.629117440520332 ], [ -58.34340800456085, -34.629117440506839 ], [ -58.343408004570648, -34.629117440491513 ], [ -58.34340800457673, -34.629117440474921 ], [ -58.343408004578841, -34.629117440457662 ], [ -58.343408004576929, -34.629117440440403 ], [ -58.343408004571039, -34.629117440423755 ], [ -58.343408004561425, -34.629117440408358 ], [ -58.343408004548408, -34.629117440394772 ], [ -58.343379665111883, -34.629093074265015 ], [ -58.343323536301142, -34.629044816672177 ], [ -58.343318680995651, -34.629040642004114 ], [ -58.34345648401429, -34.628931124613629 ], [ -58.343463107558577, -34.628925860533357 ], [ -58.343647111182449, -34.628779623932388 ], [ -58.343693059783192, -34.628743106661382 ], [ -58.343697959386404, -34.628746808120262 ], [ -58.343698787146437, -34.628747508430074 ], [ -58.343699355688358, -34.628747989443085 ], [ -58.34378235852617, -34.628818210998347 ], [ -58.343782358542505, -34.628818211009701 ], [ -58.343782358561192, -34.628818211018199 ], [ -58.343782358581528, -34.628818211023535 ], [ -58.343782358602724, -34.628818211025504 ], [ -58.343782358623983, -34.628818211023997 ], [ -58.343782358644475, -34.628818211019116 ], [ -58.343782358663432, -34.62881821101103 ], [ -58.343782358680109, -34.628818211000052 ], [ -58.343788127433314, -34.628813583366579 ], [ -58.343900207530062, -34.628723652341463 ], [ -58.343915042060033, -34.628711749221111 ], [ -58.343915042073832, -34.628711749207625 ], [ -58.343915042084191, -34.628711749192178 ], [ -58.343915042090707, -34.628711749175331 ], [ -58.343915042093109, -34.628711749157787 ], [ -58.343915042091339, -34.628711749140173 ], [ -58.343915042085435, -34.628711749123191 ], [ -58.343915042075643, -34.628711749107481 ], [ -58.343915042062321, -34.628711749093654 ], [ -58.343889445860341, -34.628689951199888 ], [ -58.343822758202272, -34.628633160657373 ], [ -58.344189085686075, -34.628331062763181 ], [ -58.344189085698844, -34.628331062750526 ], [ -58.344189467949583, -34.628330604388175 ], [ -58.344189557178318, -34.628330672912178 ], [ -58.344189557194817, -34.628330672922608 ], [ -58.344189557213404, -34.628330672930268 ], [ -58.34418955723342, -34.628330672934872 ], [ -58.344189557254118, -34.628330672936258 ], [ -58.344189557274767, -34.628330672934375 ], [ -58.344189557294612, -34.628330672929287 ], [ -58.34418955731293, -34.628330672921187 ], [ -58.344189557329052, -34.628330672910359 ], [ -58.344189641391047, -34.628330604486798 ], [ -58.344204640843223, -34.628319911251374 ], [ -58.34420634202138, -34.628321364133562 ], [ -58.344317027937429, -34.628415897446125 ], [ -58.34431702795343, -34.62841589745738 ], [ -58.344317027971748, -34.628415897465906 ], [ -58.344317027991714, -34.628415897471349 ], [ -58.344317028012561, -34.628415897473545 ], [ -58.344317028033529, -34.628415897472372 ], [ -58.344317028053844, -34.62841589746791 ], [ -58.344317028072737, -34.628415897460307 ], [ -58.34431702808952, -34.628415897449848 ], [ -58.344317055381055, -34.628415876743858 ], [ -58.344317055381595, -34.628415876743453 ], [ -58.344322941704689, -34.628411350157783 ], [ -58.344406395986702, -34.628347173080051 ], [ -58.344406396003663, -34.628347173063439 ], [ -58.344406396015302, -34.628347173043935 ], [ -58.344423057727504, -34.628307969506672 ], [ -58.344423057732392, -34.62830796949055 ], [ -58.344423057733614, -34.628307969473973 ], [ -58.344423057731134, -34.628307969457488 ], [ -58.344423057725038, -34.62830796944165 ], [ -58.344423057715524, -34.62830796942702 ], [ -58.344423057702926, -34.628307969414067 ], [ -58.344353153778073, -34.628248344606959 ], [ -58.344318698580999, -34.628218956403963 ], [ -58.344318788022633, -34.628218885342037 ], [ -58.344318788036553, -34.628218885328558 ], [ -58.344318788047012, -34.628218885313096 ], [ -58.344318788053613, -34.628218885296228 ], [ -58.344318788056093, -34.628218885278642 ], [ -58.344318788054373, -34.628218885260971 ], [ -58.344318788048497, -34.628218885243939 ], [ -58.344318788038706, -34.628218885228179 ], [ -58.344318788025383, -34.628218885214309 ], [ -58.344312588660351, -34.628213596924432 ], [ -58.344319921742866, -34.628207689939693 ], [ -58.344580756375258, -34.627997586636674 ], [ -58.344966976801572, -34.628322520880658 ], [ -58.345018124558301, -34.628365552784238 ], [ -58.345018124558884, -34.628365552784736 ], [ -58.345018181196906, -34.628365599713163 ], [ -58.34501826506358, -34.628365670104856 ], [ -58.345018265063921, -34.628365670105147 ], [ -58.345019100474467, -34.628366365006777 ], [ -58.345019100489914, -34.628366365017442 ], [ -58.345019100507471, -34.628366365025592 ], [ -58.345019100526542, -34.628366365030928 ], [ -58.345019100546466, -34.62836636503328 ], [ -58.345019100566574, -34.628366365032548 ], [ -58.345019100586185, -34.628366365028789 ], [ -58.345019100604617, -34.628366365022103 ], [ -58.345019100621258, -34.628366365012752 ], [ -58.345025298359531, -34.628362134360032 ], [ -58.345032524305353, -34.628357201610839 ], [ -58.345033522371921, -34.628356982639616 ], [ -58.345034549704835, -34.628356898002494 ], [ -58.345035580114697, -34.62835695038148 ], [ -58.345036586342644, -34.628357137947361 ], [ -58.345037544405066, -34.62835745616988 ], [ -58.34503842923408, -34.628357896010677 ], [ -58.345039216857025, -34.628358447533401 ], [ -58.345040593609795, -34.628359581046105 ], [ -58.345040593609902, -34.62835958104619 ], [ -58.345040951959689, -34.628359875255725 ], [ -58.345280616103743, -34.628557042779768 ], [ -58.345280616105612, -34.628557042781281 ], [ -58.345281814297252, -34.628557982311044 ], [ -58.345282015716386, -34.62855820424857 ], [ -58.345282806165685, -34.628559075776614 ], [ -58.345283561230509, -34.628560290703042 ], [ -58.345284058821328, -34.628561592816908 ], [ -58.345284285904881, -34.628562945147891 ], [ -58.345284235991919, -34.628564309830537 ], [ -58.345283909136057, -34.628565649005807 ], [ -58.345283315206373, -34.628566923922762 ], [ -58.345282471702653, -34.628568097640596 ], [ -58.345281401569366, -34.628569138632272 ], [ -58.345280136469938, -34.628570016282964 ], [ -58.345270702575021, -34.628575512109315 ], [ -58.345270702559077, -34.628575512120669 ], [ -58.345270702546053, -34.62857551213434 ], [ -58.34527070253646, -34.628575512149816 ], [ -58.345270702530634, -34.628575512166528 ], [ -58.345270702528801, -34.628575512183858 ], [ -58.345270702531025, -34.628575512201159 ], [ -58.345270702537235, -34.628575512217779 ], [ -58.345270702547197, -34.628575512233105 ], [ -58.345270702560533, -34.628575512246563 ], [ -58.345272428940675, -34.62857694717097 ], [ -58.345273850345343, -34.628578128501928 ], [ -58.345275577817389, -34.628579562525971 ], [ -58.345278074262822, -34.62858163639892 ], [ -58.345278218036249, -34.628581756426492 ], [ -58.345278218036491, -34.628581756426691 ], [ -58.345279801735124, -34.628583070422984 ], [ -58.345301591191671, -34.628601163122738 ], [ -58.345303318664648, -34.628602597146347 ], [ -58.345376922554919, -34.628663711421076 ], [ -58.34537692257134, -34.628663711432274 ], [ -58.345376922590084, -34.62866371144063 ], [ -58.345376922610427, -34.62866371144581 ], [ -58.345376922631608, -34.628663711447622 ], [ -58.345376922652804, -34.628663711446002 ], [ -58.345376922673211, -34.628663711441007 ], [ -58.345376922692061, -34.628663711432829 ], [ -58.345376922708624, -34.628663711421787 ], [ -58.345377067832423, -34.628663593539166 ], [ -58.345377210441868, -34.628663711699481 ], [ -58.345377210458309, -34.628663711710658 ], [ -58.345377210477075, -34.628663711718985 ], [ -58.345377210497425, -34.628663711724151 ], [ -58.34537721051862, -34.628663711725956 ], [ -58.34537721053983, -34.628663711724293 ], [ -58.345377210560237, -34.628663711719277 ], [ -58.34537721057908, -34.628663711711077 ], [ -58.345377210595629, -34.628663711699993 ], [ -58.345382882190648, -34.628659088404028 ], [ -58.34601432042848, -34.628144453226305 ], [ -58.346381123115464, -34.627845497759573 ], [ -58.346381123116615, -34.627845497758642 ], [ -58.347054154952147, -34.627280519507877 ], [ -58.347054243102598, -34.627280590741179 ], [ -58.347054243102718, -34.627280590741279 ], [ -58.347059991024295, -34.627285220492048 ], [ -58.347269989365245, -34.627454381272081 ], [ -58.347791591420979, -34.627876610909802 ], [ -58.347793314554451, -34.627878048499419 ], [ -58.348696882515284, -34.628631625977739 ], [ -58.348696882517523, -34.628631625979573 ], [ -58.348697079681251, -34.628631781208639 ], [ -58.348763043616309, -34.628683623275116 ], [ -58.34876305658193, -34.628683707087163 ], [ -58.348773331716551, -34.628752295591639 ], [ -58.348430816517642, -34.628786305789909 ], [ -58.348430816497711, -34.628786305793483 ], [ -58.348430816478917, -34.628786305800048 ], [ -58.348430816461949, -34.628786305809406 ], [ -58.348430816447369, -34.628786305821201 ], [ -58.348430816435716, -34.628786305835042 ], [ -58.348430816427381, -34.62878630585044 ], [ -58.348430816422656, -34.628786305866846 ], [ -58.348430816421718, -34.628786305883693 ], [ -58.348440116141525, -34.628947673787884 ], [ -58.348440116144822, -34.62894767380601 ], [ -58.348440116152481, -34.628947673823191 ], [ -58.348440116164184, -34.628947673838745 ], [ -58.348440116179439, -34.628947673852018 ], [ -58.348440116197629, -34.628947673862456 ], [ -58.348440116218015, -34.628947673869668 ], [ -58.348440116239715, -34.628947673873306 ], [ -58.348440116261877, -34.628947673873256 ], [ -58.348441754368132, -34.628947531188999 ], [ -58.348451312529384, -34.628946700969422 ], [ -58.348778489608058, -34.628918258791558 ], [ -58.34877875977439, -34.628919236103911 ], [ -58.348778917114267, -34.628919804144715 ], [ -58.348783634048381, -34.628936837242755 ], [ -58.348785547322279, -34.629015795091654 ], [ -58.348785547322343, -34.629015795093345 ], [ -58.34878866204528, -34.629082251403581 ], [ -58.348767165750722, -34.62914617776439 ], [ -58.348767165750019, -34.629146177766565 ], [ -58.348745834190943, -34.629216372743869 ], [ -58.348710284273587, -34.62929725057969 ], [ -58.348710284272656, -34.629297250581871 ], [ -58.348694656801953, -34.629335858928357 ], [ -58.34868903839785, -34.629345534830158 ], [ -58.348571846458782, -34.629371025802854 ], [ -58.348483880699945, -34.629390159448207 ], [ -58.348483880681179, -34.629390159453855 ], [ -58.34848388066397, -34.629390159462233 ], [ -58.348483880648907, -34.629390159473061 ], [ -58.348483880636472, -34.629390159485993 ], [ -58.348483880627107, -34.629390159500574 ], [ -58.348483880621117, -34.629390159516326 ], [ -58.348483880618701, -34.629390159532704 ], [ -58.348483332891782, -34.629405417310345 ], [ -58.348483332891767, -34.629405417310828 ], [ -58.348483331747872, -34.629405456070458 ], [ -58.348469548842061, -34.629789452325987 ], [ -58.348469548842026, -34.629789452327444 ], [ -58.348469106943185, -34.629816542187186 ], [ -58.348443660433702, -34.629857540773088 ], [ -58.348438609397959, -34.629858262551345 ], [ -58.348438425068196, -34.629858288518854 ], [ -58.348438425067947, -34.629858288518889 ], [ -58.348078888929699, -34.629909666433882 ], [ -58.347999246156213, -34.629916269774775 ], [ -58.347999246137796, -34.629916269777645 ], [ -58.347999246120239, -34.629916269783067 ], [ -58.347999246104052, -34.629916269790911 ], [ -58.347965745037875, -34.629935887200986 ], [ -58.347965531291663, -34.629935912235482 ], [ -58.347965531271917, -34.629935912239368 ], [ -58.347965531253394, -34.629935912246211 ], [ -58.347965531236717, -34.629935912255775 ], [ -58.347965531222478, -34.629935912267733 ], [ -58.347965531211173, -34.629935912281645 ], [ -58.347965531203165, -34.629935912297071 ], [ -58.34792571207646, -34.630038005225416 ], [ -58.34792571207641, -34.630038005225558 ], [ -58.347895923386226, -34.630114822873445 ], [ -58.347895923381685, -34.630114822891095 ], [ -58.347895923381479, -34.630114822909157 ], [ -58.347895923385629, -34.63011482292687 ], [ -58.34789592339397, -34.630114822943554 ], [ -58.347895923406156, -34.630114822958532 ], [ -58.347910084753529, -34.630128927312263 ], [ -58.347910084769353, -34.630128927325096 ], [ -58.347910084787991, -34.630128927335043 ], [ -58.347910084808689, -34.630128927341651 ], [ -58.347910084830573, -34.63012892734465 ], [ -58.347910084852735, -34.630128927343939 ], [ -58.347910344434126, -34.630128896941322 ], [ -58.347910344434275, -34.630128896941308 ], [ -58.347920132195448, -34.63012773886495 ], [ -58.348130880911214, -34.630102816440399 ], [ -58.348270227035769, -34.630086337529001 ], [ -58.348270534917418, -34.630087642086181 ], [ -58.34827053491744, -34.630087642086288 ], [ -58.348270603221991, -34.630087929702739 ], [ -58.348314057696783, -34.630271937296811 ], [ -58.348257545739877, -34.630339834606445 ], [ -58.348139311942496, -34.630417376519418 ], [ -58.348139311927369, -34.630417376531469 ], [ -58.348139311915325, -34.630417376545694 ], [ -58.348139311906813, -34.63041737656156 ], [ -58.348139311902116, -34.630417376578485 ], [ -58.348083144679222, -34.630776833971474 ], [ -58.347992233605098, -34.630975198659591 ], [ -58.347992233602284, -34.630975198666555 ], [ -58.347930611745603, -34.631151867696275 ], [ -58.347869821294644, -34.631165875881109 ], [ -58.34784777386372, -34.631170955232427 ], [ -58.34784660565488, -34.631171224527343 ], [ -58.347833264810582, -34.631130732946019 ], [ -58.347815608396381, -34.631077145006188 ], [ -58.347760148130575, -34.630908825834126 ], [ -58.347759822347264, -34.630907837572238 ], [ -58.34775925114473, -34.630906101803042 ], [ -58.347759251136878, -34.630906101786103 ], [ -58.347759251125076, -34.630906101770833 ], [ -58.347759251109821, -34.630906101757795 ], [ -58.347759251091702, -34.630906101747556 ], [ -58.347759251071487, -34.630906101740528 ], [ -58.347759251049972, -34.630906101736976 ], [ -58.34775925102803, -34.630906101737061 ], [ -58.347759251006551, -34.630906101740777 ], [ -58.347692296537353, -34.630923642976242 ], [ -58.34769229651868, -34.630923642982772 ], [ -58.347692296501798, -34.630923642992045 ], [ -58.347692296487267, -34.630923643003733 ], [ -58.347692296475628, -34.630923643017432 ], [ -58.347692296467244, -34.630923643032702 ], [ -58.347692296462419, -34.630923643048966 ], [ -58.347692296461325, -34.630923643065707 ], [ -58.347692296463997, -34.630923643082312 ], [ -58.347765292426494, -34.631186876463602 ], [ -58.347696001064499, -34.631322923848671 ], [ -58.347574125217506, -34.631391834269152 ], [ -58.347400094081578, -34.631434809943009 ], [ -58.347400094079212, -34.631434809943613 ], [ -58.347260864822118, -34.631472066540027 ], [ -58.347135605837352, -34.631471947308043 ], [ -58.347135605815964, -34.63147194730977 ], [ -58.346978995404768, -34.631497683145533 ], [ -58.346902455657649, -34.631491858185498 ], [ -58.346902455634059, -34.631491858185818 ], [ -58.346902455611101, -34.63149185819033 ], [ -58.346853723221997, -34.631506191972122 ], [ -58.346764575702011, -34.631483425380814 ], [ -58.346763290493108, -34.63148309695211 ], [ -58.346739856157576, -34.631424757422458 ], [ -58.34673967901859, -34.631424317361564 ], [ -58.346739019369593, -34.631422676152042 ], [ -58.346739019361486, -34.631422676136772 ], [ -58.346739019350132, -34.631422676123009 ], [ -58.346739019335892, -34.6314226761112 ], [ -58.34673901931928, -34.631422676101771 ], [ -58.346739019300841, -34.631422676095006 ], [ -58.346739019281209, -34.631422676091191 ], [ -58.346739019261072, -34.631422676090423 ], [ -58.346739019241099, -34.631422676092718 ], [ -58.346150834584051, -34.631537155936499 ], [ -58.346150834563133, -34.631537155942482 ], [ -58.346150834544105, -34.631537155951833 ], [ -58.346150834527755, -34.63153715596416 ], [ -58.346150834514738, -34.631537155978968 ], [ -58.346150834505629, -34.63153715599563 ], [ -58.346101952274893, -34.631657904335569 ], [ -58.346101952270118, -34.631657904352856 ], [ -58.346101952269535, -34.63165790437057 ], [ -58.346101952273145, -34.631657904388042 ], [ -58.346101952280833, -34.631657904404584 ], [ -58.34610195229228, -34.631657904419576 ], [ -58.346101952307052, -34.63165790443243 ], [ -58.346101952324581, -34.631657904442626 ], [ -58.346101952344185, -34.631657904449796 ], [ -58.346104032262275, -34.63165847073541 ], [ -58.347152345442673, -34.631943641638216 ], [ -58.347153502018422, -34.631943978967833 ], [ -58.347512044607015, -34.632048517367011 ], [ -58.347586979220964, -34.632070365812297 ], [ -58.347610590556954, -34.632081889382341 ], [ -58.347632072368789, -34.632096364871302 ], [ -58.347633195275044, -34.632097389039494 ], [ -58.347650683725064, -34.632113339966992 ], [ -58.347666004215768, -34.632132430268676 ], [ -58.347677686559912, -34.632153204571338 ], [ -58.347685147044793, -34.632174293076972 ], [ -58.34768546531869, -34.632175192986303 ], [ -58.347689182739337, -34.632198124946768 ], [ -58.347691241494019, -34.632210819751343 ], [ -58.347691241497138, -34.632210819763777 ], [ -58.34769139898205, -34.632211282339973 ], [ -58.347694839758866, -34.63222138688046 ], [ -58.347694839763598, -34.63222138689153 ], [ -58.347700069027269, -34.632231477802897 ], [ -58.347700069038162, -34.632231477819104 ], [ -58.347700069052841, -34.632231477833116 ], [ -58.347700069070683, -34.632231477844343 ], [ -58.347700069090919, -34.632231477852315 ], [ -58.347701233300164, -34.632231820592779 ], [ -58.347707379169293, -34.632233631048322 ], [ -58.347820680519192, -34.632318775338568 ], [ -58.347820680533339, -34.632318775347564 ], [ -58.347820680549077, -34.632318775354534 ], [ -58.347820680565981, -34.632318775359295 ], [ -58.348005290222211, -34.632357109692144 ], [ -58.348305266865673, -34.632431328007755 ], [ -58.348495628368731, -34.632483977917296 ], [ -58.348495628377634, -34.632483977919406 ], [ -58.348579280720436, -34.632500750871991 ], [ -58.348579280738925, -34.632500750874343 ], [ -58.34871199831646, -34.632508031080711 ], [ -58.34887932608963, -34.632524883311795 ], [ -58.348879326106371, -34.632524883312406 ], [ -58.348879326123026, -34.6325248833109 ], [ -58.349009214493243, -34.632504638478558 ], [ -58.349043599709645, -34.632507230712982 ], [ -58.349072605458232, -34.632555114965939 ], [ -58.349072605469438, -34.632555114980683 ], [ -58.349072605483862, -34.63255511499338 ], [ -58.349072605500979, -34.632555115003541 ], [ -58.349072605520135, -34.632555115010788 ], [ -58.349072605540634, -34.632555115014846 ], [ -58.349072605561673, -34.632555115015599 ], [ -58.349072605582514, -34.63255511501297 ], [ -58.34956268169838, -34.632452541035683 ], [ -58.349562681700228, -34.632452541035285 ], [ -58.350146282159166, -34.632321431895669 ], [ -58.350146282188099, -34.632321431885259 ], [ -58.350191106939228, -34.632298419721245 ], [ -58.350191106939228, -34.632298419721245 ], [ -58.350191106955513, -34.63229841971102 ], [ -58.350191106969206, -34.632298419698465 ], [ -58.350244277397643, -34.632239320714731 ], [ -58.350920402537611, -34.631577431025377 ], [ -58.350920402538435, -34.631577431024546 ], [ -58.351143018647264, -34.631354162897644 ], [ -58.351251155533198, -34.631251890138273 ], [ -58.351251155546194, -34.631251890123067 ], [ -58.351251155555119, -34.631251890106007 ], [ -58.351287638905049, -34.631156047078434 ], [ -58.35135712677306, -34.630977235440668 ], [ -58.351497800700606, -34.630643941034833 ], [ -58.351497800701459, -34.63064394103273 ], [ -58.351684451429485, -34.630163994569131 ], [ -58.351885616971664, -34.629684642453149 ], [ -58.351953099018118, -34.629523838917528 ], [ -58.351953099023106, -34.629523838900326 ], [ -58.351953099023945, -34.629523838882655 ], [ -58.351953099020584, -34.629523838865182 ], [ -58.351953099013173, -34.629523838848591 ], [ -58.351953099001975, -34.629523838833521 ], [ -58.35195309898743, -34.629523838820532 ], [ -58.351953098970107, -34.629523838810165 ], [ -58.351953098950652, -34.62952383880279 ], [ -58.351952994407206, -34.629523808990143 ], [ -58.351953012966518, -34.629523765824807 ], [ -58.351953012966803, -34.629523765824167 ], [ -58.352075188867339, -34.629232631141249 ], [ -58.352100313139864, -34.629223243267191 ], [ -58.352197246003762, -34.629193528934053 ], [ -58.352197246021639, -34.629193528926983 ], [ -58.352197246037669, -34.629193528917362 ], [ -58.352197246051333, -34.629193528905503 ], [ -58.352307813903252, -34.629078145365547 ], [ -58.352386460945198, -34.629009278342707 ], [ -58.35238658622535, -34.629009320799845 ], [ -58.35239470559916, -34.629012072097694 ], [ -58.352571284943025, -34.629071908169337 ], [ -58.352571284949086, -34.629071908171227 ], [ -58.352696489169595, -34.629107314968884 ], [ -58.352881689317968, -34.62915968836036 ], [ -58.352881689334978, -34.629159688363941 ], [ -58.352881689352458, -34.62915968836522 ], [ -58.352881861634309, -34.629159689422515 ], [ -58.352958362055986, -34.629176625071693 ], [ -58.352958362077118, -34.629176625074571 ], [ -58.352958362098519, -34.629176625073981 ], [ -58.352958362119367, -34.629176625069938 ], [ -58.352958362138857, -34.629176625062613 ], [ -58.352992758324824, -34.6291601557256 ], [ -58.352992758340527, -34.629160155716477 ], [ -58.352992758354034, -34.629160155705222 ], [ -58.352992795479523, -34.629160118780682 ], [ -58.352992795480006, -34.629160118780192 ], [ -58.352995710977432, -34.629157177387107 ], [ -58.352995710980828, -34.629157177383497 ], [ -58.353291977810031, -34.628825336573698 ], [ -58.353434127604771, -34.628676639747958 ], [ -58.353434127609361, -34.6286766397428 ], [ -58.353630666283166, -34.628437989618043 ], [ -58.353971583166278, -34.628087700083569 ], [ -58.3541628716075, -34.627960603831553 ], [ -58.354172386628051, -34.627954281687956 ], [ -58.354595330988836, -34.627673266471618 ], [ -58.354760667097111, -34.627567553004482 ], [ -58.354879843120315, -34.627491352173706 ], [ -58.355166664439807, -34.627307960926842 ], [ -58.356192777442942, -34.626651858816786 ], [ -58.356197115568591, -34.626649085357272 ], [ -58.356342314395867, -34.626556242317591 ], [ -58.356342314396684, -34.626556242317065 ], [ -58.357190350704258, -34.626003204934044 ], [ -58.357190350720686, -34.626003204920785 ], [ -58.357190350733397, -34.626003204904983 ], [ -58.357190350741817, -34.626003204887326 ], [ -58.357190350745569, -34.626003204868589 ], [ -58.357190350744517, -34.626003204849631 ], [ -58.357190350738662, -34.626003204831285 ], [ -58.357181003192011, -34.62598285265716 ], [ -58.360298598321471, -34.623943095306771 ], [ -58.360300084711682, -34.623944686591742 ], [ -58.360349281623272, -34.623997329491331 ], [ -58.360349281623272, -34.623997329491331 ], [ -58.36034928163793, -34.623997329504171 ], [ -58.360349281655317, -34.623997329514424 ], [ -58.360349281674807, -34.623997329521664 ], [ -58.360349281695626, -34.623997329525622 ], [ -58.360349281716971, -34.623997329526148 ], [ -58.360349281738038, -34.623997329523235 ], [ -58.360349281758012, -34.623997329516975 ], [ -58.360349281776131, -34.623997329507617 ], [ -58.360349526222798, -34.623997173768551 ], [ -58.360356510409986, -34.623992726656049 ], [ -58.360383941887498, -34.623975261384864 ], [ -58.360383941887626, -34.623975261384778 ], [ -58.36044202639976, -34.623938166530394 ], [ -58.36044202640069, -34.623938166529804 ], [ -58.360507131026694, -34.623895660997306 ], [ -58.360507667815625, -34.623896245495644 ], [ -58.360727543607744, -34.624135301045456 ], [ -58.36072754361016, -34.624135301047993 ], [ -58.360841652061659, -34.624250592803783 ], [ -58.360841652076381, -34.62425059281604 ], [ -58.360841652093669, -34.624250592825753 ], [ -58.360841652112882, -34.624250592832567 ], [ -58.36084165213331, -34.624250592836219 ], [ -58.360841652154214, -34.624250592836582 ], [ -58.360841652174813, -34.624250592833647 ], [ -58.360841652194352, -34.624250592827501 ], [ -58.360841652212123, -34.624250592818406 ], [ -58.360863223323577, -34.62423701033498 ], [ -58.360863223325545, -34.624237010333708 ], [ -58.360870080022416, -34.624232484661505 ], [ -58.360972338888139, -34.624164997462259 ], [ -58.361227979328383, -34.623996281333071 ], [ -58.361300257379895, -34.623948579237059 ], [ -58.36131124460492, -34.623941328400107 ], [ -58.361397323143059, -34.623884519035144 ], [ -58.36144432214801, -34.623853500818434 ], [ -58.361494604835968, -34.623820314708439 ], [ -58.361583620896049, -34.623761566006934 ], [ -58.361617411803884, -34.623739265143087 ], [ -58.361664764225736, -34.623708012766357 ], [ -58.361667453177567, -34.623706238311001 ], [ -58.361704609594717, -34.623681715526018 ], [ -58.361771525488052, -34.623637553115735 ], [ -58.361773032632676, -34.623639132682705 ], [ -58.361773750300813, -34.623639885063014 ], [ -58.361917376796796, -34.623790370959945 ], [ -58.36191667844566, -34.623790837258198 ], [ -58.361911352871822, -34.623794398843089 ], [ -58.361910238656819, -34.623795137079952 ], [ -58.361910238656591, -34.623795137080094 ], [ -58.361908083333418, -34.62379657305101 ], [ -58.361901013868078, -34.623801287001584 ], [ -58.361899908378263, -34.623802023442892 ], [ -58.36189990837812, -34.623802023442977 ], [ -58.361897850175218, -34.623803399099401 ], [ -58.361877108707425, -34.623817287864377 ], [ -58.361878072611823, -34.623816588574741 ], [ -58.361878072626268, -34.623816588562022 ], [ -58.361878072637474, -34.623816588547236 ], [ -58.36187807264502, -34.623816588530964 ], [ -58.361878072648629, -34.623816588513776 ], [ -58.361878072648189, -34.623816588496346 ], [ -58.361878072643684, -34.623816588479308 ], [ -58.361878072635285, -34.623816588463299 ], [ -58.361878072623327, -34.623816588448932 ], [ -58.361878072608249, -34.623816588436739 ], [ -58.361878072590606, -34.623816588427182 ], [ -58.361878072571074, -34.623816588420596 ], [ -58.361878072550368, -34.623816588417256 ], [ -58.361878072529272, -34.62381658841727 ], [ -58.361878072508574, -34.623816588420638 ], [ -58.361878072489041, -34.623816588427246 ], [ -58.361878072471427, -34.623816588436831 ], [ -58.361868599947165, -34.6238229076165 ], [ -58.361867952804083, -34.623823338857783 ], [ -58.361866845129455, -34.623824078001277 ], [ -58.361859900065852, -34.62382871092521 ], [ -58.361859473365861, -34.62382899541857 ], [ -58.361846078688579, -34.623837930856695 ], [ -58.361845634528748, -34.623838226152444 ], [ -58.361845634528613, -34.623838226152529 ], [ -58.361831341704622, -34.62384776028528 ], [ -58.361830450107725, -34.623848355381206 ], [ -58.361816846985391, -34.623857429461125 ], [ -58.361816846985221, -34.623857429461218 ], [ -58.361816678923738, -34.623857541998653 ], [ -58.361804505409864, -34.62386566176297 ], [ -58.361804505409751, -34.623865661763048 ], [ -58.361804222760988, -34.62386585082568 ], [ -58.361795944115819, -34.623871372336268 ], [ -58.361795944115414, -34.623871372336545 ], [ -58.361795825162339, -34.623871452463646 ], [ -58.361785299516811, -34.623878472965266 ], [ -58.361784638185298, -34.623878914109937 ], [ -58.361772310789839, -34.623887137406108 ], [ -58.361772109989197, -34.623887271550331 ], [ -58.361757189648166, -34.623897223410133 ], [ -58.361757189647477, -34.62389722341058 ], [ -58.361757109981376, -34.623897277429144 ], [ -58.36174545482681, -34.623905051474161 ], [ -58.361744717102944, -34.623905543935862 ], [ -58.361735556673111, -34.62391165423584 ], [ -58.361727323852648, -34.623917146033087 ], [ -58.361727187439364, -34.623917236962747 ], [ -58.36170949080153, -34.62392904072253 ], [ -58.36170859811137, -34.623929636718074 ], [ -58.361692513328705, -34.623940366425423 ], [ -58.361692426025066, -34.62394042404334 ], [ -58.361692426024618, -34.623940424043639 ], [ -58.361629767469005, -34.623982220184232 ], [ -58.361627721265023, -34.623983585029023 ], [ -58.361557176838112, -34.624030641546518 ], [ -58.361556683565311, -34.62403097105426 ], [ -58.361547104044298, -34.624037361331453 ], [ -58.361546691529774, -34.624037635919919 ], [ -58.361546691529689, -34.624037635919976 ], [ -58.361540459056179, -34.624041793471022 ], [ -58.361540212419683, -34.624041958224886 ], [ -58.361533064336555, -34.624046726173347 ], [ -58.361532446655545, -34.624047137606212 ], [ -58.361515918755352, -34.624058162585776 ], [ -58.361515293433442, -34.624058580322178 ], [ -58.361490131075257, -34.624075364466457 ], [ -58.361490131075136, -34.624075364466542 ], [ -58.361489894260117, -34.624075522918439 ], [ -58.361462711874424, -34.624093653892949 ], [ -58.361462711872257, -34.624093653894434 ], [ -58.361462682406618, -34.624093674601703 ], [ -58.361440482941568, -34.624108481693725 ], [ -58.361440482940679, -34.624108481694329 ], [ -58.361440432739883, -34.624108515906009 ], [ -58.361419706537525, -34.624122340777411 ], [ -58.361418957896781, -34.624122840439348 ], [ -58.361355496951937, -34.624165171209889 ], [ -58.361355308154536, -34.624165297250677 ], [ -58.361339232011808, -34.624176020608402 ], [ -58.361339002835628, -34.624176173658 ], [ -58.361309834190635, -34.62419563072703 ], [ -58.361309617018939, -34.624195775673826 ], [ -58.361289778011283, -34.624209009033123 ], [ -58.361287751439207, -34.624210361268723 ], [ -58.36121180024962, -34.624261023243108 ], [ -58.361208100687939, -34.624263490934553 ], [ -58.361176299727333, -34.624284702632593 ], [ -58.361176299727205, -34.624284702632686 ], [ -58.361175959235595, -34.624284930406446 ], [ -58.361099878043674, -34.624335678737665 ], [ -58.361096167561179, -34.624338154529291 ], [ -58.361047491479397, -34.624370623388103 ], [ -58.361047158627841, -34.62437084485795 ], [ -58.36104715862772, -34.624370844858028 ], [ -58.361044299373766, -34.624372752565009 ], [ -58.361043210340497, -34.624373397066087 ], [ -58.361038514825985, -34.624376177611019 ], [ -58.361038387153364, -34.624376253223126 ], [ -58.361038032507651, -34.624376462956249 ], [ -58.361038032496914, -34.624376462963497 ], [ -58.361033141693184, -34.62438021597486 ], [ -58.361033141681517, -34.62438021598534 ], [ -58.361028491536153, -34.624385123013745 ], [ -58.361028491530298, -34.624385123020552 ], [ -58.361022904107351, -34.624392297231417 ], [ -58.361022904096949, -34.624392297248541 ], [ -58.361020437428422, -34.624397730732852 ], [ -58.361020437424251, -34.624397730744306 ], [ -58.36101879016244, -34.624403648075841 ], [ -58.361018790160074, -34.624403648088219 ], [ -58.361018306937318, -34.624408225085304 ], [ -58.361018306936934, -34.624408225095252 ], [ -58.361018521172419, -34.624415806203018 ], [ -58.361018521176774, -34.62441580622621 ], [ -58.361020982452203, -34.62442276723943 ], [ -58.361020982453212, -34.624422767242102 ], [ -58.361022724990548, -34.624427182047292 ], [ -58.361022724994214, -34.624427182055285 ], [ -58.361025565474279, -34.62443258122839 ], [ -58.361025565474328, -34.624432581228504 ], [ -58.361025752592802, -34.624432935642588 ], [ -58.361025793931553, -34.624433015001863 ], [ -58.361025793946361, -34.624433015022305 ], [ -58.361031965523978, -34.624439431083758 ], [ -58.361032886849777, -34.62444038916243 ], [ -58.361045079720661, -34.624453065212947 ], [ -58.361046714368022, -34.624454763953928 ], [ -58.361055957037664, -34.624464372707926 ], [ -58.361061883585791, -34.624470534362487 ], [ -58.361094911966241, -34.624504871824485 ], [ -58.361096601067331, -34.624506627399775 ], [ -58.361110483058134, -34.624521059920291 ], [ -58.361111562297666, -34.624522181287396 ], [ -58.361128073238064, -34.624539346404269 ], [ -58.361129167723007, -34.624540484910888 ], [ -58.361141657930922, -34.624553470387092 ], [ -58.361147197882651, -34.62455922968109 ], [ -58.361187452127353, -34.624601079278847 ], [ -58.361187615483992, -34.624601248882271 ], [ -58.361198729161089, -34.624612802649295 ], [ -58.361199404366388, -34.624613505419269 ], [ -58.36120753407004, -34.624621956710364 ], [ -58.361210195690745, -34.624624723587907 ], [ -58.361221984580958, -34.624636979221343 ], [ -58.361224303153669, -34.624639389751273 ], [ -58.361254205022377, -34.62467047674285 ], [ -58.361254927058617, -34.624671227326907 ], [ -58.361265532170613, -34.624682252431199 ], [ -58.361265671567821, -34.624682397676082 ], [ -58.361265671567885, -34.624682397676146 ], [ -58.361266465414872, -34.624683223069148 ], [ -58.361266357456579, -34.624683297737192 ], [ -58.361196504422544, -34.624722536614961 ], [ -58.361196504416974, -34.624722536618307 ], [ -58.360926245217385, -34.624895938583109 ], [ -58.360926245213726, -34.62489593858556 ], [ -58.360771441510799, -34.625004449268751 ], [ -58.360759932064028, -34.625002646681274 ], [ -58.360759932040892, -34.625002646679732 ], [ -58.360759932017892, -34.625002646682262 ], [ -58.360759931996064, -34.625002646688763 ], [ -58.360759931976396, -34.625002646698931 ], [ -58.35899574039054, -34.626147505093435 ], [ -58.357459153831918, -34.627136495476549 ], [ -58.357383578605571, -34.627185137089725 ], [ -58.357383578605074, -34.627185137090045 ], [ -58.355846117849431, -34.628186457413754 ], [ -58.355846117843335, -34.628186457418032 ], [ -58.355467607724805, -34.628472560573222 ], [ -58.355467607718609, -34.628472560578295 ], [ -58.355130224046938, -34.628771818253583 ], [ -58.355130224043741, -34.628771818256531 ], [ -58.354892180073811, -34.62900247619465 ], [ -58.35489218006871, -34.629002476199979 ], [ -58.354693381282061, -34.629227443711144 ], [ -58.35469338127691, -34.629227443717518 ], [ -58.354293029432469, -34.629772218818452 ], [ -58.354293029430153, -34.629772218821778 ], [ -58.354271384188209, -34.629804709096227 ], [ -58.354213607373417, -34.629891432388099 ], [ -58.354193579185839, -34.629921494774251 ], [ -58.354121727807353, -34.63002934366861 ], [ -58.35406753457459, -34.630110687732071 ], [ -58.354067534570824, -34.630110687738274 ], [ -58.354041353514717, -34.63015833574849 ], [ -58.354041353513942, -34.63015833574994 ], [ -58.353978633328282, -34.630278035556053 ], [ -58.353978633327351, -34.630278035557858 ], [ -58.353919087064078, -34.630398837904679 ], [ -58.353919087062998, -34.630398837906952 ], [ -58.353836397506676, -34.630580548955166 ], [ -58.353791354980629, -34.630669515370435 ], [ -58.353791354977638, -34.630669515377079 ], [ -58.353749138225965, -34.630775628369641 ], [ -58.35374913822465, -34.630775628373172 ], [ -58.353719170865091, -34.630862827996317 ], [ -58.353713356111093, -34.630875383116944 ], [ -58.353713356109871, -34.630875383119715 ], [ -58.353678716160289, -34.630958186832061 ], [ -58.353678716158591, -34.63095818683648 ], [ -58.353644603120379, -34.631055709352601 ], [ -58.353644603118738, -34.631055709357888 ], [ -58.353619541635744, -34.631147984737119 ], [ -58.353466124325983, -34.631576935697147 ], [ -58.353466124325884, -34.631576935697431 ], [ -58.352765054609257, -34.633561157767403 ], [ -58.35276505460547, -34.633561157783312 ], [ -58.3527650546052, -34.633561157799519 ], [ -58.352765054608447, -34.633561157815514 ], [ -58.353028215028125, -34.63439131156386 ], [ -58.353196708216387, -34.634933610957333 ], [ -58.353198851871113, -34.634940512335731 ], [ -58.353250889291353, -34.635108922299935 ], [ -58.353250889295417, -34.635108922310373 ], [ -58.353289388726566, -34.635190507305424 ], [ -58.353292323955117, -34.635196727923528 ], [ -58.353318648262039, -34.635258555491916 ], [ -58.353381866775671, -34.635407029828571 ], [ -58.353387019027878, -34.635419129679946 ], [ -58.353468115810628, -34.635609593640645 ], [ -58.353479912013391, -34.635637298484546 ], [ -58.353510942042504, -34.635710177105793 ], [ -58.353510942053852, -34.635710177124878 ], [ -58.353538775801425, -34.635745693651529 ], [ -58.353819590397237, -34.636104025655555 ], [ -58.353912210836789, -34.63622221235201 ], [ -58.353913232090598, -34.636223515814791 ], [ -58.354005958405743, -34.636341836843997 ], [ -58.354007800588079, -34.636344187586161 ], [ -58.354067644354664, -34.63642054970849 ], [ -58.354069053213074, -34.63642234749333 ], [ -58.354142384706762, -34.636515920683159 ], [ -58.354142384721015, -34.636515920697754 ], [ -58.354142384738623, -34.636515920709606 ], [ -58.354143437498415, -34.636516489544199 ], [ -58.354869950968748, -34.63690898423603 ], [ -58.354920698096215, -34.636937650213888 ], [ -58.354920698100699, -34.636937650216289 ], [ -58.355249657811505, -34.63710457162103 ], [ -58.356047816946109, -34.637536483957703 ], [ -58.356048677268056, -34.637537446512496 ], [ -58.356094387178601, -34.637588562752491 ], [ -58.356127017855165, -34.637625054622426 ], [ -58.356232227291137, -34.637742710645796 ], [ -58.35650028018086, -34.638043412956549 ], [ -58.356520563536556, -34.638066166237614 ], [ -58.35658663779828, -34.638140288935517 ], [ -58.356590838232691, -34.638144999806293 ], [ -58.356590931889592, -34.638145105353864 ], [ -58.35659093188967, -34.638145105353956 ], [ -58.356591114848079, -34.638145311036936 ], [ -58.356591114848136, -34.638145311037007 ], [ -58.356632614977777, -34.638191865826883 ], [ -58.356637456863339, -34.638197296587272 ], [ -58.356659071103799, -34.638221543754028 ], [ -58.356662844641541, -34.638225775597071 ], [ -58.356697339025324, -34.638264472001865 ], [ -58.356701549272813, -34.638269194595821 ], [ -58.356724525946582, -34.63829496994061 ], [ -58.35672513145699, -34.638295648334783 ], [ -58.356726530879499, -34.638297218923242 ], [ -58.356762563057515, -34.63833763925939 ], [ -58.356763302519589, -34.638338469208229 ], [ -58.35685579209693, -34.638442221844571 ], [ -58.356856912728119, -34.638443479396813 ], [ -58.356918355854731, -34.638512404810285 ], [ -58.356960007728361, -34.638559129084875 ], [ -58.356967567929644, -34.638567610791547 ], [ -58.356967567940785, -34.638567610802205 ], [ -58.356967567953809, -34.638567610811286 ], [ -58.356968530234717, -34.638568182246715 ], [ -58.35697019651623, -34.638569172553005 ], [ -58.357602784448503, -34.638945414659631 ], [ -58.357690978297768, -34.638997868747843 ], [ -58.357861889002805, -34.639099518786132 ], [ -58.357895484228017, -34.639119499770189 ], [ -58.357969335585445, -34.639163422877175 ], [ -58.357972836023841, -34.639165504565852 ], [ -58.358030971437991, -34.639200081700579 ], [ -58.358030971457595, -34.639200081709859 ], [ -58.358030971479096, -34.639200081715607 ], [ -58.358030971501577, -34.639200081717547 ], [ -58.358031260515581, -34.639200081967019 ], [ -58.358031260516455, -34.639200081967019 ], [ -58.358042389284897, -34.639200017656229 ], [ -58.358046553301904, -34.63919999420748 ], [ -58.358960175531038, -34.639194786653334 ], [ -58.360174623313256, -34.639187852896455 ], [ -58.360300888546192, -34.639187132098378 ], [ -58.360314918379949, -34.639187052001937 ], [ -58.360352017169411, -34.639186839941239 ], [ -58.360357940353609, -34.639186803475994 ], [ -58.360367136659171, -34.639189277508024 ], [ -58.360368365378939, -34.639189608463347 ], [ -58.360454564442172, -34.639212795296331 ], [ -58.360465315479232, -34.639215687090804 ], [ -58.360518392534019, -34.63922996429276 ], [ -58.360551219136504, -34.639238794281717 ], [ -58.360903964091072, -34.639333679253632 ], [ -58.360942426338553, -34.639344024642185 ], [ -58.3609542447753, -34.639347203939685 ], [ -58.361126411337025, -34.639393514313255 ], [ -58.361127202752101, -34.639394693997531 ], [ -58.361362828363212, -34.639746004450807 ], [ -58.361378918486231, -34.639769993762663 ], [ -58.36138556573497, -34.639779904077187 ], [ -58.361442908900216, -34.639865401674278 ], [ -58.361426848603834, -34.639891040714375 ], [ -58.361426707638401, -34.63989126504913 ], [ -58.361426707630159, -34.639891265066353 ], [ -58.361426707626372, -34.639891265084621 ], [ -58.361426707627167, -34.639891265103145 ], [ -58.361426707632539, -34.639891265121136 ], [ -58.361426707642245, -34.639891265137834 ], [ -58.361426725031393, -34.639891288545819 ], [ -58.36111655576498, -34.640386420201381 ], [ -58.361106324108029, -34.640402753397971 ], [ -58.360979100666896, -34.640605842101536 ], [ -58.36097597421967, -34.640610833322604 ], [ -58.360906921306047, -34.640721062671965 ], [ -58.360904860253967, -34.640721770343191 ], [ -58.35989536645819, -34.641068506346116 ], [ -58.359857747170906, -34.641081427788897 ], [ -58.359717986802721, -34.641129431248501 ], [ -58.359710820382688, -34.641131893238075 ], [ -58.359460649017919, -34.641217817977832 ], [ -58.359456849760456, -34.641219122697208 ], [ -58.35942398650355, -34.641230410182821 ], [ -58.359423986503288, -34.641230410182906 ], [ -58.359423789011196, -34.641230478522246 ], [ -58.359368598273022, -34.6412494342472 ], [ -58.359367121995049, -34.641249941387613 ], [ -58.359354914605682, -34.641254134285482 ], [ -58.359354306855039, -34.641254342895941 ], [ -58.359159110664947, -34.641321385029066 ], [ -58.359149748886388, -34.641324600497278 ], [ -58.359109850024993, -34.641338304894965 ], [ -58.359107363369631, -34.641339159115496 ], [ -58.358883510732895, -34.641416043217141 ], [ -58.358864769675435, -34.641422479503916 ], [ -58.358568935317734, -34.641524086691945 ], [ -58.358550288048434, -34.641530490559802 ], [ -58.358544651312016, -34.641532427367679 ], [ -58.358541808940394, -34.641533402962224 ], [ -58.358530518010461, -34.641537281069034 ], [ -58.358519042680378, -34.641541222115443 ], [ -58.358485284449266, -34.641552816862493 ], [ -58.358485284428937, -34.641552816871673 ], [ -58.358485284411415, -34.641552816884221 ], [ -58.358332188115448, -34.641688277065626 ], [ -58.358129532996607, -34.641866994727799 ], [ -58.358129532982588, -34.641866994743168 ], [ -58.358129532972825, -34.641866994760647 ], [ -58.357864933283984, -34.642516070405399 ], [ -58.357837689965365, -34.642582117908034 ], [ -58.357837689965216, -34.642582117908425 ], [ -58.357770312449276, -34.642747920991319 ], [ -58.357478593120518, -34.643458690341483 ], [ -58.357478593117342, -34.643458690350876 ], [ -58.357468388550103, -34.643496623875002 ], [ -58.357465603992424, -34.643506973313556 ], [ -58.357448796902489, -34.64356944574677 ], [ -58.357448356365971, -34.643571085940529 ], [ -58.357437057018608, -34.643613083894643 ], [ -58.357436708537229, -34.643614378926124 ], [ -58.357417485035235, -34.643685837269381 ], [ -58.357417132173353, -34.64368714581822 ], [ -58.357401474562778, -34.643745347433395 ], [ -58.357398775464688, -34.643755379645967 ], [ -58.357396132253001, -34.643765205482836 ], [ -58.357392663858377, -34.643778099021105 ], [ -58.357392663858043, -34.643778099022356 ], [ -58.357388650548678, -34.64379408844917 ], [ -58.357362547021154, -34.643898077395001 ], [ -58.357361103272957, -34.643903833480948 ], [ -58.357326507110329, -34.644041656876624 ], [ -58.357326507108063, -34.644041656896022 ], [ -58.357326507110891, -34.644041656915356 ], [ -58.357333590715768, -34.644066822475111 ], [ -58.357467093174748, -34.644541081970708 ], [ -58.357467093175323, -34.644541081972626 ], [ -58.357486675822912, -34.644604303501879 ], [ -58.357570927804879, -34.644876316436786 ], [ -58.35759291229251, -34.644947294903297 ], [ -58.357602425627469, -34.644978008957871 ], [ -58.357602425634212, -34.644978008973496 ], [ -58.357602425644288, -34.64497800898782 ], [ -58.357602425657376, -34.644978009000376 ], [ -58.357602425673029, -34.644978009010735 ], [ -58.357602425690708, -34.644978009018566 ], [ -58.357603868042439, -34.644978512356978 ], [ -58.357738731786, -34.645025603722701 ], [ -58.357821330781128, -34.645054444762387 ], [ -58.358099009868027, -34.645151402870141 ], [ -58.358101166317965, -34.645152155609289 ], [ -58.358296937875785, -34.645220512789223 ], [ -58.358750966981461, -34.645379044457833 ], [ -58.358920065511256, -34.645472547976787 ], [ -58.359142086940714, -34.645595314949809 ], [ -58.359159820432239, -34.645605120365047 ], [ -58.359817986588496, -34.645969049193958 ], [ -58.359819588230692, -34.645970410781665 ], [ -58.360253290900154, -34.646339092634811 ], [ -58.3602532909008, -34.646339092635351 ], [ -58.360255012447688, -34.646340531847088 ], [ -58.36088752613307, -34.646869096473694 ], [ -58.360994174294873, -34.646974126015941 ], [ -58.361134418219059, -34.647122625508111 ], [ -58.361397674579962, -34.647401378486862 ], [ -58.361397674582086, -34.647401378489036 ], [ -58.361437617559339, -34.647441072313732 ], [ -58.361453694985656, -34.64745704980038 ], [ -58.361473186613807, -34.647476419455877 ], [ -58.361511308175906, -34.647514303496799 ], [ -58.361576669310629, -34.647579257204995 ], [ -58.36167150125776, -34.647673497171816 ], [ -58.361671501268511, -34.647673497181046 ], [ -58.361802752757193, -34.647771473082052 ], [ -58.361804996729759, -34.647824899065995 ], [ -58.361804996732474, -34.647824899083119 ], [ -58.361804996739103, -34.647824899099504 ], [ -58.361804996749377, -34.647824899114532 ], [ -58.361804996762942, -34.64782489912767 ], [ -58.361804996779277, -34.647824899138428 ], [ -58.361825715860491, -34.647836038939154 ], [ -58.36238952596711, -34.648139167650385 ], [ -58.362389525967416, -34.648139167650548 ], [ -58.362397896326094, -34.648143634777355 ], [ -58.362397896343815, -34.648143634785001 ], [ -58.362397896362921, -34.648143634789861 ], [ -58.362397896382781, -34.648143634791744 ], [ -58.363079239443643, -34.648156431566605 ], [ -58.363079239455715, -34.648156431566278 ], [ -58.363081473482204, -34.648156268443408 ], [ -58.363911183401882, -34.648095811753755 ], [ -58.363921999957761, -34.648095111157289 ], [ -58.363923998527547, -34.648095721234185 ], [ -58.36433741995873, -34.648221854382598 ], [ -58.364338974785376, -34.648223233891969 ], [ -58.364553222493562, -34.648413216685512 ], [ -58.364635844390747, -34.648486482049215 ], [ -58.364900435275111, -34.648721105147153 ], [ -58.364949385727797, -34.648764510799118 ], [ -58.364974975092743, -34.648787202917248 ], [ -58.364974975111231, -34.648787202930343 ], [ -58.364975286857735, -34.64878737805617 ], [ -58.365001051745871, -34.648801838590884 ], [ -58.365065725066039, -34.648838136593952 ], [ -58.365089973759886, -34.648851746755675 ], [ -58.365133162747497, -34.648875986319894 ], [ -58.365133162752493, -34.64887598632253 ], [ -58.36614553935712, -34.649380031696452 ], [ -58.366145539357873, -34.649380031696829 ], [ -58.366239084702471, -34.649425765547974 ], [ -58.366976225970213, -34.649786140693912 ], [ -58.367072027871565, -34.649835689570892 ], [ -58.367622011030576, -34.650120138247338 ], [ -58.367623744314102, -34.650121034711979 ], [ -58.367652637829174, -34.650135978494127 ], [ -58.367714618568854, -34.650168034522494 ], [ -58.368636686906861, -34.65066520246193 ], [ -58.368641449559078, -34.650667770681167 ], [ -58.369016781423035, -34.650912512448585 ], [ -58.369187457701742, -34.651023804022145 ], [ -58.36966067191436, -34.651332252837186 ], [ -58.369863820037629, -34.65177038515975 ], [ -58.369899342113833, -34.651847590567932 ], [ -58.370015996198113, -34.652100755513949 ], [ -58.369982491564258, -34.652211687639408 ], [ -58.369731713021281, -34.653041981902142 ], [ -58.369674930500473, -34.653229978714734 ], [ -58.36967493049751, -34.653229978729961 ], [ -58.369674930497752, -34.653229978745379 ], [ -58.369674930501148, -34.653229978760535 ], [ -58.369683650485328, -34.653256088605836 ], [ -58.369790879786393, -34.653576663258768 ], [ -58.369790879793513, -34.653576663274308 ], [ -58.369790879803958, -34.653576663288497 ], [ -58.369790879817394, -34.653576663300875 ], [ -58.370316713681113, -34.653979280872285 ], [ -58.370316713703161, -34.653979280885373 ], [ -58.370829406572575, -34.654209580018367 ], [ -58.370832131165031, -34.654210803500526 ], [ -58.371242011458641, -34.65439491736015 ], [ -58.371800587517164, -34.654645819099436 ], [ -58.372547310984729, -34.654981228078512 ], [ -58.37256938995322, -34.655007663130093 ], [ -58.372671744142863, -34.655130216153857 ], [ -58.373267420208627, -34.65592863041676 ], [ -58.373267999694441, -34.655929407863276 ], [ -58.373267999694541, -34.655929407863397 ], [ -58.373268104263957, -34.655929547659746 ], [ -58.373268104264895, -34.655929547660975 ], [ -58.373275531248972, -34.655939127961602 ], [ -58.373541516057699, -34.656282182175012 ], [ -58.373541516058125, -34.656282182175566 ], [ -58.373629627446427, -34.656394006980896 ], [ -58.373629627446427, -34.656394006980896 ], [ -58.373629627464631, -34.656394006998539 ], [ -58.373713448179451, -34.656456721371491 ], [ -58.37406321480487, -34.656718414860599 ], [ -58.374122731865157, -34.656762944970822 ], [ -58.374122731880128, -34.656762944980215 ], [ -58.374122731896833, -34.656762944987342 ], [ -58.374122731914774, -34.656762944992003 ], [ -58.374532091738558, -34.65683789968115 ], [ -58.375106163042005, -34.656943011854231 ], [ -58.375106163060636, -34.656943011856271 ], [ -58.375106163079401, -34.656943011855638 ], [ -58.376221521336561, -34.656825517393038 ], [ -58.376376228388715, -34.656819903806344 ], [ -58.376582756990288, -34.656931982085865 ], [ -58.37658275700862, -34.656931982093866 ], [ -58.376582757028466, -34.65693198209884 ], [ -58.376620856033483, -34.656938374070805 ], [ -58.376620856063823, -34.656938374072318 ], [ -58.376879478847364, -34.65692138572134 ], [ -58.376985738380206, -34.656915453968324 ], [ -58.376985738385571, -34.656915453967905 ], [ -58.377019188359284, -34.65691221092041 ], [ -58.377052823289475, -34.656913644527066 ], [ -58.377352048250437, -34.656947629081131 ], [ -58.377352048252341, -34.656947629081323 ], [ -58.377380646396929, -34.656950453533732 ], [ -58.377408426110996, -34.656956734323266 ], [ -58.377408426122166, -34.656956734325263 ], [ -58.377437097346935, -34.656960610762937 ], [ -58.377529397414769, -34.657016961776918 ], [ -58.37753046974548, -34.657017991937913 ], [ -58.377635896843223, -34.657119328155709 ], [ -58.377635896859672, -34.657119328168527 ], [ -58.377635896878971, -34.657119328178297 ], [ -58.377635896900294, -34.657119328184557 ], [ -58.37763620009563, -34.657119388792282 ], [ -58.377755650362595, -34.657143262763185 ], [ -58.377968108655217, -34.657196430079281 ], [ -58.37815883324641, -34.657253617479903 ], [ -58.378158833248484, -34.657253617480507 ], [ -58.37835273195612, -34.657308130497739 ], [ -58.378352731981138, -34.657308130502145 ], [ -58.378352732006725, -34.657308130501626 ], [ -58.37845641086107, -34.657295846115716 ], [ -58.378471507471332, -34.657300940583092 ], [ -58.378521765628086, -34.65731790228093 ], [ -58.378593888679298, -34.657350149997036 ], [ -58.378593888700884, -34.657350150004348 ], [ -58.378743936869895, -34.65738602855388 ], [ -58.378743936886359, -34.657386028556694 ], [ -58.378902662666079, -34.657402833608202 ], [ -58.378983132953792, -34.65741270116856 ], [ -58.378990681849267, -34.657413626731689 ], [ -58.379058498477214, -34.657423214166613 ], [ -58.379058498478088, -34.657423214166734 ], [ -58.379156617733223, -34.657436399288706 ], [ -58.379253292609853, -34.657450775906263 ], [ -58.379253292620021, -34.657450775907371 ], [ -58.379639420006299, -34.657477641269786 ], [ -58.379850692567729, -34.657501270577271 ], [ -58.379850692587304, -34.657501270577995 ], [ -58.380038305709704, -34.657494244318336 ], [ -58.380154180922283, -34.657501082189647 ], [ -58.380160963489949, -34.657501482535174 ], [ -58.380160963508104, -34.657501482534997 ], [ -58.380236487516797, -34.657495516171622 ], [ -58.380309015769214, -34.657489785696349 ], [ -58.380404856103546, -34.657495686643358 ], [ -58.380404856122233, -34.65749568664318 ], [ -58.380404856140601, -34.657495686640374 ], [ -58.380498368338323, -34.657474411922195 ], [ -58.380563014564643, -34.657480179780535 ], [ -58.38056301457005, -34.657480179780912 ], [ -58.3807930594377, -34.657491179669954 ], [ -58.380860880970417, -34.65749718839519 ], [ -58.380860880973287, -34.657497188395411 ], [ -58.38122307944974, -34.657521282349094 ], [ -58.381223079452134, -34.657521282349229 ], [ -58.381509808273812, -34.657535144961578 ], [ -58.381523235037669, -34.657535793971192 ], [ -58.381523235062673, -34.657535793970005 ], [ -58.381523235086689, -34.657535793964165 ], [ -58.381525526683681, -34.657534989637348 ], [ -58.381615137883593, -34.657503544405316 ], [ -58.381793127658135, -34.657506162235585 ], [ -58.381793127661545, -34.657506162235599 ], [ -58.38199516587251, -34.657503911985891 ], [ -58.381995165891837, -34.657503911984243 ], [ -58.381995165910503, -34.657503911979788 ], [ -58.382047134339501, -34.657487252455219 ], [ -58.382125038677998, -34.657512346503793 ], [ -58.382125038694909, -34.657512346507978 ], [ -58.382125038712402, -34.657512346509847 ], [ -58.382370359334899, -34.657522049245443 ], [ -58.38237771822272, -34.657526568392583 ], [ -58.382415069904717, -34.657549506208717 ], [ -58.382415069924086, -34.657549506218203 ], [ -58.382415069945409, -34.657549506224214 ], [ -58.382415069967777, -34.657549506226481 ], [ -58.38241506999023, -34.657549506224896 ], [ -58.38241507001181, -34.657549506219539 ], [ -58.382415070031591, -34.657549506210636 ], [ -58.382480045876335, -34.657512582338974 ], [ -58.382534887914105, -34.657509040969693 ], [ -58.38253488791517, -34.657509040969622 ], [ -58.382640332398026, -34.657501364925636 ], [ -58.382679542539464, -34.657523584543966 ], [ -58.382683513274216, -34.657525834393489 ], [ -58.382683513293109, -34.657525834402058 ], [ -58.38268351331368, -34.657525834407402 ], [ -58.382683513335117, -34.657525834409284 ], [ -58.382683513356582, -34.65752583440765 ], [ -58.382683513377245, -34.657525834402563 ], [ -58.382683513396287, -34.657525834394214 ], [ -58.382683513412978, -34.657525834382938 ], [ -58.38268632244057, -34.657523516902977 ], [ -58.38270806534819, -34.657505577847651 ], [ -58.38281774360081, -34.657504457723505 ], [ -58.382866778166523, -34.657537880221717 ], [ -58.382866778184983, -34.657537880231864 ], [ -58.382946115767602, -34.65757251527549 ], [ -58.382946115784598, -34.657572515281451 ], [ -58.382946115802547, -34.657572515284961 ], [ -58.383034135697535, -34.657583305490483 ], [ -58.383034135697535, -34.657583305490483 ], [ -58.383034135722774, -34.657583305491144 ], [ -58.383084648188472, -34.657579761022504 ], [ -58.383084648209994, -34.657579761019164 ], [ -58.383084648230273, -34.65757976101235 ], [ -58.383084648248506, -34.657579761002324 ], [ -58.383084648263939, -34.657579760989492 ], [ -58.383084648275961, -34.657579760974372 ], [ -58.38308464828409, -34.657579760957567 ], [ -58.383084648287998, -34.657579760939768 ], [ -58.383087384511974, -34.65755108974993 ], [ -58.383267452885363, -34.657536241914869 ], [ -58.383267452888369, -34.657536241914585 ], [ -58.383413221888844, -34.657520834998763 ], [ -58.3834651682564, -34.657528024436736 ], [ -58.383466896961707, -34.65752945789437 ], [ -58.383549406318664, -34.657597839941765 ], [ -58.383549406335788, -34.657597839953333 ], [ -58.383549406355392, -34.657597839961817 ], [ -58.383549406376666, -34.657597839966847 ], [ -58.383549406398728, -34.657597839968233 ], [ -58.383874980570369, -34.657590897062285 ], [ -58.38412606722914, -34.65760823229062 ], [ -58.384526014745489, -34.657698644414175 ], [ -58.384526014746683, -34.657698644414438 ], [ -58.384811694937255, -34.657760361843259 ], [ -58.385177648442209, -34.657844730300674 ], [ -58.385266659487009, -34.657879882030656 ], [ -58.385290639822692, -34.657889352301176 ], [ -58.385399970370756, -34.657939818428034 ], [ -58.385505196303562, -34.657995926489029 ], [ -58.385605894590739, -34.658057448167504 ], [ -58.38570165530755, -34.658124134423474 ], [ -58.385792092541095, -34.658195717302817 ], [ -58.385792551397763, -34.658196143059008 ], [ -58.386000822944894, -34.658389328302853 ], [ -58.386000822950031, -34.658389328307294 ], [ -58.386002281440796, -34.658390508280789 ], [ -58.386230975069921, -34.658575504109088 ], [ -58.386231663955158, -34.658576094068017 ], [ -58.38638324978605, -34.658705821157199 ], [ -58.386383249803593, -34.658705821169363 ], [ -58.386383249823837, -34.658705821178231 ], [ -58.386383249845871, -34.658705821183396 ], [ -58.386383249868722, -34.658705821184661 ], [ -58.386383305504701, -34.65870581941693 ], [ -58.386445362536499, -34.658704134147769 ], [ -58.386445834600991, -34.658705600074342 ], [ -58.386468043369241, -34.658774562284286 ], [ -58.386468043379658, -34.658774562305396 ], [ -58.386513008575946, -34.658840416346045 ], [ -58.386532028438531, -34.658871910184878 ], [ -58.386532028447917, -34.658871910197632 ], [ -58.386532028459726, -34.658871910208944 ], [ -58.386533726777472, -34.658873287736533 ], [ -58.386595655419541, -34.658923550754473 ], [ -58.386595697898898, -34.658923612967627 ], [ -58.38659569789899, -34.65892361296774 ], [ -58.386596074834706, -34.658924163064931 ], [ -58.386673867220416, -34.659053736070028 ], [ -58.386673867222321, -34.659053736073083 ], [ -58.386756876480597, -34.659179715663917 ], [ -58.386756876481208, -34.659179715664827 ], [ -58.386909066462813, -34.659404477576921 ], [ -58.386909066473642, -34.659404477590044 ], [ -58.38728970877802, -34.659788222682415 ], [ -58.387289708786696, -34.659788222690182 ], [ -58.38729118150836, -34.659789395445586 ], [ -58.387516409285944, -34.659968669000612 ], [ -58.387516409302393, -34.659968669011384 ], [ -58.38751640932103, -34.659968669019364 ], [ -58.387516409341174, -34.659968669024238 ], [ -58.387563805039917, -34.659976145943375 ], [ -58.387564815072487, -34.65997746440398 ], [ -58.387593146828152, -34.660014442643345 ], [ -58.387621962093597, -34.660063181013143 ], [ -58.387621962107858, -34.660063181031333 ], [ -58.387718856542627, -34.660159117250906 ], [ -58.387718856554613, -34.660159117261031 ], [ -58.387718856568362, -34.660159117269487 ], [ -58.387719453006831, -34.660159426823959 ], [ -58.387834831783358, -34.660219290835194 ], [ -58.387834831801754, -34.660219290842839 ], [ -58.387834831821579, -34.660219290847493 ], [ -58.387834831842113, -34.660219290848993 ], [ -58.387834831862605, -34.660219290847259 ], [ -58.387834831882351, -34.660219290842377 ], [ -58.387890266162529, -34.660200722689346 ], [ -58.387964711812586, -34.660225096022259 ], [ -58.387965090533612, -34.660226085065752 ], [ -58.387985052619634, -34.660278172942235 ], [ -58.387985052619634, -34.660278172942235 ], [ -58.387985052629141, -34.660278172960076 ], [ -58.387985052643081, -34.660278172975801 ], [ -58.387985052660781, -34.660278172988697 ], [ -58.387985082079418, -34.660278190122057 ], [ -58.38801830615138, -34.660326729189883 ], [ -58.388018306163737, -34.660326729204399 ], [ -58.388018306179312, -34.660326729216614 ], [ -58.388018306197473, -34.660326729226085 ], [ -58.388019353066831, -34.660327162550814 ], [ -58.388070240742302, -34.660348226633801 ], [ -58.388097937879522, -34.660361122207782 ], [ -58.388137748032108, -34.660384042649106 ], [ -58.388137748049914, -34.660384042657427 ], [ -58.38813774806929, -34.660384042662855 ], [ -58.388137748089569, -34.6603840426652 ], [ -58.388275004615423, -34.660389138157448 ], [ -58.38827515511538, -34.660389173402336 ], [ -58.388275155115785, -34.660389173402422 ], [ -58.388356527921701, -34.660407952109416 ], [ -58.388356763505897, -34.660408007240385 ], [ -58.38835676350628, -34.66040800724047 ], [ -58.388777308411342, -34.660505060564475 ], [ -58.388777308412735, -34.66050506056478 ], [ -58.388873637784762, -34.660526162896424 ], [ -58.38887363780853, -34.66052616289938 ], [ -58.388873637832496, -34.660526162897945 ], [ -58.389043554304962, -34.660500272460183 ], [ -58.389044763815221, -34.66050178391562 ], [ -58.389116582827342, -34.660591541684141 ], [ -58.389116582841567, -34.660591541698459 ], [ -58.389116582859032, -34.660591541710076 ], [ -58.389116582879005, -34.660591541718503 ], [ -58.389116582900648, -34.660591541723363 ], [ -58.389116582923023, -34.660591541724472 ], [ -58.389116582945213, -34.660591541721779 ], [ -58.389117083762287, -34.66059143656117 ], [ -58.38919019853811, -34.660576084015354 ], [ -58.38919015002525, -34.660577889397928 ], [ -58.389188733825264, -34.660630817716793 ], [ -58.389188733826799, -34.66063081773401 ], [ -58.389188733832285, -34.660630817750665 ], [ -58.389188733841507, -34.660630817766155 ], [ -58.389188733854141, -34.660630817779889 ], [ -58.389188733869716, -34.660630817791407 ], [ -58.389188733887664, -34.660630817800254 ], [ -58.389188733907311, -34.660630817806108 ], [ -58.389190493199997, -34.660631189356295 ], [ -58.389277039943238, -34.660649473914638 ], [ -58.389277039967773, -34.660649473917417 ], [ -58.389277039992443, -34.660649473915562 ], [ -58.389366007812924, -34.660634208382881 ], [ -58.389481401810301, -34.660639581314705 ], [ -58.389728974536268, -34.660725590555138 ], [ -58.389728974546315, -34.660725590558165 ], [ -58.390227390915783, -34.660852954389469 ], [ -58.390326281476632, -34.660916272076271 ], [ -58.39042666118177, -34.660992175211021 ], [ -58.390426661195818, -34.660992175220031 ], [ -58.390426661211464, -34.66099217522703 ], [ -58.390540924539138, -34.661033741824696 ], [ -58.390627486454243, -34.661066706748109 ], [ -58.390627486474024, -34.661066706753815 ], [ -58.390627486494758, -34.661066706756273 ], [ -58.390627486515676, -34.661066706755435 ], [ -58.390627486536019, -34.661066706751292 ], [ -58.39062748655504, -34.66106670674403 ], [ -58.390627486572008, -34.661066706733891 ], [ -58.390627486586325, -34.66106670672125 ], [ -58.390679489646352, -34.661010928553893 ], [ -58.390726044582919, -34.661014004848795 ], [ -58.390741828568146, -34.661018121076012 ], [ -58.390756574375501, -34.66102433246882 ], [ -58.390775645399358, -34.661034552305907 ], [ -58.390776402774222, -34.661035462267485 ], [ -58.390785020631071, -34.661045823722667 ], [ -58.390792016719907, -34.661058218694848 ], [ -58.390796443045467, -34.661071397268444 ], [ -58.39079817664912, -34.661084998811383 ], [ -58.390802337805198, -34.66113836043391 ], [ -58.390802337808744, -34.661138360451595 ], [ -58.390802337816453, -34.661138360468364 ], [ -58.390826548345565, -34.661178442675102 ], [ -58.390826548348507, -34.661178442679642 ], [ -58.390858334587818, -34.661224314652053 ], [ -58.390858334589353, -34.661224314654206 ], [ -58.390888571692919, -34.66126526127821 ], [ -58.390888571702469, -34.661265261289202 ], [ -58.390925884857324, -34.661302007013902 ], [ -58.390925884868771, -34.6613020070236 ], [ -58.390926946742844, -34.661302780164959 ], [ -58.39096943260305, -34.661333725641242 ], [ -58.390969769324407, -34.661334142284069 ], [ -58.391004753200939, -34.661377457002402 ], [ -58.39100475320113, -34.661377457002644 ], [ -58.39106530179059, -34.661451904540385 ], [ -58.391065301811452, -34.66145190455947 ], [ -58.391066582870394, -34.661452783294777 ], [ -58.391136264865011, -34.661500600349747 ], [ -58.391137994898571, -34.661502031913287 ], [ -58.39122452517573, -34.661573633660453 ], [ -58.391224525179673, -34.661573633663572 ], [ -58.391260869408953, -34.661600844461937 ], [ -58.391261580102253, -34.661601512825094 ], [ -58.391298938607704, -34.661636641325586 ], [ -58.391334852813323, -34.661670454695852 ], [ -58.391368138087643, -34.661715463856439 ], [ -58.391368138094577, -34.661715463864745 ], [ -58.391407301979811, -34.661757118725518 ], [ -58.391407301987826, -34.661757118733121 ], [ -58.391451852931375, -34.661794896172658 ], [ -58.391451852940222, -34.661794896179366 ], [ -58.39145206009286, -34.661795036921873 ], [ -58.391452060093002, -34.66179503692198 ], [ -58.391501233886046, -34.661828324420974 ], [ -58.39150245804074, -34.661829414044298 ], [ -58.391548121527869, -34.661870040568552 ], [ -58.391548121533987, -34.661870040573582 ], [ -58.39154894245744, -34.661870663933101 ], [ -58.391589658343641, -34.661901546860783 ], [ -58.391589658362612, -34.661901546872315 ], [ -58.391676214209447, -34.661943097002968 ], [ -58.391676214233215, -34.661943097011445 ], [ -58.39167621425873, -34.661943097015062 ], [ -58.39171084964876, -34.661944547898571 ], [ -58.391812998759484, -34.66197895166119 ], [ -58.391896087440152, -34.662024792125997 ], [ -58.391896087459017, -34.662024792134318 ], [ -58.391896087479488, -34.662024792139448 ], [ -58.391896087500768, -34.66202479214116 ], [ -58.391896087522042, -34.662024792139434 ], [ -58.391965370639937, -34.662013384756875 ], [ -58.392013843558765, -34.662034878440444 ], [ -58.392013843560406, -34.662034878441162 ], [ -58.392199083104003, -34.662113691680233 ], [ -58.392199083115564, -34.662113691684482 ], [ -58.392337593359585, -34.662156702173988 ], [ -58.392337593367024, -34.662156702176055 ], [ -58.392472648603224, -34.662189693098533 ], [ -58.392472648620412, -34.66218969310151 ], [ -58.392609070385298, -34.662204002882248 ], [ -58.392719942948709, -34.662223290648818 ], [ -58.392719942953939, -34.662223290649621 ], [ -58.392873619207933, -34.662243613531821 ], [ -58.392993865529839, -34.662270131288025 ], [ -58.392993865543019, -34.662270131290228 ], [ -58.393182618437095, -34.662291704434232 ], [ -58.393182618453103, -34.66229170443507 ], [ -58.393350607517249, -34.662290370387964 ], [ -58.393350607524262, -34.662290370387723 ], [ -58.393535924461936, -34.662279028623104 ], [ -58.393535924472268, -34.662279028622073 ], [ -58.393707397417352, -34.662254799285805 ], [ -58.3937073974258, -34.66225479928432 ], [ -58.393869182229054, -34.662220873102115 ], [ -58.393984518863, -34.662223475304245 ], [ -58.3939845188794, -34.662223475303605 ], [ -58.393984518895486, -34.66222347530092 ], [ -58.394096842252956, -34.662197406245809 ], [ -58.394139464919398, -34.66219301260822 ], [ -58.394228727537275, -34.662200718008158 ], [ -58.394228727538646, -34.662200718008265 ], [ -58.394304923639751, -34.662206485123697 ], [ -58.394304923666148, -34.66220648512305 ], [ -58.394304923691578, -34.662206485117146 ], [ -58.394346499645678, -34.662192198706585 ], [ -58.394346499654446, -34.662192198703181 ], [ -58.394411192660016, -34.662164176998566 ], [ -58.394822584972133, -34.662115852339575 ], [ -58.394822585000185, -34.662115852333017 ], [ -58.394902590484776, -34.662087177326192 ], [ -58.395000800818423, -34.662072243688378 ], [ -58.395000800836321, -34.662072243684335 ], [ -58.395000800853126, -34.662072243677834 ], [ -58.395045846146999, -34.662050804461138 ], [ -58.395158441683066, -34.662019385595428 ], [ -58.395158441705732, -34.662019385586596 ], [ -58.395236407527435, -34.661979361327461 ], [ -58.395236407529161, -34.661979361326559 ], [ -58.395300512850255, -34.661945053261967 ], [ -58.395343825532969, -34.661925042614776 ], [ -58.395409785050099, -34.661917805861542 ], [ -58.395409785076978, -34.661917805855637 ], [ -58.395435192995187, -34.661909234043442 ], [ -58.395465101036656, -34.661901887045467 ], [ -58.395465101062989, -34.661901887035711 ], [ -58.395501023587705, -34.661883512782424 ], [ -58.395501023603508, -34.661883512772619 ], [ -58.395525717357145, -34.661865042142303 ], [ -58.395574215527539, -34.661856483144646 ], [ -58.395641731902622, -34.661886571922601 ], [ -58.395641731922787, -34.661886571929543 ], [ -58.39564173194421, -34.66188657193301 ], [ -58.395641731966059, -34.661886571932889 ], [ -58.395769897831563, -34.661875195042967 ], [ -58.395769897838164, -34.661875195042207 ], [ -58.395922316312401, -34.661853814019381 ], [ -58.395922316317375, -34.661853814018585 ], [ -58.395977742927549, -34.661843828145024 ], [ -58.395979473013057, -34.661845259607986 ], [ -58.39602274039634, -34.661881058771939 ], [ -58.396022740412292, -34.661881058782846 ], [ -58.39602274043046, -34.66188105879106 ], [ -58.396022740450178, -34.661881058796297 ], [ -58.396022740470741, -34.661881058798357 ], [ -58.396022740491389, -34.661881058797164 ], [ -58.396043524696474, -34.6618782082884 ], [ -58.396044521611209, -34.661879740282316 ], [ -58.396055632990283, -34.661896817367307 ], [ -58.396067735612299, -34.661921151372624 ], [ -58.396067735623738, -34.661921151389954 ], [ -58.396067735639463, -34.66192115140479 ], [ -58.396067735658725, -34.661921151416465 ], [ -58.396067735680596, -34.661921151424387 ], [ -58.396068904900332, -34.661921454042499 ], [ -58.396095439210832, -34.661928321213288 ], [ -58.396095439233044, -34.661928321216983 ], [ -58.396095439255731, -34.661928321216827 ], [ -58.396095439277865, -34.661928321212798 ], [ -58.396126619178688, -34.661919752436241 ], [ -58.39612661919633, -34.661919752429924 ], [ -58.396126619212353, -34.661919752421134 ], [ -58.396152611033251, -34.66190259485353 ], [ -58.396173387146305, -34.661909761679048 ], [ -58.396174228408967, -34.661910887081063 ], [ -58.396195876165613, -34.661939825342124 ], [ -58.396195876175994, -34.661939825353798 ], [ -58.3961958761885, -34.661939825363937 ], [ -58.396197237988432, -34.66194076448442 ], [ -58.396227031870147, -34.661961306954865 ], [ -58.39622703189147, -34.661961306966361 ], [ -58.396227031915437, -34.661961306973467 ], [ -58.396249542824933, -34.661965612785608 ], [ -58.396249542856062, -34.661965612787782 ], [ -58.39630669606418, -34.661962782224933 ], [ -58.396306673031063, -34.661991401980359 ], [ -58.396306673033379, -34.661991401998876 ], [ -58.39630667304025, -34.661991402016611 ], [ -58.396306673051377, -34.661991402032811 ], [ -58.396306673066299, -34.661991402046759 ], [ -58.396306673084382, -34.661991402057893 ], [ -58.396306673104824, -34.661991402065702 ], [ -58.396308403999313, -34.661991891582637 ], [ -58.396344487746063, -34.662002107286781 ], [ -58.396344487763976, -34.66200210729049 ], [ -58.396344487782414, -34.662002107291642 ], [ -58.39634448780081, -34.662002107290206 ], [ -58.396396726113117, -34.661994313514512 ], [ -58.396398012153533, -34.661995811420532 ], [ -58.396422353969804, -34.662024152581054 ], [ -58.396422353984384, -34.662024152594824 ], [ -58.396422354002027, -34.662024152605881 ], [ -58.396422354022, -34.662024152613753 ], [ -58.396422354043501, -34.662024152618145 ], [ -58.396422354065628, -34.662024152618855 ], [ -58.396422834090231, -34.662024127642603 ], [ -58.396544587911478, -34.662017846616415 ], [ -58.396665329347186, -34.662018367879256 ], [ -58.396782119734873, -34.662025394167465 ], [ -58.396782119742674, -34.662025394167706 ], [ -58.396899220031059, -34.662025512083567 ], [ -58.396899220038847, -34.662025512083339 ], [ -58.397016031282092, -34.662018719497276 ], [ -58.397016031295614, -34.662018719495798 ], [ -58.397088207179962, -34.66200691685048 ], [ -58.397088207183728, -34.662006916849805 ], [ -58.397133441489316, -34.661998138206968 ], [ -58.397133441491363, -34.661998138206556 ], [ -58.397211314520355, -34.661981708922617 ], [ -58.397211314531205, -34.661981708919825 ], [ -58.397286693476502, -34.661958669976691 ], [ -58.397286693486947, -34.661958669972989 ], [ -58.397358761035328, -34.661929273328816 ], [ -58.397358761045254, -34.661929273324226 ], [ -58.39742316815363, -34.661895696251769 ], [ -58.397426733652637, -34.661893837661694 ], [ -58.397426733661923, -34.661893837656258 ], [ -58.397489872463083, -34.661852748388043 ], [ -58.397489872471645, -34.661852748381854 ], [ -58.397547493104014, -34.661806451345768 ], [ -58.397547493111738, -34.661806451338876 ], [ -58.397598967899604, -34.661755450094269 ], [ -58.397598967906426, -34.661755450086751 ], [ -58.397643737866765, -34.661700298709349 ], [ -58.397643737872606, -34.661700298701284 ], [ -58.397681317083489, -34.66164159547511 ], [ -58.397681317088285, -34.661641595466577 ], [ -58.397711297054343, -34.661579980181749 ], [ -58.397711297058031, -34.66157998017286 ], [ -58.397733352175706, -34.66151611970551 ], [ -58.39773335217825, -34.661516119696337 ], [ -58.397747243006393, -34.661450709812904 ], [ -58.397747243007764, -34.661450709803567 ], [ -58.397752818458571, -34.661384460754043 ], [ -58.397773647746341, -34.661343591983645 ], [ -58.397794712279662, -34.661315678431173 ], [ -58.397802044290401, -34.661305962438377 ], [ -58.397837291696192, -34.661272522726087 ], [ -58.397869202811634, -34.661250525548184 ], [ -58.397878502389922, -34.661244115185703 ], [ -58.397924635080706, -34.66122145587768 ], [ -58.399079711686831, -34.660915424321843 ], [ -58.399195414638463, -34.660894947413588 ], [ -58.399267564941468, -34.660886365113001 ], [ -58.399312533951743, -34.660881016299399 ], [ -58.39943052742364, -34.660873694691915 ], [ -58.399548851779834, -34.660873017459686 ], [ -58.399732899718188, -34.660896801792127 ], [ -58.399732899720235, -34.660896801792362 ], [ -58.399758298149706, -34.660899677018591 ], [ -58.399809092832122, -34.660905427454082 ], [ -58.399809092855278, -34.660905427454651 ], [ -58.399809092878066, -34.660905427451155 ], [ -58.399809092899439, -34.66090542744378 ], [ -58.399832192072616, -34.660894945217656 ], [ -58.399832192080076, -34.66089494521394 ], [ -58.399933834470296, -34.660839666634011 ], [ -58.399933834488223, -34.660839666621818 ], [ -58.399933834502612, -34.660839666606776 ], [ -58.399998803696157, -34.6607544627404 ], [ -58.400047610318076, -34.660733369775024 ], [ -58.400099428979658, -34.660717942821492 ], [ -58.400417128790508, -34.660647701308029 ], [ -58.400417128815057, -34.660647701299858 ], [ -58.400552833454597, -34.660585761193694 ], [ -58.400614358719601, -34.660558815345581 ], [ -58.400614358724141, -34.660558815343471 ], [ -58.400671215577269, -34.660530967455422 ], [ -58.400671215586101, -34.660530967450597 ], [ -58.400727395210154, -34.660496971549733 ], [ -58.400727395219647, -34.660496971543282 ], [ -58.400761284863414, -34.660471149919211 ], [ -58.40076128487479, -34.660471149909114 ], [ -58.40079000989104, -34.660441358507839 ], [ -58.400790009900405, -34.660441358496428 ], [ -58.400812897774443, -34.660408293769351 ], [ -58.400812897775459, -34.660408293767837 ], [ -58.400887867452376, -34.660294964120055 ], [ -58.400887867458266, -34.660294964109603 ], [ -58.400908941007934, -34.660250363955868 ], [ -58.400937275645923, -34.660208528540963 ], [ -58.40093727565408, -34.6602085285258 ], [ -58.40093727565872, -34.660208528509656 ], [ -58.400945454697784, -34.660161129169211 ], [ -58.400953079744262, -34.660120756067833 ], [ -58.400967527353437, -34.660081676381687 ], [ -58.400970888469836, -34.660075747707346 ], [ -58.400988506749428, -34.660044673289462 ], [ -58.401100472256637, -34.65994751756174 ], [ -58.401373291303472, -34.659865374526774 ], [ -58.401373291325058, -34.659865374517935 ], [ -58.401433928414001, -34.659833207716737 ], [ -58.401550178010154, -34.659774491790628 ], [ -58.401550178010368, -34.659774491790522 ], [ -58.40178310385582, -34.659656240433243 ], [ -58.401783103860865, -34.659656240430508 ], [ -58.401823836327225, -34.659632897240719 ], [ -58.401824077515172, -34.659632759446119 ], [ -58.4018240775153, -34.65963275944604 ], [ -58.401876414260485, -34.659602766060857 ], [ -58.402167073369668, -34.659534798643342 ], [ -58.402167073384213, -34.659534798639008 ], [ -58.402322976795389, -34.659477636956531 ], [ -58.402410148090702, -34.659452712271651 ], [ -58.402533717669932, -34.659420502420936 ], [ -58.402652057499552, -34.65941817620277 ], [ -58.402652057516754, -34.659418176201299 ], [ -58.402729996820831, -34.659406290147295 ], [ -58.402833905317941, -34.659403956582487 ], [ -58.402833905346377, -34.659403956578714 ], [ -58.403003780157775, -34.65936176802289 ], [ -58.403090426029856, -34.659358479217488 ], [ -58.403090426051456, -34.659358479214866 ], [ -58.403090426071977, -34.659358479208748 ], [ -58.403090426090628, -34.659358479199362 ], [ -58.40309042610663, -34.659358479187105 ], [ -58.403090426119363, -34.659358479172454 ], [ -58.403090426128323, -34.659358479156012 ], [ -58.403090426133133, -34.659358479138412 ], [ -58.403090426133602, -34.659358479120399 ], [ -58.403090426129737, -34.659358479102643 ], [ -58.403090426121658, -34.659358479085888 ], [ -58.4030817222351, -34.659344634619778 ], [ -58.403340354494311, -34.659348993313429 ], [ -58.403812477801004, -34.659398615723042 ], [ -58.403839137001462, -34.659401457362463 ], [ -58.404003038813777, -34.659420396556193 ], [ -58.404166492766599, -34.659441815100628 ], [ -58.404332917540749, -34.659467493139715 ], [ -58.404514586407863, -34.659500972824276 ], [ -58.404677116687964, -34.659536308963666 ], [ -58.404677116695837, -34.659536308965123 ], [ -58.404851451124308, -34.659563007794915 ], [ -58.405286071331233, -34.659646213009317 ], [ -58.405320138479482, -34.659654332018889 ], [ -58.405320138485244, -34.659654332020139 ], [ -58.405383037335582, -34.659666293022703 ], [ -58.405383037343341, -34.659666293023925 ], [ -58.405427711787603, -34.65967201387263 ], [ -58.4054835138149, -34.659689564721582 ], [ -58.405483513825438, -34.65968956472441 ], [ -58.405559651599461, -34.659706444612389 ], [ -58.405604569559422, -34.659730729208789 ], [ -58.405649282594737, -34.659765859500894 ], [ -58.405649609630082, -34.659766187765712 ], [ -58.405688444455869, -34.659805254449743 ], [ -58.405688444474173, -34.659805254464317 ], [ -58.405688444496072, -34.659805254474968 ], [ -58.405688926547832, -34.659805430478372 ], [ -58.405801122557222, -34.659846331890783 ], [ -58.405801122563318, -34.659846331892822 ], [ -58.405916595160242, -34.659881716291039 ], [ -58.405916595166488, -34.659881716292773 ], [ -58.406034440192215, -34.659911279466627 ], [ -58.406034440198574, -34.659911279468041 ], [ -58.406154230071799, -34.659934913039933 ], [ -58.406256943183962, -34.659961728607435 ], [ -58.406404118271517, -34.66000234294907 ], [ -58.40640411829591, -34.660002342953319 ], [ -58.406528223736977, -34.660011940461374 ], [ -58.406528223763566, -34.660011940460748 ], [ -58.406650903020051, -34.659996495014802 ], [ -58.406809659690524, -34.659983451306246 ], [ -58.406943874350837, -34.659983513416684 ], [ -58.407049216231577, -34.659996679428914 ], [ -58.407049216257711, -34.659996679429568 ], [ -58.407112718151765, -34.659991938430323 ], [ -58.407169004055739, -34.659988387548495 ], [ -58.407231053321397, -34.65999914832372 ], [ -58.407231053343736, -34.659999148325639 ], [ -58.40723105336609, -34.659999148323749 ], [ -58.407293116012717, -34.659988444620424 ], [ -58.407293116022842, -34.659988444618257 ], [ -58.407404259001737, -34.659959874844795 ], [ -58.40740425902284, -34.659959874837277 ], [ -58.40740425904157, -34.659959874826271 ], [ -58.407441799762879, -34.659932464729955 ], [ -58.407524088299795, -34.659889572592242 ], [ -58.407603488960099, -34.659850256785418 ], [ -58.407603488966792, -34.659850256781837 ], [ -58.407648182662619, -34.65982427773514 ], [ -58.407700971835141, -34.659817865731448 ], [ -58.407793331684218, -34.659821723495895 ], [ -58.407867218415475, -34.659825572793515 ], [ -58.407867218422282, -34.659825572793693 ], [ -58.407924945066995, -34.659825599025162 ], [ -58.407924945070405, -34.659825599025119 ], [ -58.407998836691256, -34.659823725171741 ], [ -58.408116584377289, -34.659844766127584 ], [ -58.408116584400297, -34.659844766129616 ], [ -58.40830592701063, -34.65984485167904 ], [ -58.408305927029872, -34.659844851677633 ], [ -58.408305927048517, -34.659844851673441 ], [ -58.408368284037024, -34.659825799565468 ], [ -58.408368284057261, -34.659825799557218 ], [ -58.408493015520328, -34.659760983676151 ], [ -58.408587701053506, -34.659740038596091 ], [ -58.408587701069166, -34.659740038591544 ], [ -58.408587701083817, -34.659740038585092 ], [ -58.408663925987618, -34.659700004941705 ], [ -58.408788645794829, -34.659652360673327 ], [ -58.408892577812615, -34.659614247564356 ], [ -58.408968784959228, -34.659602683061685 ], [ -58.408980330968042, -34.659600930449891 ], [ -58.408980330986836, -34.659600930445563 ], [ -58.4089803310044, -34.65960093043855 ], [ -58.409107369832903, -34.65953802323935 ], [ -58.409248266435391, -34.659469398075586 ], [ -58.409248266440457, -34.659469398072957 ], [ -58.409400717527895, -34.659385513317552 ], [ -58.409400717532655, -34.659385513314774 ], [ -58.409535974545911, -34.659302156230282 ], [ -58.40963125052744, -34.659259268389953 ], [ -58.409631250547044, -34.659259268378662 ], [ -58.409723654220024, -34.659192529599281 ], [ -58.409723654229722, -34.659192529591337 ], [ -58.409862279999857, -34.659063800079906 ], [ -58.409967355808817, -34.659022904792771 ], [ -58.40996735582312, -34.659022904786084 ], [ -58.409967355836031, -34.659022904777693 ], [ -58.409988096978381, -34.659007202210148 ], [ -58.410002251456994, -34.658996486988173 ], [ -58.410026776701329, -34.658981006916839 ], [ -58.410039860540515, -34.658972748473296 ], [ -58.410039860556836, -34.658972748460606 ], [ -58.410081721373459, -34.658932721441438 ], [ -58.410081721374006, -34.65893272144092 ], [ -58.410130819530941, -34.658885043689693 ], [ -58.41021741095372, -34.658880311142177 ], [ -58.410285317337767, -34.658896941115103 ], [ -58.410285317356546, -34.658896941118257 ], [ -58.41028531737571, -34.658896941118634 ], [ -58.410331950721535, -34.658894487005973 ], [ -58.410331950732733, -34.658894487004908 ], [ -58.410397688522657, -34.658885335549428 ], [ -58.410397688535561, -34.658885335546962 ], [ -58.410461598861062, -34.658869669649569 ], [ -58.410461598873511, -34.658869669645824 ], [ -58.410522742328695, -34.658847719664571 ], [ -58.410522742340504, -34.658847719659605 ], [ -58.410578956201398, -34.658820422133559 ], [ -58.410580215461316, -34.658819810618233 ], [ -58.410580215472294, -34.65881981061213 ], [ -58.410633173652535, -34.658786351392699 ], [ -58.410633173662546, -34.658786351385537 ], [ -58.410680834416226, -34.658747837441069 ], [ -58.410757184689047, -34.658710071397728 ], [ -58.410836814229292, -34.658677254570982 ], [ -58.410836814232113, -34.658677254569767 ], [ -58.410895448767484, -34.658651297442191 ], [ -58.410997065493198, -34.658620812902114 ], [ -58.410997065496431, -34.658620812901098 ], [ -58.411089445719966, -34.658590325221411 ], [ -58.41119105996205, -34.65856174882569 ], [ -58.411238624561712, -34.658594329975287 ], [ -58.411238624578147, -34.658594329984588 ], [ -58.411238624596336, -34.65859432999126 ], [ -58.411238624615713, -34.65859432999509 ], [ -58.411238624635601, -34.658594329995957 ], [ -58.41129893594794, -34.658592375327437 ], [ -58.411298935953894, -34.658592375327103 ], [ -58.411447988277217, -34.658580774513297 ], [ -58.411447988280663, -34.658580774512984 ], [ -58.411596518277982, -34.658565267470173 ], [ -58.411596518281414, -34.658565267469768 ], [ -58.411744378654681, -34.65854586946157 ], [ -58.411744378673106, -34.658545869457775 ], [ -58.411859779608115, -34.658513031925374 ], [ -58.411859779614083, -34.658513031923512 ], [ -58.411972658492125, -34.65847467116 ], [ -58.411972658500872, -34.65847467115664 ], [ -58.412021442133216, -34.658453751845329 ], [ -58.412071654362165, -34.65843528496093 ], [ -58.412141887844037, -34.658414232189365 ], [ -58.412213961920699, -34.658397974767283 ], [ -58.412287398736666, -34.658386619759611 ], [ -58.412361710638244, -34.658380244481648 ], [ -58.4124083288241, -34.658378808165772 ], [ -58.412454976357566, -34.658379334221593 ], [ -58.412720608643845, -34.658383648896738 ], [ -58.412985945521889, -34.65839486679841 ], [ -58.413250724165387, -34.658412977003714 ], [ -58.413514682841672, -34.658437960479709 ], [ -58.413777558729009, -34.658469793688127 ], [ -58.414039093373283, -34.658508444080617 ], [ -58.414299027231152, -34.658553873702012 ], [ -58.414557102936705, -34.658606038289015 ], [ -58.414925985896524, -34.658731134646999 ], [ -58.415216686811476, -34.658835339470194 ], [ -58.415216686819605, -34.658835339472795 ], [ -58.415580300415101, -34.658938037052749 ], [ -58.415580300423002, -34.658938037054725 ], [ -58.415610628594315, -34.658944534591591 ], [ -58.41577887720856, -34.658980582907553 ], [ -58.415956017150357, -34.659063695441382 ], [ -58.41595601716994, -34.65906369544858 ], [ -58.416186314446215, -34.659126687097299 ], [ -58.416186314463744, -34.659126687100802 ], [ -58.416186314481749, -34.659126687101846 ], [ -58.416397585522759, -34.65912468358686 ], [ -58.416626776160932, -34.659239978485822 ], [ -58.416629771971635, -34.659241485894626 ], [ -58.416890434111423, -34.659372611258057 ], [ -58.416890434129748, -34.659372611265432 ], [ -58.416890434149416, -34.659372611269866 ], [ -58.417089573419567, -34.659401306786201 ], [ -58.417317566239376, -34.659446707939914 ], [ -58.417707135168492, -34.659597109049784 ], [ -58.417707135188557, -34.659597109055639 ], [ -58.417707135209611, -34.659597109058161 ], [ -58.417707135230856, -34.659597109057259 ], [ -58.417707135251497, -34.659597109052982 ], [ -58.417707135270732, -34.65959710904545 ], [ -58.417707135287827, -34.659597109034991 ], [ -58.417767773053349, -34.65955181673786 ], [ -58.417828407033717, -34.659511294704174 ], [ -58.417900569924164, -34.659501781947341 ], [ -58.4179023014321, -34.659503213102816 ], [ -58.417958270316269, -34.659549502568467 ], [ -58.417996310259888, -34.659646409626163 ], [ -58.417996310267441, -34.659646409640835 ], [ -58.417996310278014, -34.659646409654187 ], [ -58.417996310291258, -34.659646409665783 ], [ -58.417996310306769, -34.659646409675261 ], [ -58.417996310324057, -34.659646409682345 ], [ -58.417997647518973, -34.659646840153435 ], [ -58.418100199294202, -34.659679837497301 ], [ -58.418100199297115, -34.659679837498196 ], [ -58.418683142505159, -34.659851772381487 ], [ -58.41868314251623, -34.659851772384215 ], [ -58.419463041188749, -34.660007318342558 ], [ -58.42002579247206, -34.660164928695707 ], [ -58.420893751808038, -34.660467889526643 ], [ -58.421086518395796, -34.660561863860458 ], [ -58.421086518405104, -34.660561863864523 ], [ -58.421848367223774, -34.660855479415886 ], [ -58.422494758006273, -34.66116813182132 ], [ -58.422589982809868, -34.661220633117217 ], [ -58.422589982810699, -34.661220633117665 ], [ -58.423288262456744, -34.661598066960288 ], [ -58.423595990994059, -34.661782813944257 ], [ -58.423647411907289, -34.661813684249786 ], [ -58.423892376383201, -34.661960749007569 ], [ -58.423892404734602, -34.66196076884566 ], [ -58.423892404743405, -34.661960768851202 ], [ -58.424042708450472, -34.662045942291776 ], [ -58.424085023806811, -34.662072121228299 ] ], [ [ -58.399220675517881, -34.569931238662804 ], [ -58.399230312113801, -34.569926656361275 ], [ -58.399238497380225, -34.569922764644161 ], [ -58.399217249827089, -34.56993347559083 ], [ -58.399182629925434, -34.569950928407962 ], [ -58.399220675517881, -34.569931238662804 ] ] ], [ [ [ -58.368448969283051, -34.573652248779851 ], [ -58.368448969279626, -34.573652248780007 ], [ -58.368392307671044, -34.573655516576068 ], [ -58.368392307667548, -34.573655516576316 ], [ -58.368349810429692, -34.573659111765522 ], [ -58.368349810425862, -34.573659111765899 ], [ -58.368295072110065, -34.573665369239876 ], [ -58.368295072107685, -34.573665369240175 ], [ -58.368257219975064, -34.573670403983947 ], [ -58.368239491193073, -34.573672762731476 ], [ -58.368239491191495, -34.573672762731697 ], [ -58.368222424842756, -34.573675246389413 ], [ -58.368175001355546, -34.573682150420773 ], [ -58.36817500135453, -34.573682150420936 ], [ -58.368128019940713, -34.57368937298191 ], [ -58.368128019936734, -34.573689372982578 ], [ -58.368127986148629, -34.573689379265879 ], [ -58.36808632897052, -34.573695948822177 ], [ -58.368086328964118, -34.573695948823357 ], [ -58.368030412858495, -34.573707685028062 ], [ -58.368030412853926, -34.573707685029106 ], [ -58.367981169870781, -34.573719928513597 ], [ -58.367981169870156, -34.573719928513761 ], [ -58.367917203940308, -34.573736175425488 ], [ -58.367917203940095, -34.573736175425545 ], [ -58.367917172327708, -34.573736183513681 ], [ -58.367917172322635, -34.573736183515109 ], [ -58.367870396609746, -34.573750267791659 ], [ -58.367870396606385, -34.573750267792725 ], [ -58.367853507553939, -34.573755882189616 ], [ -58.367814431172164, -34.573768870922407 ], [ -58.367814431171048, -34.573768870922777 ], [ -58.367763458112073, -34.573786359264716 ], [ -58.367763458109657, -34.573786359265576 ], [ -58.367763418861664, -34.57378637365769 ], [ -58.367763418860889, -34.573786373657967 ], [ -58.367724460498074, -34.573800958879481 ], [ -58.367724460497172, -34.573800958879829 ], [ -58.367667619530891, -34.573822752304167 ], [ -58.367667619525434, -34.573822752306427 ], [ -58.367631376306456, -34.573838742243986 ], [ -58.367585657268421, -34.573858787467316 ], [ -58.367585657266346, -34.573858787468254 ], [ -58.367538810658374, -34.573880419200812 ], [ -58.367538810652185, -34.573880419203888 ], [ -58.367489976493161, -34.573906619587618 ], [ -58.367489976492067, -34.5739066195882 ], [ -58.367435828805206, -34.573936436807095 ], [ -58.367435828803828, -34.573936436807884 ], [ -58.367386982935884, -34.573964236270143 ], [ -58.367336190203119, -34.573992476782244 ], [ -58.367336190202266, -34.57399247678272 ], [ -58.365218800968506, -34.575193777100495 ], [ -58.365218800968172, -34.575193777100687 ], [ -58.361056206363379, -34.577573543629768 ], [ -58.358398510107548, -34.579092807527338 ], [ -58.358362344173869, -34.579111711771901 ], [ -58.358362344168953, -34.579111711774637 ], [ -58.358327797031947, -34.579132023624709 ], [ -58.358327797029318, -34.579132023626308 ], [ -58.358327765399345, -34.579132043430363 ], [ -58.358298604785638, -34.579150166736092 ], [ -58.3582722873996, -34.579164935574859 ], [ -58.358272287388786, -34.57916493558178 ], [ -58.358254135904481, -34.579178150176126 ], [ -58.358243271190076, -34.579186060745187 ], [ -58.358243271184975, -34.579186060749151 ], [ -58.358224137707786, -34.579201906654802 ], [ -58.358224137704767, -34.579201906657396 ], [ -58.358224112610209, -34.579201929171425 ], [ -58.358224112609939, -34.579201929171667 ], [ -58.358196670926588, -34.57922673439478 ], [ -58.358196670925643, -34.579226734395647 ], [ -58.358178334815506, -34.579243743818886 ], [ -58.358178334809352, -34.579243743825131 ], [ -58.35816555162598, -34.579257984344089 ], [ -58.358165451220401, -34.579258096034266 ], [ -58.358156146223692, -34.57926846071534 ], [ -58.35813773201712, -34.579287757880692 ], [ -58.358137732011613, -34.579287757886995 ], [ -58.358137709089952, -34.579287786711326 ], [ -58.358132370945718, -34.579293942448814 ], [ -58.358123889500703, -34.57930372461604 ], [ -58.358123889497541, -34.579303724619884 ], [ -58.358111129673041, -34.579320170940086 ], [ -58.358111129669567, -34.579320170944875 ], [ -58.358093025223042, -34.579347039439817 ], [ -58.358093025222153, -34.579347039441146 ], [ -58.358068160117803, -34.579385452062965 ], [ -58.358068160113362, -34.579385452070689 ], [ -58.358045895964459, -34.579429422412332 ], [ -58.358045895962903, -34.579429422415558 ], [ -58.358035117939544, -34.57945324589555 ], [ -58.358028304952114, -34.579468261365122 ], [ -58.358028277631213, -34.579468320835431 ], [ -58.358028277631064, -34.57946832083578 ], [ -58.358022248231578, -34.579481610752211 ], [ -58.358022248229176, -34.579481610758123 ], [ -58.358013396103992, -34.579506167854269 ], [ -58.358013396101967, -34.579506167860764 ], [ -58.358003578897417, -34.579543272860526 ], [ -58.358003578897261, -34.57954327286113 ], [ -58.358003570135587, -34.579543307106761 ], [ -58.357994464343378, -34.579575421528332 ], [ -58.357994464341445, -34.579575421537065 ], [ -58.357994458849049, -34.579575455786483 ], [ -58.357994458849021, -34.579575455786667 ], [ -58.357989562295145, -34.579606484916859 ], [ -58.357983665227451, -34.579634086862519 ], [ -58.357977641626363, -34.57965140614629 ], [ -58.357977641623712, -34.579651406155797 ], [ -58.35703213185738, -34.584157332813312 ], [ -58.357032124184585, -34.584157367060243 ], [ -58.357032124184428, -34.584157367060953 ], [ -58.35685513132789, -34.58498361599726 ], [ -58.356066216113554, -34.58866626226051 ], [ -58.355685105876042, -34.590448763895679 ], [ -58.355433218743094, -34.591626820663052 ], [ -58.35543321874222, -34.591626820667898 ], [ -58.355428024888333, -34.591662251918272 ], [ -58.355415583049485, -34.591712465508763 ], [ -58.355415583049435, -34.591712465508969 ], [ -58.355404349068436, -34.591758344323175 ], [ -58.355397119471021, -34.591785037180422 ], [ -58.355387875701894, -34.591815826126428 ], [ -58.355387875701652, -34.591815826127259 ], [ -58.355382691279097, -34.591833822962229 ], [ -58.355379791949289, -34.591843882983554 ], [ -58.355372355821288, -34.591867594650822 ], [ -58.355364329616314, -34.59189244429389 ], [ -58.355364329615853, -34.59189244429534 ], [ -58.35535299071207, -34.591930074084921 ], [ -58.355341886205096, -34.591956705817537 ], [ -58.355341886203149, -34.591956705822696 ], [ -58.355341875261466, -34.591956738263299 ], [ -58.355331879493221, -34.591984047943519 ], [ -58.355318239780246, -34.592012245005584 ], [ -58.355318239778668, -34.592012245009045 ], [ -58.355308323409737, -34.592035462301226 ], [ -58.355308323409503, -34.592035462301773 ], [ -58.355299558841949, -34.592056405420031 ], [ -58.355289641965108, -34.59207916568613 ], [ -58.35527921626052, -34.592100081185492 ], [ -58.355267198116884, -34.592118421713408 ], [ -58.355267176273649, -34.592118455046723 ], [ -58.355267176268498, -34.59211845505574 ], [ -58.355256451794858, -34.592140285239203 ], [ -58.355256451794311, -34.592140285240333 ], [ -58.355245704331452, -34.592163031243544 ], [ -58.35522763783792, -34.59219139203757 ], [ -58.355227622549855, -34.592191414557909 ], [ -58.355207336275718, -34.592220171816834 ], [ -58.355207336273772, -34.592220171819704 ], [ -58.355188979815161, -34.592248529649495 ], [ -58.355174427275166, -34.592267781064884 ], [ -58.3551638816039, -34.592281133513644 ], [ -58.355163881600269, -34.592281133518568 ], [ -58.355163857575214, -34.592281168651894 ], [ -58.355145596550543, -34.592306514906824 ], [ -58.355145596550052, -34.592306514907534 ], [ -58.35512672221089, -34.592333257820329 ], [ -58.355108779989145, -34.59235566480767 ], [ -58.355090053762247, -34.592375765258133 ], [ -58.355069643987733, -34.59239630050385 ], [ -58.355069643981402, -34.592396300510899 ], [ -58.355042874131918, -34.592429338255791 ], [ -58.355019317544105, -34.592454863682242 ], [ -58.355019317539337, -34.592454863687848 ], [ -58.355016490835105, -34.59245846416745 ], [ -58.355002783130644, -34.592475917069521 ], [ -58.354988164988256, -34.59249022229465 ], [ -58.354979272297761, -34.592498924852023 ], [ -58.354979272292617, -34.592498924857459 ], [ -58.354955404819329, -34.592526278081948 ], [ -58.354955369892593, -34.592526315007667 ], [ -58.354934418768622, -34.592548178446897 ], [ -58.354934390393126, -34.592548206364846 ], [ -58.354934390392451, -34.592548206365507 ], [ -58.354912602130966, -34.59257006815691 ], [ -58.354882858287795, -34.592599163102932 ], [ -58.354850977851967, -34.592625018232106 ], [ -58.354850977850127, -34.59262501823364 ], [ -58.354839872528586, -34.592634466995371 ], [ -58.354830082124856, -34.592642797354756 ], [ -58.354807271977485, -34.592659171254915 ], [ -58.354807271971289, -34.592659171259726 ], [ -58.354796819345339, -34.592667944530497 ], [ -58.354796819337018, -34.592667944538341 ], [ -58.354795175512599, -34.592669688231659 ], [ -58.35479513730948, -34.592669728761713 ], [ -58.354795099106376, -34.592669769291767 ], [ -58.354790860743265, -34.592674267229548 ], [ -58.35479086072997, -34.592674267247737 ], [ -58.354786252130914, -34.592682673426168 ], [ -58.354786252124178, -34.592682673442418 ], [ -58.354783547633303, -34.592692026906597 ], [ -58.35478354763034, -34.592692026929448 ], [ -58.35478362125405, -34.592694924168363 ], [ -58.35478369902571, -34.592697984568524 ], [ -58.354783699027465, -34.592697984582877 ], [ -58.354783699031969, -34.592697984596811 ], [ -58.35478607678143, -34.592703519645404 ], [ -58.354786076788365, -34.592703519658251 ], [ -58.354786076797623, -34.592703519670053 ], [ -58.354793401212731, -34.592711423549517 ], [ -58.354793401227042, -34.592711423562221 ], [ -58.354793401244038, -34.592711423572403 ], [ -58.354794130001935, -34.592711777578209 ], [ -58.354802175755353, -34.592715682484801 ], [ -58.354802175772413, -34.592715682491509 ], [ -58.354802175790631, -34.592715682495694 ], [ -58.354805591207665, -34.592716206554741 ], [ -58.354813788642559, -34.592717465918959 ], [ -58.354813788660906, -34.592717465920479 ], [ -58.354813788679287, -34.592717465919392 ], [ -58.354822544038434, -34.59271633430393 ], [ -58.354829640119483, -34.592715417554444 ], [ -58.354829640119483, -34.592715417554444 ], [ -58.354829640135414, -34.592715417551354 ], [ -58.354829640150591, -34.592715417546344 ], [ -58.35485089785152, -34.592706811624666 ], [ -58.354850897875679, -34.592706811611336 ], [ -58.354853837152618, -34.592704668836724 ], [ -58.354867517770757, -34.592694695030872 ], [ -58.354877148825587, -34.592688205231049 ], [ -58.354885799101631, -34.592682376202497 ], [ -58.354885799113589, -34.592682376193103 ], [ -58.354905034481938, -34.592664802014937 ], [ -58.354930380122951, -34.5926466365175 ], [ -58.354930380134782, -34.592646636507567 ], [ -58.354961520957893, -34.592616184342354 ], [ -58.354961520958874, -34.592616184341374 ], [ -58.35498957851641, -34.59258794603064 ], [ -58.354996945710944, -34.592580530252242 ], [ -58.354996945711846, -34.592580530251325 ], [ -58.355015938462856, -34.592560892478708 ], [ -58.355015938464746, -34.592560892476719 ], [ -58.355030987831888, -34.592544398971647 ], [ -58.355030987834432, -34.592544398968727 ], [ -58.355044081659827, -34.592528790727208 ], [ -58.355044081661575, -34.59252879072509 ], [ -58.355054736587057, -34.592515282437283 ], [ -58.355054736587263, -34.59251528243702 ], [ -58.355054804279931, -34.592515195960573 ], [ -58.355058899639808, -34.592510001991151 ], [ -58.355083019257933, -34.592484027247039 ], [ -58.355083019266928, -34.59248402723567 ], [ -58.355096777954117, -34.592463391444234 ], [ -58.35510427039123, -34.592454359522378 ], [ -58.35510427039133, -34.59245435952225 ], [ -58.355104415590141, -34.59245418387362 ], [ -58.355113855644369, -34.592442805469069 ], [ -58.355130601184108, -34.592424505202167 ], [ -58.355130601188065, -34.592424505197549 ], [ -58.355144535513674, -34.592407105660961 ], [ -58.355144535513901, -34.592407105660669 ], [ -58.355144556255915, -34.592407079540294 ], [ -58.35515818868793, -34.592392167664478 ], [ -58.355158188690055, -34.592392167662069 ], [ -58.355158209431735, -34.592392143342032 ], [ -58.355158209432602, -34.592392143341002 ], [ -58.355172985813638, -34.592374295638592 ], [ -58.355172985818243, -34.592374295632531 ], [ -58.355187295998533, -34.59235366753078 ], [ -58.355209457030156, -34.592328347262843 ], [ -58.355235039105949, -34.592299186348647 ], [ -58.355235039111811, -34.592299186341215 ], [ -58.355256195630936, -34.592269270617876 ], [ -58.355256195635718, -34.592269270610309 ], [ -58.355274928100968, -34.59223588135935 ], [ -58.355285905944761, -34.592218731589426 ], [ -58.355286675955355, -34.592217528871217 ], [ -58.35528667595775, -34.592217528867252 ], [ -58.355286691252552, -34.592217501838533 ], [ -58.355302810131533, -34.59218980095168 ], [ -58.355302810134177, -34.592189800946763 ], [ -58.355307642761964, -34.592180044614594 ], [ -58.355318464262965, -34.592158194682057 ], [ -58.355329161921681, -34.592137702182072 ], [ -58.35533637928846, -34.592123875329925 ], [ -58.355355710286723, -34.592088657606439 ], [ -58.355355710287874, -34.592088657604279 ], [ -58.355370467034632, -34.592059789061089 ], [ -58.355370467037737, -34.592059789054275 ], [ -58.355382479592841, -34.59202973181003 ], [ -58.355399444267114, -34.591988524733878 ], [ -58.355399444267711, -34.591988524732407 ], [ -58.355419978456773, -34.591935686141902 ], [ -58.35543662165631, -34.591896077900927 ], [ -58.355436621657724, -34.591896077897324 ], [ -58.355436631502656, -34.59189605086334 ], [ -58.35543663150375, -34.591896050860107 ], [ -58.355445546063912, -34.591867807239893 ], [ -58.355454495827175, -34.591844370037997 ], [ -58.355458749234131, -34.591833230404312 ], [ -58.355458749234899, -34.591833230402237 ], [ -58.355458765645437, -34.591833183542747 ], [ -58.355458765647192, -34.591833183536998 ], [ -58.355471428754576, -34.591785496823995 ], [ -58.355471428755543, -34.591785496819917 ], [ -58.355474859626455, -34.591768970455611 ], [ -58.355474913371786, -34.591768710893213 ], [ -58.355474957245399, -34.59176849909754 ], [ -58.355480390908234, -34.591742331981386 ], [ -58.35549277574993, -34.591694868577179 ], [ -58.355499000245793, -34.591676679754094 ], [ -58.355505489516915, -34.591657718642104 ], [ -58.355505489520297, -34.591657718628014 ], [ -58.355508167075065, -34.59163874964171 ], [ -58.355511040434649, -34.591618397146334 ], [ -58.356140573817321, -34.588666751275049 ], [ -58.356155828798656, -34.588595493612637 ], [ -58.356158488989259, -34.588583066218106 ], [ -58.356878510067681, -34.585219647281356 ], [ -58.356901468475861, -34.585112396927315 ], [ -58.357106001700529, -34.584156913978717 ], [ -58.357106001700593, -34.584156913978426 ], [ -58.357706150439824, -34.581299017649933 ], [ -58.357753965035748, -34.581071314053155 ], [ -58.358052000998853, -34.579651991354694 ], [ -58.358052007571693, -34.579651964318785 ], [ -58.358052007572333, -34.579651964315907 ], [ -58.35806552393344, -34.579585264214018 ], [ -58.358067626097785, -34.579574996993443 ], [ -58.358070149348933, -34.579562675788274 ], [ -58.358070149349722, -34.579562675783741 ], [ -58.35807177675386, -34.579551217371268 ], [ -58.358073036892037, -34.579542343937909 ], [ -58.358086658436058, -34.579508037539476 ], [ -58.358086658436697, -34.579508037537828 ], [ -58.35809517935926, -34.579485107223185 ], [ -58.358095190292062, -34.579485078392125 ], [ -58.358106720653907, -34.579463560503648 ], [ -58.35811825101343, -34.579442041707892 ], [ -58.358118251015952, -34.579442041702755 ], [ -58.358127834675606, -34.579420712338276 ], [ -58.358136630822095, -34.579408547081599 ], [ -58.358138601411532, -34.579405822870328 ], [ -58.358138601413032, -34.579405822868168 ], [ -58.35813861669898, -34.579405800345917 ], [ -58.358150851857253, -34.5793879897153 ], [ -58.358150851860515, -34.579387989710185 ], [ -58.358150869335361, -34.579387959978199 ], [ -58.358162316384728, -34.579368536022386 ], [ -58.358174498028276, -34.579352535408511 ], [ -58.358174498030614, -34.579352535405278 ], [ -58.358185288503769, -34.579336958163672 ], [ -58.358197971317118, -34.57932280499891 ], [ -58.358197971320536, -34.57932280499486 ], [ -58.358210718565012, -34.579306815677228 ], [ -58.358222592513386, -34.579291953293449 ], [ -58.358234615243418, -34.579280103598485 ], [ -58.358234643614246, -34.579280075678788 ], [ -58.358234643618324, -34.579280075674525 ], [ -58.35824876371278, -34.579264343547138 ], [ -58.35826298476205, -34.579254121914566 ], [ -58.35826298476205, -34.579254121914566 ], [ -58.358262984776374, -34.579254121902096 ], [ -58.358275045676066, -34.579241379821205 ], [ -58.358275045676407, -34.579241379820857 ], [ -58.358275127523875, -34.579241292453219 ], [ -58.358276754631135, -34.579239573934586 ], [ -58.35827675463139, -34.579239573934323 ], [ -58.358276796097201, -34.579239529803871 ], [ -58.358293373043203, -34.579225229446386 ], [ -58.358310094095913, -34.579215063141319 ], [ -58.358310094099629, -34.57921506313896 ], [ -58.35832058599923, -34.579208089725356 ], [ -58.358329106914162, -34.579202425290418 ], [ -58.358344101304944, -34.579194276685456 ], [ -58.35834410130834, -34.579194276683523 ], [ -58.358349434555642, -34.579191133493353 ], [ -58.358356838930121, -34.579186769753946 ], [ -58.358377967126543, -34.579176713594535 ], [ -58.358377997659844, -34.579176699198079 ], [ -58.358377997671916, -34.579176699191457 ], [ -58.358392749371887, -34.579167402858324 ], [ -58.358413353671416, -34.579157089336533 ], [ -58.358413353682508, -34.579157089330174 ], [ -58.358428969653147, -34.579146895914796 ], [ -58.358436734869237, -34.579142442337144 ], [ -58.358436841749921, -34.579142381132066 ], [ -58.358443965683023, -34.579138294783249 ], [ -58.35845308298596, -34.579133290692866 ], [ -58.35846603152045, -34.579126182360298 ], [ -58.358466031526078, -34.579126182357001 ], [ -58.358481900035727, -34.579116221718181 ], [ -58.358515331970807, -34.579096113491566 ], [ -58.35852617276452, -34.579089865105907 ], [ -58.358536004731263, -34.579084198173419 ], [ -58.358536004736948, -34.579084198169902 ], [ -58.358563537134451, -34.579066016622072 ], [ -58.358597952392564, -34.57904824751477 ], [ -58.358597998194703, -34.57904822411713 ], [ -58.358597998201141, -34.579048224113563 ], [ -58.358623207451025, -34.579033200052642 ], [ -58.358643825047764, -34.579022663850246 ], [ -58.358643825052347, -34.579022663847773 ], [ -58.358667031113249, -34.579009429189753 ], [ -58.358667031118486, -34.579009429186563 ], [ -58.358680823230266, -34.579000514197055 ], [ -58.358681151535095, -34.5790003026436 ], [ -58.358681151535237, -34.579000302643514 ], [ -58.358693424271422, -34.578992368907279 ], [ -58.358714870900904, -34.578982078592361 ], [ -58.358714870904123, -34.578982078590755 ], [ -58.358721164419258, -34.57897881361324 ], [ -58.358741142043399, -34.578968451720726 ], [ -58.358741142047307, -34.578968451718595 ], [ -58.36521825878183, -34.575278802888718 ], [ -58.365218258782043, -34.575278802888604 ], [ -58.365976692716856, -34.574844512630655 ], [ -58.366755802193943, -34.574398373016137 ], [ -58.366893526142711, -34.57431950795398 ], [ -58.367262579679746, -34.574108173838319 ], [ -58.367306396575749, -34.574084004119605 ], [ -58.36730639657825, -34.574084004118163 ], [ -58.367455769201932, -34.57399651011567 ], [ -58.367455812815784, -34.573996487615645 ], [ -58.367455812819252, -34.573996487613769 ], [ -58.367523877725603, -34.573958322384996 ], [ -58.367523877726398, -34.573958322384549 ], [ -58.367523906078702, -34.57395830618124 ], [ -58.367556249544577, -34.573940019089605 ], [ -58.367647757968953, -34.573893758446381 ], [ -58.367690122028833, -34.573876207524116 ], [ -58.367737200882274, -34.573858236607173 ], [ -58.367834963022283, -34.573824598876726 ], [ -58.367890638956688, -34.573807598248003 ], [ -58.36790944763986, -34.573802458595267 ], [ -58.367927375516963, -34.573797559833103 ], [ -58.367927375518477, -34.57379755983267 ], [ -58.367956638764454, -34.573789165178461 ], [ -58.367981102193141, -34.573782146853496 ], [ -58.368030885817397, -34.573771739095285 ], [ -58.368030885818683, -34.573771739095022 ], [ -58.368109570215196, -34.573754450737347 ], [ -58.368109602913322, -34.573754443552104 ], [ -58.368239159554719, -34.573732462287872 ], [ -58.368288863855149, -34.573727546750192 ], [ -58.368288863860016, -34.573727546749616 ], [ -58.368288896557573, -34.573727542268003 ], [ -58.368337526825627, -34.573721245791432 ], [ -58.36838803539905, -34.573717255701887 ], [ -58.368388035399164, -34.573717255701879 ], [ -58.368388080081793, -34.573717252131054 ], [ -58.368568311730698, -34.57370774688232 ], [ -58.368600226832612, -34.573707509332117 ], [ -58.368638263088314, -34.573707314380655 ], [ -58.368675410313891, -34.573710774911142 ], [ -58.368675410317337, -34.573710774911412 ], [ -58.368713686484746, -34.573713324964068 ], [ -58.368752492174792, -34.573718855528568 ], [ -58.368771212258601, -34.573721645517708 ], [ -58.368794339697935, -34.573725092450218 ], [ -58.368794339702674, -34.573725092450836 ], [ -58.368831487258412, -34.573729238919299 ], [ -58.368868895439263, -34.573736128616872 ], [ -58.368868895445537, -34.573736128617874 ], [ -58.368912127491093, -34.573741916758237 ], [ -58.368953650407406, -34.573749974253964 ], [ -58.368953687448766, -34.573749981493528 ], [ -58.369011796808934, -34.573763642432318 ], [ -58.369011796812202, -34.573763642433036 ], [ -58.369011831672296, -34.573763649670497 ], [ -58.369059716109597, -34.573777021442268 ], [ -58.369059716118265, -34.573777021444357 ], [ -58.369105967049755, -34.573786493269481 ], [ -58.369121822936123, -34.573791495796129 ], [ -58.369149691401446, -34.573800288169224 ], [ -58.36914969140544, -34.573800288170411 ], [ -58.369195905809079, -34.573813188056846 ], [ -58.369248160169931, -34.573829549548179 ], [ -58.369248160170976, -34.573829549548499 ], [ -58.369248204834591, -34.573829563103843 ], [ -58.369284161318753, -34.573841478807573 ], [ -58.369318181631883, -34.573854065472986 ], [ -58.369344952843065, -34.573865673009728 ], [ -58.369344985519405, -34.57386568745752 ], [ -58.369344985523959, -34.573865687459417 ], [ -58.369378708672244, -34.573878959865681 ], [ -58.369422936630592, -34.573897566866265 ], [ -58.369471535493076, -34.573922147354864 ], [ -58.369471535494512, -34.573922147355567 ], [ -58.369522322382117, -34.573946958469257 ], [ -58.369522353966069, -34.573946974718623 ], [ -58.369522353967113, -34.573946974719163 ], [ -58.369563506568419, -34.573967616529764 ], [ -58.369622302894172, -34.573999592875055 ], [ -58.36966781996172, -34.574027129397493 ], [ -58.369677679488682, -34.574034552987762 ], [ -58.36968958714796, -34.574043518688072 ], [ -58.369689587156842, -34.574043518694097 ], [ -58.369705592598024, -34.574053234817413 ], [ -58.369705592613073, -34.574053234825072 ], [ -58.369716644193559, -34.574057887444845 ], [ -58.369716644215195, -34.574057887451666 ], [ -58.369716644238082, -34.574057887454558 ], [ -58.369716644261189, -34.574057887453392 ], [ -58.369720304279511, -34.574057374643786 ], [ -58.36972442534335, -34.574056796383431 ], [ -58.369724425366755, -34.574056796377867 ], [ -58.369735571433367, -34.574052984679213 ], [ -58.369735571450654, -34.574052984671738 ], [ -58.369745336135956, -34.574047793637881 ], [ -58.369750753175261, -34.574046018378141 ], [ -58.369752851750576, -34.574045330395677 ], [ -58.369752851767522, -34.574045330388657 ], [ -58.369752851782756, -34.574045330379313 ], [ -58.369752851795781, -34.574045330367916 ], [ -58.36975285180624, -34.574045330354835 ], [ -58.3697579257244, -34.574037586487712 ], [ -58.369757925733737, -34.574037586468421 ], [ -58.369757925737503, -34.574037586447865 ], [ -58.369758297533622, -34.574028664419266 ], [ -58.369758297533529, -34.574028664411408 ], [ -58.369757815590781, -34.574021117304447 ], [ -58.369757815588137, -34.574021117288865 ], [ -58.369757815582247, -34.574021117273908 ], [ -58.369757815573301, -34.574021117260024 ], [ -58.369757782926719, -34.574021075769423 ], [ -58.369757782926463, -34.574021075769103 ], [ -58.369747400091796, -34.574008001643399 ], [ -58.369747400081657, -34.574008001632535 ], [ -58.369730922290969, -34.573992881104232 ], [ -58.369730070967748, -34.573992099816799 ], [ -58.369730070959584, -34.573992099810077 ], [ -58.369708302426055, -34.573975941287316 ], [ -58.369708302423234, -34.573975941285291 ], [ -58.369676603892643, -34.57395398888972 ], [ -58.369676603881892, -34.573953988883162 ], [ -58.369635474592513, -34.573931974256013 ], [ -58.369635474591682, -34.573931974255565 ], [ -58.369597918259103, -34.573912268204829 ], [ -58.369597918254179, -34.573912268202392 ], [ -58.369559519676308, -34.573894392289859 ], [ -58.369542878376578, -34.573886157603567 ], [ -58.36952388775827, -34.573876760072935 ], [ -58.36952388775395, -34.57387676007091 ], [ -58.369495157341348, -34.57386397921362 ], [ -58.369458143313722, -34.573845656324892 ], [ -58.369458143309039, -34.573845656322703 ], [ -58.369418626192221, -34.573828223908137 ], [ -58.369418626187567, -34.573828223906212 ], [ -58.369371630023345, -34.573809826607508 ], [ -58.369336262594089, -34.573794487766953 ], [ -58.369336262586316, -34.573794487763898 ], [ -58.36928679275541, -34.573777000770477 ], [ -58.36928679275362, -34.573777000769851 ], [ -58.369286752447735, -34.573776987217471 ], [ -58.369240562935808, -34.57376134164064 ], [ -58.369240562933754, -34.573761341639965 ], [ -58.369168072789002, -34.573738198437987 ], [ -58.369168072784205, -34.573738198436558 ], [ -58.369078662507569, -34.573713558384767 ], [ -58.36907866250025, -34.573713558382977 ], [ -58.36900198765322, -34.573697255477725 ], [ -58.36900198765187, -34.573697255477441 ], [ -58.36900195169784, -34.573697248238254 ], [ -58.369001951691708, -34.573697248237174 ], [ -58.368876960815996, -34.573678309107393 ], [ -58.368822113915883, -34.57366786872003 ], [ -58.368822113909168, -34.573667868718935 ], [ -58.368794586367386, -34.573664113703053 ], [ -58.368765570441816, -34.573660154707426 ], [ -58.368765570438356, -34.573660154707007 ], [ -58.368682956971384, -34.573651123312082 ], [ -58.368682956960036, -34.573651123311343 ], [ -58.368608581394483, -34.573649461999935 ], [ -58.368608581390738, -34.573649461999906 ], [ -58.368545100049126, -34.573649849027483 ], [ -58.368520354619513, -34.573649999283752 ], [ -58.368520316478268, -34.57364999925413 ], [ -58.368520316474005, -34.573649999254194 ], [ -58.368508883355844, -34.573650359960709 ], [ -58.368448969283051, -34.573652248779851 ] ] ] ] } }
]
}